ISO-10303-21;
HEADER;
FILE_DESCRIPTION(('KiCad electronic assembly'),'2;1');
FILE_NAME('B-ANALOG_TO_PWM-BRK_R1.0_Step.step','2025-12-16T08:11:57',(
    'Pcbnew'),('Kicad'),'Open CASCADE STEP processor 7.8',
  'KiCad to STEP converter','Unknown');
FILE_SCHEMA(('AUTOMOTIVE_DESIGN { 1 0 10303 214 1 1 1 1 }'));
ENDSEC;
DATA;
#1 = APPLICATION_PROTOCOL_DEFINITION('international standard',
  'automotive_design',2000,#2);
#2 = APPLICATION_CONTEXT(
  'core data for automotive mechanical design processes');
#3 = SHAPE_DEFINITION_REPRESENTATION(#4,#10);
#4 = PRODUCT_DEFINITION_SHAPE('','',#5);
#5 = PRODUCT_DEFINITION('design','',#6,#9);
#6 = PRODUCT_DEFINITION_FORMATION('','',#7);
#7 = PRODUCT('B-ANALOG_TO_PWM-BRK_R1.0_Step 1',
  'B-ANALOG_TO_PWM-BRK_R1.0_Step 1','',(#8));
#8 = PRODUCT_CONTEXT('',#2,'mechanical');
#9 = PRODUCT_DEFINITION_CONTEXT('part definition',#2,'design');
#10 = SHAPE_REPRESENTATION('',(#11,#15,#19,#23,#27,#31,#35,#39,#43,#47,
    #51,#55,#59,#63,#67,#71,#75,#79,#83,#87,#91,#95,#99,#103,#107,#111),
  #115);
#11 = AXIS2_PLACEMENT_3D('',#12,#13,#14);
#12 = CARTESIAN_POINT('',(0.,0.,0.));
#13 = DIRECTION('',(0.,0.,1.));
#14 = DIRECTION('',(1.,0.,-0.));
#15 = AXIS2_PLACEMENT_3D('',#16,#17,#18);
#16 = CARTESIAN_POINT('',(-15.08,1.6,1.595));
#17 = DIRECTION('',(0.,-0.,1.));
#18 = DIRECTION('',(1.110223024625E-16,1.,0.));
#19 = AXIS2_PLACEMENT_3D('',#20,#21,#22);
#20 = CARTESIAN_POINT('',(-15.08,-6.81,1.595));
#21 = DIRECTION('',(0.,-0.,1.));
#22 = DIRECTION('',(1.110223024625E-16,1.,0.));
#23 = AXIS2_PLACEMENT_3D('',#24,#25,#26);
#24 = CARTESIAN_POINT('',(0.,0.,1.595));
#25 = DIRECTION('',(-0.,0.,1.));
#26 = DIRECTION('',(1.110223024625E-16,-1.,0.));
#27 = AXIS2_PLACEMENT_3D('',#28,#29,#30);
#28 = CARTESIAN_POINT('',(9.505,4.08,1.595));
#29 = DIRECTION('',(-0.,0.,1.));
#30 = DIRECTION('',(1.110223024625E-16,-1.,0.));
#31 = AXIS2_PLACEMENT_3D('',#32,#33,#34);
#32 = CARTESIAN_POINT('',(-8.25,6.295,1.595));
#33 = DIRECTION('',(0.,-0.,1.));
#34 = DIRECTION('',(1.110223024625E-16,1.,0.));
#35 = AXIS2_PLACEMENT_3D('',#36,#37,#38);
#36 = CARTESIAN_POINT('',(-8.2825,-3.745,1.595));
#37 = DIRECTION('',(0.,0.,1.));
#38 = DIRECTION('',(1.,0.,0.));
#39 = AXIS2_PLACEMENT_3D('',#40,#41,#42);
#40 = CARTESIAN_POINT('',(5.4475,-7.95,1.595));
#41 = DIRECTION('',(0.,0.,1.));
#42 = DIRECTION('',(-1.,1.224646799147E-16,0.));
#43 = AXIS2_PLACEMENT_3D('',#44,#45,#46);
#44 = CARTESIAN_POINT('',(-3.5625,6.295,1.595));
#45 = DIRECTION('',(-0.,0.,1.));
#46 = DIRECTION('',(1.110223024625E-16,-1.,0.));
#47 = AXIS2_PLACEMENT_3D('',#48,#49,#50);
#48 = CARTESIAN_POINT('',(1.555,-4.07,1.595));
#49 = DIRECTION('',(0.,-0.,1.));
#50 = DIRECTION('',(1.110223024625E-16,1.,0.));
#51 = AXIS2_PLACEMENT_3D('',#52,#53,#54);
#52 = CARTESIAN_POINT('',(16.77,1.26,1.595));
#53 = DIRECTION('',(-0.,0.,1.));
#54 = DIRECTION('',(1.110223024625E-16,-1.,0.));
#55 = AXIS2_PLACEMENT_3D('',#56,#57,#58);
#56 = CARTESIAN_POINT('',(-4.1975,0.,1.595));
#57 = DIRECTION('',(-0.,0.,1.));
#58 = DIRECTION('',(1.110223024625E-16,-1.,0.));
#59 = AXIS2_PLACEMENT_3D('',#60,#61,#62);
#60 = CARTESIAN_POINT('',(8.7575,-7.95,1.595));
#61 = DIRECTION('',(0.,0.,1.));
#62 = DIRECTION('',(-1.,1.224646799147E-16,0.));
#63 = AXIS2_PLACEMENT_3D('',#64,#65,#66);
#64 = CARTESIAN_POINT('',(-9.24,-1.04,1.595));
#65 = DIRECTION('',(0.,0.,1.));
#66 = DIRECTION('',(-1.,1.224646799147E-16,0.));
#67 = AXIS2_PLACEMENT_3D('',#68,#69,#70);
#68 = CARTESIAN_POINT('',(-8.2825,-5.23,1.595));
#69 = DIRECTION('',(0.,0.,1.));
#70 = DIRECTION('',(1.,0.,0.));
#71 = AXIS2_PLACEMENT_3D('',#72,#73,#74);
#72 = CARTESIAN_POINT('',(5.53,-4.23,1.595));
#73 = DIRECTION('',(0.,0.,1.));
#74 = DIRECTION('',(1.,0.,0.));
#75 = AXIS2_PLACEMENT_3D('',#76,#77,#78);
#76 = CARTESIAN_POINT('',(-10.24,-7.53,1.595));
#77 = DIRECTION('',(-0.,0.,1.));
#78 = DIRECTION('',(1.110223024625E-16,-1.,0.));
#79 = AXIS2_PLACEMENT_3D('',#80,#81,#82);
#80 = CARTESIAN_POINT('',(-2.,6.295,1.595));
#81 = DIRECTION('',(-0.,0.,1.));
#82 = DIRECTION('',(1.110223024625E-16,-1.,0.));
#83 = AXIS2_PLACEMENT_3D('',#84,#85,#86);
#84 = CARTESIAN_POINT('',(5.53,1.E-02,1.595));
#85 = DIRECTION('',(0.,0.,1.));
#86 = DIRECTION('',(1.,0.,0.));
#87 = AXIS2_PLACEMENT_3D('',#88,#89,#90);
#88 = CARTESIAN_POINT('',(-5.87,7.12,1.595));
#89 = DIRECTION('',(0.,0.,1.));
#90 = DIRECTION('',(-1.,1.224646799147E-16,0.));
#91 = AXIS2_PLACEMENT_3D('',#92,#93,#94);
#92 = CARTESIAN_POINT('',(5.53,-6.,1.595));
#93 = DIRECTION('',(0.,0.,1.));
#94 = DIRECTION('',(-1.,1.224646799147E-16,0.));
#95 = AXIS2_PLACEMENT_3D('',#96,#97,#98);
#96 = CARTESIAN_POINT('',(-0.91,-4.49,1.595));
#97 = DIRECTION('',(0.,-0.,1.));
#98 = DIRECTION('',(1.110223024625E-16,1.,0.));
#99 = AXIS2_PLACEMENT_3D('',#100,#101,#102);
#100 = CARTESIAN_POINT('',(-5.87,5.54,1.595));
#101 = DIRECTION('',(0.,0.,1.));
#102 = DIRECTION('',(1.,0.,0.));
#103 = AXIS2_PLACEMENT_3D('',#104,#105,#106);
#104 = CARTESIAN_POINT('',(-4.3375,-5.52,1.595));
#105 = DIRECTION('',(0.,0.,1.));
#106 = DIRECTION('',(1.,0.,0.));
#107 = AXIS2_PLACEMENT_3D('',#108,#109,#110);
#108 = CARTESIAN_POINT('',(5.53,4.24,1.595));
#109 = DIRECTION('',(0.,0.,1.));
#110 = DIRECTION('',(1.,0.,0.));
#111 = AXIS2_PLACEMENT_3D('',#112,#113,#114);
#112 = CARTESIAN_POINT('',(0.,0.,0.));
#113 = DIRECTION('',(0.,0.,1.));
#114 = DIRECTION('',(1.,0.,-0.));
#115 = ( GEOMETRIC_REPRESENTATION_CONTEXT(3) 
GLOBAL_UNCERTAINTY_ASSIGNED_CONTEXT((#119)) GLOBAL_UNIT_ASSIGNED_CONTEXT
((#116,#117,#118)) REPRESENTATION_CONTEXT('Context #1',
  '3D Context with UNIT and UNCERTAINTY') );
#116 = ( LENGTH_UNIT() NAMED_UNIT(*) SI_UNIT(.MILLI.,.METRE.) );
#117 = ( NAMED_UNIT(*) PLANE_ANGLE_UNIT() SI_UNIT($,.RADIAN.) );
#118 = ( NAMED_UNIT(*) SI_UNIT($,.STERADIAN.) SOLID_ANGLE_UNIT() );
#119 = UNCERTAINTY_MEASURE_WITH_UNIT(LENGTH_MEASURE(1.E-07),#116,
  'distance_accuracy_value','confusion accuracy');
#120 = PRODUCT_RELATED_PRODUCT_CATEGORY('part',$,(#7));
#121 = SHAPE_DEFINITION_REPRESENTATION(#122,#128);
#122 = PRODUCT_DEFINITION_SHAPE('','',#123);
#123 = PRODUCT_DEFINITION('design','',#124,#127);
#124 = PRODUCT_DEFINITION_FORMATION('','',#125);
#125 = PRODUCT('JST_XH_B3B-XH-A_1x03_P2.50mm_Vertical',
  'JST_XH_B3B-XH-A_1x03_P2.50mm_Vertical','',(#126));
#126 = PRODUCT_CONTEXT('',#2,'mechanical');
#127 = PRODUCT_DEFINITION_CONTEXT('part definition',#2,'design');
#128 = ADVANCED_BREP_SHAPE_REPRESENTATION('',(#11,#129),#3650);
#129 = MANIFOLD_SOLID_BREP('',#130);
#130 = CLOSED_SHELL('',(#131,#203,#242,#266,#331,#355,#475,#499,#564,
    #589,#638,#655,#679,#696,#866,#890,#1124,#1148,#1181,#1205,#1236,
    #1253,#1286,#1310,#1341,#1358,#1391,#1415,#1446,#1458,#1491,#1508,
    #1525,#1537,#1651,#1668,#1685,#1702,#1719,#1736,#1753,#1770,#1787,
    #1804,#1821,#1838,#1855,#1872,#1889,#1901,#1918,#1935,#1952,#1998,
    #2044,#2090,#2121,#2145,#2169,#2186,#2217,#2241,#2265,#2282,#2313,
    #2337,#2361,#2378,#2441,#2465,#2521,#2538,#2569,#2593,#2617,#2634,
    #2697,#2721,#2777,#2794,#2825,#2849,#2873,#2890,#2921,#2945,#2969,
    #2986,#3017,#3041,#3065,#3082,#3129,#3160,#3172,#3189,#3215,#3248,
    #3279,#3303,#3327,#3344,#3391,#3422,#3434,#3451,#3477,#3510,#3522,
    #3534,#3546,#3563,#3580,#3592,#3604,#3621,#3638));
#131 = ADVANCED_FACE('',(#132),#198,.T.);
#132 = FACE_BOUND('',#133,.T.);
#133 = EDGE_LOOP('',(#134,#144,#152,#160,#168,#176,#184,#192));
#134 = ORIENTED_EDGE('',*,*,#135,.T.);
#135 = EDGE_CURVE('',#136,#138,#140,.T.);
#136 = VERTEX_POINT('',#137);
#137 = CARTESIAN_POINT('',(-1.8,0.5,7.));
#138 = VERTEX_POINT('',#139);
#139 = CARTESIAN_POINT('',(-2.45,0.5,7.));
#140 = LINE('',#141,#142);
#141 = CARTESIAN_POINT('',(7.45,0.5,7.));
#142 = VECTOR('',#143,1.);
#143 = DIRECTION('',(-1.,1.224646799147E-16,0.));
#144 = ORIENTED_EDGE('',*,*,#145,.T.);
#145 = EDGE_CURVE('',#138,#146,#148,.T.);
#146 = VERTEX_POINT('',#147);
#147 = CARTESIAN_POINT('',(-2.45,-3.4,7.));
#148 = LINE('',#149,#150);
#149 = CARTESIAN_POINT('',(-2.45,2.35,7.));
#150 = VECTOR('',#151,1.);
#151 = DIRECTION('',(-1.224646799147E-16,-1.,0.));
#152 = ORIENTED_EDGE('',*,*,#153,.T.);
#153 = EDGE_CURVE('',#146,#154,#156,.T.);
#154 = VERTEX_POINT('',#155);
#155 = CARTESIAN_POINT('',(7.45,-3.4,7.));
#156 = LINE('',#157,#158);
#157 = CARTESIAN_POINT('',(-2.45,-3.4,7.));
#158 = VECTOR('',#159,1.);
#159 = DIRECTION('',(1.,-1.224646799147E-16,0.));
#160 = ORIENTED_EDGE('',*,*,#161,.T.);
#161 = EDGE_CURVE('',#154,#162,#164,.T.);
#162 = VERTEX_POINT('',#163);
#163 = CARTESIAN_POINT('',(7.45,0.5,7.));
#164 = LINE('',#165,#166);
#165 = CARTESIAN_POINT('',(7.45,-3.4,7.));
#166 = VECTOR('',#167,1.);
#167 = DIRECTION('',(1.224646799147E-16,1.,0.));
#168 = ORIENTED_EDGE('',*,*,#169,.T.);
#169 = EDGE_CURVE('',#162,#170,#172,.T.);
#170 = VERTEX_POINT('',#171);
#171 = CARTESIAN_POINT('',(6.8,0.5,7.));
#172 = LINE('',#173,#174);
#173 = CARTESIAN_POINT('',(7.45,0.5,7.));
#174 = VECTOR('',#175,1.);
#175 = DIRECTION('',(-1.,1.224646799147E-16,0.));
#176 = ORIENTED_EDGE('',*,*,#177,.F.);
#177 = EDGE_CURVE('',#178,#170,#180,.T.);
#178 = VERTEX_POINT('',#179);
#179 = CARTESIAN_POINT('',(6.8,-2.85,7.));
#180 = LINE('',#181,#182);
#181 = CARTESIAN_POINT('',(6.8,-2.65,7.));
#182 = VECTOR('',#183,1.);
#183 = DIRECTION('',(1.224646799147E-16,1.,0.));
#184 = ORIENTED_EDGE('',*,*,#185,.F.);
#185 = EDGE_CURVE('',#186,#178,#188,.T.);
#186 = VERTEX_POINT('',#187);
#187 = CARTESIAN_POINT('',(-1.8,-2.85,7.));
#188 = LINE('',#189,#190);
#189 = CARTESIAN_POINT('',(-1.6,-2.85,7.));
#190 = VECTOR('',#191,1.);
#191 = DIRECTION('',(1.,-1.224646799147E-16,0.));
#192 = ORIENTED_EDGE('',*,*,#193,.F.);
#193 = EDGE_CURVE('',#136,#186,#194,.T.);
#194 = LINE('',#195,#196);
#195 = CARTESIAN_POINT('',(-1.8,0.5,7.));
#196 = VECTOR('',#197,1.);
#197 = DIRECTION('',(-1.224646799147E-16,-1.,0.));
#198 = PLANE('',#199);
#199 = AXIS2_PLACEMENT_3D('',#200,#201,#202);
#200 = CARTESIAN_POINT('',(2.5,-0.525,7.));
#201 = DIRECTION('',(0.,0.,1.));
#202 = DIRECTION('',(-1.,1.224646799147E-16,0.));
#203 = ADVANCED_FACE('',(#204),#237,.T.);
#204 = FACE_BOUND('',#205,.T.);
#205 = EDGE_LOOP('',(#206,#216,#224,#230,#231));
#206 = ORIENTED_EDGE('',*,*,#207,.T.);
#207 = EDGE_CURVE('',#208,#210,#212,.T.);
#208 = VERTEX_POINT('',#209);
#209 = CARTESIAN_POINT('',(-1.6,0.5,6.8));
#210 = VERTEX_POINT('',#211);
#211 = CARTESIAN_POINT('',(-1.6,0.5,3.65));
#212 = LINE('',#213,#214);
#213 = CARTESIAN_POINT('',(-1.6,0.5,5.325));
#214 = VECTOR('',#215,1.);
#215 = DIRECTION('',(-0.,0.,-1.));
#216 = ORIENTED_EDGE('',*,*,#217,.T.);
#217 = EDGE_CURVE('',#210,#218,#220,.T.);
#218 = VERTEX_POINT('',#219);
#219 = CARTESIAN_POINT('',(-2.45,0.5,3.65));
#220 = LINE('',#221,#222);
#221 = CARTESIAN_POINT('',(7.45,0.5,3.65));
#222 = VECTOR('',#223,1.);
#223 = DIRECTION('',(-1.,1.224646799147E-16,0.));
#224 = ORIENTED_EDGE('',*,*,#225,.T.);
#225 = EDGE_CURVE('',#218,#138,#226,.T.);
#226 = LINE('',#227,#228);
#227 = CARTESIAN_POINT('',(-2.45,0.5,1.825));
#228 = VECTOR('',#229,1.);
#229 = DIRECTION('',(0.,0.,1.));
#230 = ORIENTED_EDGE('',*,*,#135,.F.);
#231 = ORIENTED_EDGE('',*,*,#232,.T.);
#232 = EDGE_CURVE('',#136,#208,#233,.T.);
#233 = LINE('',#234,#235);
#234 = CARTESIAN_POINT('',(1.4,0.5,3.8));
#235 = VECTOR('',#236,1.);
#236 = DIRECTION('',(0.707106781187,-8.659560562349E-17,-0.707106781187)
  );
#237 = PLANE('',#238);
#238 = AXIS2_PLACEMENT_3D('',#239,#240,#241);
#239 = CARTESIAN_POINT('',(7.45,0.5,3.65));
#240 = DIRECTION('',(1.224646799147E-16,1.,0.));
#241 = DIRECTION('',(0.,-0.,1.));
#242 = ADVANCED_FACE('',(#243),#261,.F.);
#243 = FACE_BOUND('',#244,.T.);
#244 = EDGE_LOOP('',(#245,#246,#247,#255));
#245 = ORIENTED_EDGE('',*,*,#232,.F.);
#246 = ORIENTED_EDGE('',*,*,#193,.T.);
#247 = ORIENTED_EDGE('',*,*,#248,.T.);
#248 = EDGE_CURVE('',#186,#249,#251,.T.);
#249 = VERTEX_POINT('',#250);
#250 = CARTESIAN_POINT('',(-1.6,-2.65,6.8));
#251 = LINE('',#252,#253);
#252 = CARTESIAN_POINT('',(-1.141666666667,-2.191666666667,
    6.341666666667));
#253 = VECTOR('',#254,1.);
#254 = DIRECTION('',(0.57735026919,0.57735026919,-0.57735026919));
#255 = ORIENTED_EDGE('',*,*,#256,.F.);
#256 = EDGE_CURVE('',#208,#249,#257,.T.);
#257 = LINE('',#258,#259);
#258 = CARTESIAN_POINT('',(-1.6,0.5,6.8));
#259 = VECTOR('',#260,1.);
#260 = DIRECTION('',(-1.224646799147E-16,-1.,0.));
#261 = PLANE('',#262);
#262 = AXIS2_PLACEMENT_3D('',#263,#264,#265);
#263 = CARTESIAN_POINT('',(-1.7,0.5,6.9));
#264 = DIRECTION('',(-0.707106781187,8.659560562349E-17,-0.707106781187)
  );
#265 = DIRECTION('',(1.224646799147E-16,1.,-2.105272540809E-29));
#266 = ADVANCED_FACE('',(#267),#326,.F.);
#267 = FACE_BOUND('',#268,.F.);
#268 = EDGE_LOOP('',(#269,#279,#287,#295,#303,#312,#318,#319,#320));
#269 = ORIENTED_EDGE('',*,*,#270,.F.);
#270 = EDGE_CURVE('',#271,#273,#275,.T.);
#271 = VERTEX_POINT('',#272);
#272 = CARTESIAN_POINT('',(-2.45,2.35,0.));
#273 = VERTEX_POINT('',#274);
#274 = CARTESIAN_POINT('',(-2.45,-3.4,0.));
#275 = LINE('',#276,#277);
#276 = CARTESIAN_POINT('',(-2.45,2.35,0.));
#277 = VECTOR('',#278,1.);
#278 = DIRECTION('',(-1.224646799147E-16,-1.,0.));
#279 = ORIENTED_EDGE('',*,*,#280,.T.);
#280 = EDGE_CURVE('',#271,#281,#283,.T.);
#281 = VERTEX_POINT('',#282);
#282 = CARTESIAN_POINT('',(-2.45,2.35,7.));
#283 = LINE('',#284,#285);
#284 = CARTESIAN_POINT('',(-2.45,2.35,0.));
#285 = VECTOR('',#286,1.);
#286 = DIRECTION('',(0.,0.,1.));
#287 = ORIENTED_EDGE('',*,*,#288,.T.);
#288 = EDGE_CURVE('',#281,#289,#291,.T.);
#289 = VERTEX_POINT('',#290);
#290 = CARTESIAN_POINT('',(-2.45,1.5,7.));
#291 = LINE('',#292,#293);
#292 = CARTESIAN_POINT('',(-2.45,2.35,7.));
#293 = VECTOR('',#294,1.);
#294 = DIRECTION('',(-1.224646799147E-16,-1.,0.));
#295 = ORIENTED_EDGE('',*,*,#296,.T.);
#296 = EDGE_CURVE('',#289,#297,#299,.T.);
#297 = VERTEX_POINT('',#298);
#298 = CARTESIAN_POINT('',(-2.45,1.5,4.15));
#299 = LINE('',#300,#301);
#300 = CARTESIAN_POINT('',(-2.45,1.5,3.5));
#301 = VECTOR('',#302,1.);
#302 = DIRECTION('',(-0.,0.,-1.));
#303 = ORIENTED_EDGE('',*,*,#304,.F.);
#304 = EDGE_CURVE('',#305,#297,#307,.T.);
#305 = VERTEX_POINT('',#306);
#306 = CARTESIAN_POINT('',(-2.45,1.,3.65));
#307 = CIRCLE('',#308,0.5);
#308 = AXIS2_PLACEMENT_3D('',#309,#310,#311);
#309 = CARTESIAN_POINT('',(-2.45,1.,4.15));
#310 = DIRECTION('',(1.,-1.224646799147E-16,0.));
#311 = DIRECTION('',(1.224646799147E-16,1.,0.));
#312 = ORIENTED_EDGE('',*,*,#313,.T.);
#313 = EDGE_CURVE('',#305,#218,#314,.T.);
#314 = LINE('',#315,#316);
#315 = CARTESIAN_POINT('',(-2.45,1.675,3.65));
#316 = VECTOR('',#317,1.);
#317 = DIRECTION('',(-1.224646799147E-16,-1.,0.));
#318 = ORIENTED_EDGE('',*,*,#225,.T.);
#319 = ORIENTED_EDGE('',*,*,#145,.T.);
#320 = ORIENTED_EDGE('',*,*,#321,.F.);
#321 = EDGE_CURVE('',#273,#146,#322,.T.);
#322 = LINE('',#323,#324);
#323 = CARTESIAN_POINT('',(-2.45,-3.4,0.));
#324 = VECTOR('',#325,1.);
#325 = DIRECTION('',(0.,0.,1.));
#326 = PLANE('',#327);
#327 = AXIS2_PLACEMENT_3D('',#328,#329,#330);
#328 = CARTESIAN_POINT('',(-2.45,2.35,0.));
#329 = DIRECTION('',(1.,-1.224646799147E-16,0.));
#330 = DIRECTION('',(-1.224646799147E-16,-1.,0.));
#331 = ADVANCED_FACE('',(#332),#350,.F.);
#332 = FACE_BOUND('',#333,.T.);
#333 = EDGE_LOOP('',(#334,#335,#336,#344));
#334 = ORIENTED_EDGE('',*,*,#248,.F.);
#335 = ORIENTED_EDGE('',*,*,#185,.T.);
#336 = ORIENTED_EDGE('',*,*,#337,.T.);
#337 = EDGE_CURVE('',#178,#338,#340,.T.);
#338 = VERTEX_POINT('',#339);
#339 = CARTESIAN_POINT('',(6.6,-2.65,6.8));
#340 = LINE('',#341,#342);
#341 = CARTESIAN_POINT('',(5.3,-1.35,5.5));
#342 = VECTOR('',#343,1.);
#343 = DIRECTION('',(-0.57735026919,0.57735026919,-0.57735026919));
#344 = ORIENTED_EDGE('',*,*,#345,.F.);
#345 = EDGE_CURVE('',#249,#338,#346,.T.);
#346 = LINE('',#347,#348);
#347 = CARTESIAN_POINT('',(-1.6,-2.65,6.8));
#348 = VECTOR('',#349,1.);
#349 = DIRECTION('',(1.,-1.224646799147E-16,0.));
#350 = PLANE('',#351);
#351 = AXIS2_PLACEMENT_3D('',#352,#353,#354);
#352 = CARTESIAN_POINT('',(-1.6,-2.75,6.9));
#353 = DIRECTION('',(-8.659560562349E-17,-0.707106781187,-0.707106781187
    ));
#354 = DIRECTION('',(-1.,1.224646799147E-16,-2.105272540809E-29));
#355 = ADVANCED_FACE('',(#356),#470,.F.);
#356 = FACE_BOUND('',#357,.F.);
#357 = EDGE_LOOP('',(#358,#366,#367,#368,#376,#384,#392,#400,#408,#416,
    #424,#432,#440,#448,#456,#464));
#358 = ORIENTED_EDGE('',*,*,#359,.F.);
#359 = EDGE_CURVE('',#273,#360,#362,.T.);
#360 = VERTEX_POINT('',#361);
#361 = CARTESIAN_POINT('',(-0.75,-3.4,0.));
#362 = LINE('',#363,#364);
#363 = CARTESIAN_POINT('',(-2.45,-3.4,0.));
#364 = VECTOR('',#365,1.);
#365 = DIRECTION('',(1.,-1.224646799147E-16,0.));
#366 = ORIENTED_EDGE('',*,*,#321,.T.);
#367 = ORIENTED_EDGE('',*,*,#153,.T.);
#368 = ORIENTED_EDGE('',*,*,#369,.F.);
#369 = EDGE_CURVE('',#370,#154,#372,.T.);
#370 = VERTEX_POINT('',#371);
#371 = CARTESIAN_POINT('',(7.45,-3.4,0.));
#372 = LINE('',#373,#374);
#373 = CARTESIAN_POINT('',(7.45,-3.4,0.));
#374 = VECTOR('',#375,1.);
#375 = DIRECTION('',(0.,0.,1.));
#376 = ORIENTED_EDGE('',*,*,#377,.F.);
#377 = EDGE_CURVE('',#378,#370,#380,.T.);
#378 = VERTEX_POINT('',#379);
#379 = CARTESIAN_POINT('',(5.75,-3.4,0.));
#380 = LINE('',#381,#382);
#381 = CARTESIAN_POINT('',(-2.45,-3.4,0.));
#382 = VECTOR('',#383,1.);
#383 = DIRECTION('',(1.,-1.224646799147E-16,0.));
#384 = ORIENTED_EDGE('',*,*,#385,.F.);
#385 = EDGE_CURVE('',#386,#378,#388,.T.);
#386 = VERTEX_POINT('',#387);
#387 = CARTESIAN_POINT('',(5.75,-3.4,1.));
#388 = LINE('',#389,#390);
#389 = CARTESIAN_POINT('',(5.75,-3.4,1.));
#390 = VECTOR('',#391,1.);
#391 = DIRECTION('',(-0.,0.,-1.));
#392 = ORIENTED_EDGE('',*,*,#393,.T.);
#393 = EDGE_CURVE('',#386,#394,#396,.T.);
#394 = VERTEX_POINT('',#395);
#395 = CARTESIAN_POINT('',(4.25,-3.4,1.));
#396 = LINE('',#397,#398);
#397 = CARTESIAN_POINT('',(5.75,-3.4,1.));
#398 = VECTOR('',#399,1.);
#399 = DIRECTION('',(-1.,1.224646799147E-16,0.));
#400 = ORIENTED_EDGE('',*,*,#401,.T.);
#401 = EDGE_CURVE('',#394,#402,#404,.T.);
#402 = VERTEX_POINT('',#403);
#403 = CARTESIAN_POINT('',(4.25,-3.4,0.));
#404 = LINE('',#405,#406);
#405 = CARTESIAN_POINT('',(4.25,-3.4,1.));
#406 = VECTOR('',#407,1.);
#407 = DIRECTION('',(-0.,0.,-1.));
#408 = ORIENTED_EDGE('',*,*,#409,.F.);
#409 = EDGE_CURVE('',#410,#402,#412,.T.);
#410 = VERTEX_POINT('',#411);
#411 = CARTESIAN_POINT('',(3.25,-3.4,0.));
#412 = LINE('',#413,#414);
#413 = CARTESIAN_POINT('',(-2.45,-3.4,0.));
#414 = VECTOR('',#415,1.);
#415 = DIRECTION('',(1.,-1.224646799147E-16,0.));
#416 = ORIENTED_EDGE('',*,*,#417,.F.);
#417 = EDGE_CURVE('',#418,#410,#420,.T.);
#418 = VERTEX_POINT('',#419);
#419 = CARTESIAN_POINT('',(3.25,-3.4,1.));
#420 = LINE('',#421,#422);
#421 = CARTESIAN_POINT('',(3.25,-3.4,1.));
#422 = VECTOR('',#423,1.);
#423 = DIRECTION('',(-0.,0.,-1.));
#424 = ORIENTED_EDGE('',*,*,#425,.T.);
#425 = EDGE_CURVE('',#418,#426,#428,.T.);
#426 = VERTEX_POINT('',#427);
#427 = CARTESIAN_POINT('',(1.75,-3.4,1.));
#428 = LINE('',#429,#430);
#429 = CARTESIAN_POINT('',(3.25,-3.4,1.));
#430 = VECTOR('',#431,1.);
#431 = DIRECTION('',(-1.,1.224646799147E-16,0.));
#432 = ORIENTED_EDGE('',*,*,#433,.T.);
#433 = EDGE_CURVE('',#426,#434,#436,.T.);
#434 = VERTEX_POINT('',#435);
#435 = CARTESIAN_POINT('',(1.75,-3.4,0.));
#436 = LINE('',#437,#438);
#437 = CARTESIAN_POINT('',(1.75,-3.4,1.));
#438 = VECTOR('',#439,1.);
#439 = DIRECTION('',(-0.,0.,-1.));
#440 = ORIENTED_EDGE('',*,*,#441,.F.);
#441 = EDGE_CURVE('',#442,#434,#444,.T.);
#442 = VERTEX_POINT('',#443);
#443 = CARTESIAN_POINT('',(0.75,-3.4,0.));
#444 = LINE('',#445,#446);
#445 = CARTESIAN_POINT('',(-2.45,-3.4,0.));
#446 = VECTOR('',#447,1.);
#447 = DIRECTION('',(1.,-1.224646799147E-16,0.));
#448 = ORIENTED_EDGE('',*,*,#449,.F.);
#449 = EDGE_CURVE('',#450,#442,#452,.T.);
#450 = VERTEX_POINT('',#451);
#451 = CARTESIAN_POINT('',(0.75,-3.4,1.));
#452 = LINE('',#453,#454);
#453 = CARTESIAN_POINT('',(0.75,-3.4,1.));
#454 = VECTOR('',#455,1.);
#455 = DIRECTION('',(-0.,0.,-1.));
#456 = ORIENTED_EDGE('',*,*,#457,.T.);
#457 = EDGE_CURVE('',#450,#458,#460,.T.);
#458 = VERTEX_POINT('',#459);
#459 = CARTESIAN_POINT('',(-0.75,-3.4,1.));
#460 = LINE('',#461,#462);
#461 = CARTESIAN_POINT('',(0.75,-3.4,1.));
#462 = VECTOR('',#463,1.);
#463 = DIRECTION('',(-1.,1.224646799147E-16,0.));
#464 = ORIENTED_EDGE('',*,*,#465,.T.);
#465 = EDGE_CURVE('',#458,#360,#466,.T.);
#466 = LINE('',#467,#468);
#467 = CARTESIAN_POINT('',(-0.75,-3.4,1.));
#468 = VECTOR('',#469,1.);
#469 = DIRECTION('',(-0.,0.,-1.));
#470 = PLANE('',#471);
#471 = AXIS2_PLACEMENT_3D('',#472,#473,#474);
#472 = CARTESIAN_POINT('',(-2.45,-3.4,0.));
#473 = DIRECTION('',(1.224646799147E-16,1.,0.));
#474 = DIRECTION('',(1.,-1.224646799147E-16,0.));
#475 = ADVANCED_FACE('',(#476),#494,.F.);
#476 = FACE_BOUND('',#477,.T.);
#477 = EDGE_LOOP('',(#478,#479,#480,#488));
#478 = ORIENTED_EDGE('',*,*,#337,.F.);
#479 = ORIENTED_EDGE('',*,*,#177,.T.);
#480 = ORIENTED_EDGE('',*,*,#481,.T.);
#481 = EDGE_CURVE('',#170,#482,#484,.T.);
#482 = VERTEX_POINT('',#483);
#483 = CARTESIAN_POINT('',(6.6,0.5,6.8));
#484 = LINE('',#485,#486);
#485 = CARTESIAN_POINT('',(6.075,0.5,6.275));
#486 = VECTOR('',#487,1.);
#487 = DIRECTION('',(-0.707106781187,8.659560562349E-17,-0.707106781187)
  );
#488 = ORIENTED_EDGE('',*,*,#489,.F.);
#489 = EDGE_CURVE('',#338,#482,#490,.T.);
#490 = LINE('',#491,#492);
#491 = CARTESIAN_POINT('',(6.6,-2.65,6.8));
#492 = VECTOR('',#493,1.);
#493 = DIRECTION('',(1.224646799147E-16,1.,0.));
#494 = PLANE('',#495);
#495 = AXIS2_PLACEMENT_3D('',#496,#497,#498);
#496 = CARTESIAN_POINT('',(6.7,-2.65,6.9));
#497 = DIRECTION('',(0.707106781187,-8.659560562349E-17,-0.707106781187)
  );
#498 = DIRECTION('',(-1.224646799147E-16,-1.,-2.105272540809E-29));
#499 = ADVANCED_FACE('',(#500),#559,.F.);
#500 = FACE_BOUND('',#501,.F.);
#501 = EDGE_LOOP('',(#502,#510,#511,#512,#520,#528,#537,#545,#553));
#502 = ORIENTED_EDGE('',*,*,#503,.F.);
#503 = EDGE_CURVE('',#370,#504,#506,.T.);
#504 = VERTEX_POINT('',#505);
#505 = CARTESIAN_POINT('',(7.45,2.35,0.));
#506 = LINE('',#507,#508);
#507 = CARTESIAN_POINT('',(7.45,-3.4,0.));
#508 = VECTOR('',#509,1.);
#509 = DIRECTION('',(1.224646799147E-16,1.,0.));
#510 = ORIENTED_EDGE('',*,*,#369,.T.);
#511 = ORIENTED_EDGE('',*,*,#161,.T.);
#512 = ORIENTED_EDGE('',*,*,#513,.F.);
#513 = EDGE_CURVE('',#514,#162,#516,.T.);
#514 = VERTEX_POINT('',#515);
#515 = CARTESIAN_POINT('',(7.45,0.5,3.65));
#516 = LINE('',#517,#518);
#517 = CARTESIAN_POINT('',(7.45,0.5,3.65));
#518 = VECTOR('',#519,1.);
#519 = DIRECTION('',(0.,0.,1.));
#520 = ORIENTED_EDGE('',*,*,#521,.F.);
#521 = EDGE_CURVE('',#522,#514,#524,.T.);
#522 = VERTEX_POINT('',#523);
#523 = CARTESIAN_POINT('',(7.45,1.,3.65));
#524 = LINE('',#525,#526);
#525 = CARTESIAN_POINT('',(7.45,1.,3.65));
#526 = VECTOR('',#527,1.);
#527 = DIRECTION('',(-1.224646799147E-16,-1.,0.));
#528 = ORIENTED_EDGE('',*,*,#529,.F.);
#529 = EDGE_CURVE('',#530,#522,#532,.T.);
#530 = VERTEX_POINT('',#531);
#531 = CARTESIAN_POINT('',(7.45,1.5,4.15));
#532 = CIRCLE('',#533,0.5);
#533 = AXIS2_PLACEMENT_3D('',#534,#535,#536);
#534 = CARTESIAN_POINT('',(7.45,1.,4.15));
#535 = DIRECTION('',(-1.,1.224646799147E-16,0.));
#536 = DIRECTION('',(1.224646799147E-16,1.,0.));
#537 = ORIENTED_EDGE('',*,*,#538,.F.);
#538 = EDGE_CURVE('',#539,#530,#541,.T.);
#539 = VERTEX_POINT('',#540);
#540 = CARTESIAN_POINT('',(7.45,1.5,7.));
#541 = LINE('',#542,#543);
#542 = CARTESIAN_POINT('',(7.45,1.5,7.));
#543 = VECTOR('',#544,1.);
#544 = DIRECTION('',(-0.,0.,-1.));
#545 = ORIENTED_EDGE('',*,*,#546,.T.);
#546 = EDGE_CURVE('',#539,#547,#549,.T.);
#547 = VERTEX_POINT('',#548);
#548 = CARTESIAN_POINT('',(7.45,2.35,7.));
#549 = LINE('',#550,#551);
#550 = CARTESIAN_POINT('',(7.45,-3.4,7.));
#551 = VECTOR('',#552,1.);
#552 = DIRECTION('',(1.224646799147E-16,1.,0.));
#553 = ORIENTED_EDGE('',*,*,#554,.F.);
#554 = EDGE_CURVE('',#504,#547,#555,.T.);
#555 = LINE('',#556,#557);
#556 = CARTESIAN_POINT('',(7.45,2.35,0.));
#557 = VECTOR('',#558,1.);
#558 = DIRECTION('',(0.,0.,1.));
#559 = PLANE('',#560);
#560 = AXIS2_PLACEMENT_3D('',#561,#562,#563);
#561 = CARTESIAN_POINT('',(7.45,-3.4,0.));
#562 = DIRECTION('',(-1.,1.224646799147E-16,0.));
#563 = DIRECTION('',(1.224646799147E-16,1.,0.));
#564 = ADVANCED_FACE('',(#565),#584,.T.);
#565 = FACE_BOUND('',#566,.T.);
#566 = EDGE_LOOP('',(#567,#568,#569,#577,#583));
#567 = ORIENTED_EDGE('',*,*,#169,.F.);
#568 = ORIENTED_EDGE('',*,*,#513,.F.);
#569 = ORIENTED_EDGE('',*,*,#570,.T.);
#570 = EDGE_CURVE('',#514,#571,#573,.T.);
#571 = VERTEX_POINT('',#572);
#572 = CARTESIAN_POINT('',(6.6,0.5,3.65));
#573 = LINE('',#574,#575);
#574 = CARTESIAN_POINT('',(7.45,0.5,3.65));
#575 = VECTOR('',#576,1.);
#576 = DIRECTION('',(-1.,1.224646799147E-16,0.));
#577 = ORIENTED_EDGE('',*,*,#578,.T.);
#578 = EDGE_CURVE('',#571,#482,#579,.T.);
#579 = LINE('',#580,#581);
#580 = CARTESIAN_POINT('',(6.6,0.5,5.325));
#581 = VECTOR('',#582,1.);
#582 = DIRECTION('',(0.,0.,1.));
#583 = ORIENTED_EDGE('',*,*,#481,.F.);
#584 = PLANE('',#585);
#585 = AXIS2_PLACEMENT_3D('',#586,#587,#588);
#586 = CARTESIAN_POINT('',(7.45,0.5,3.65));
#587 = DIRECTION('',(1.224646799147E-16,1.,0.));
#588 = DIRECTION('',(0.,-0.,1.));
#589 = ADVANCED_FACE('',(#590),#633,.F.);
#590 = FACE_BOUND('',#591,.F.);
#591 = EDGE_LOOP('',(#592,#593,#601,#610,#618,#626,#632));
#592 = ORIENTED_EDGE('',*,*,#207,.T.);
#593 = ORIENTED_EDGE('',*,*,#594,.T.);
#594 = EDGE_CURVE('',#210,#595,#597,.T.);
#595 = VERTEX_POINT('',#596);
#596 = CARTESIAN_POINT('',(-1.6,1.,3.65));
#597 = LINE('',#598,#599);
#598 = CARTESIAN_POINT('',(-1.6,1.25,3.65));
#599 = VECTOR('',#600,1.);
#600 = DIRECTION('',(1.224646799147E-16,1.,0.));
#601 = ORIENTED_EDGE('',*,*,#602,.T.);
#602 = EDGE_CURVE('',#595,#603,#605,.T.);
#603 = VERTEX_POINT('',#604);
#604 = CARTESIAN_POINT('',(-1.6,1.5,4.15));
#605 = CIRCLE('',#606,0.5);
#606 = AXIS2_PLACEMENT_3D('',#607,#608,#609);
#607 = CARTESIAN_POINT('',(-1.6,1.,4.15));
#608 = DIRECTION('',(1.,-1.224646799147E-16,0.));
#609 = DIRECTION('',(1.224646799147E-16,1.,0.));
#610 = ORIENTED_EDGE('',*,*,#611,.T.);
#611 = EDGE_CURVE('',#603,#612,#614,.T.);
#612 = VERTEX_POINT('',#613);
#613 = CARTESIAN_POINT('',(-1.6,1.5,1.85));
#614 = LINE('',#615,#616);
#615 = CARTESIAN_POINT('',(-1.6,1.5,7.));
#616 = VECTOR('',#617,1.);
#617 = DIRECTION('',(0.,0.,-1.));
#618 = ORIENTED_EDGE('',*,*,#619,.T.);
#619 = EDGE_CURVE('',#612,#620,#622,.T.);
#620 = VERTEX_POINT('',#621);
#621 = CARTESIAN_POINT('',(-1.6,-2.65,1.85));
#622 = LINE('',#623,#624);
#623 = CARTESIAN_POINT('',(-1.6,1.5,1.85));
#624 = VECTOR('',#625,1.);
#625 = DIRECTION('',(-1.224646799147E-16,-1.,0.));
#626 = ORIENTED_EDGE('',*,*,#627,.F.);
#627 = EDGE_CURVE('',#249,#620,#628,.T.);
#628 = LINE('',#629,#630);
#629 = CARTESIAN_POINT('',(-1.6,-2.65,7.));
#630 = VECTOR('',#631,1.);
#631 = DIRECTION('',(0.,0.,-1.));
#632 = ORIENTED_EDGE('',*,*,#256,.F.);
#633 = PLANE('',#634);
#634 = AXIS2_PLACEMENT_3D('',#635,#636,#637);
#635 = CARTESIAN_POINT('',(-1.6,1.5,7.));
#636 = DIRECTION('',(-1.,1.224646799147E-16,0.));
#637 = DIRECTION('',(-1.224646799147E-16,-1.,0.));
#638 = ADVANCED_FACE('',(#639),#650,.T.);
#639 = FACE_BOUND('',#640,.T.);
#640 = EDGE_LOOP('',(#641,#642,#648,#649));
#641 = ORIENTED_EDGE('',*,*,#594,.T.);
#642 = ORIENTED_EDGE('',*,*,#643,.T.);
#643 = EDGE_CURVE('',#595,#305,#644,.T.);
#644 = LINE('',#645,#646);
#645 = CARTESIAN_POINT('',(7.45,1.,3.65));
#646 = VECTOR('',#647,1.);
#647 = DIRECTION('',(-1.,1.224646799147E-16,0.));
#648 = ORIENTED_EDGE('',*,*,#313,.T.);
#649 = ORIENTED_EDGE('',*,*,#217,.F.);
#650 = PLANE('',#651);
#651 = AXIS2_PLACEMENT_3D('',#652,#653,#654);
#652 = CARTESIAN_POINT('',(7.45,1.,3.65));
#653 = DIRECTION('',(0.,0.,1.));
#654 = DIRECTION('',(-1.224646799147E-16,-1.,0.));
#655 = ADVANCED_FACE('',(#656),#674,.F.);
#656 = FACE_BOUND('',#657,.F.);
#657 = EDGE_LOOP('',(#658,#659,#660,#668));
#658 = ORIENTED_EDGE('',*,*,#270,.T.);
#659 = ORIENTED_EDGE('',*,*,#359,.T.);
#660 = ORIENTED_EDGE('',*,*,#661,.T.);
#661 = EDGE_CURVE('',#360,#662,#664,.T.);
#662 = VERTEX_POINT('',#663);
#663 = CARTESIAN_POINT('',(-0.75,2.35,0.));
#664 = LINE('',#665,#666);
#665 = CARTESIAN_POINT('',(-0.75,-3.4,0.));
#666 = VECTOR('',#667,1.);
#667 = DIRECTION('',(1.224646799147E-16,1.,0.));
#668 = ORIENTED_EDGE('',*,*,#669,.T.);
#669 = EDGE_CURVE('',#662,#271,#670,.T.);
#670 = LINE('',#671,#672);
#671 = CARTESIAN_POINT('',(7.45,2.35,0.));
#672 = VECTOR('',#673,1.);
#673 = DIRECTION('',(-1.,1.224646799147E-16,0.));
#674 = PLANE('',#675);
#675 = AXIS2_PLACEMENT_3D('',#676,#677,#678);
#676 = CARTESIAN_POINT('',(2.5,-0.525,0.));
#677 = DIRECTION('',(0.,0.,1.));
#678 = DIRECTION('',(-1.,1.224646799147E-16,0.));
#679 = ADVANCED_FACE('',(#680),#691,.F.);
#680 = FACE_BOUND('',#681,.F.);
#681 = EDGE_LOOP('',(#682,#683,#684,#690));
#682 = ORIENTED_EDGE('',*,*,#643,.T.);
#683 = ORIENTED_EDGE('',*,*,#304,.T.);
#684 = ORIENTED_EDGE('',*,*,#685,.F.);
#685 = EDGE_CURVE('',#603,#297,#686,.T.);
#686 = LINE('',#687,#688);
#687 = CARTESIAN_POINT('',(7.45,1.5,4.15));
#688 = VECTOR('',#689,1.);
#689 = DIRECTION('',(-1.,1.224646799147E-16,0.));
#690 = ORIENTED_EDGE('',*,*,#602,.F.);
#691 = CYLINDRICAL_SURFACE('',#692,0.5);
#692 = AXIS2_PLACEMENT_3D('',#693,#694,#695);
#693 = CARTESIAN_POINT('',(7.45,1.,4.15));
#694 = DIRECTION('',(1.,-1.224646799147E-16,-0.));
#695 = DIRECTION('',(1.224646799147E-16,1.,0.));
#696 = ADVANCED_FACE('',(#697),#861,.T.);
#697 = FACE_BOUND('',#698,.T.);
#698 = EDGE_LOOP('',(#699,#700,#708,#716,#724,#732,#740,#749,#757,#765,
    #773,#781,#789,#798,#806,#814,#822,#830,#836,#837,#838,#839,#847,
    #855));
#699 = ORIENTED_EDGE('',*,*,#538,.F.);
#700 = ORIENTED_EDGE('',*,*,#701,.T.);
#701 = EDGE_CURVE('',#539,#702,#704,.T.);
#702 = VERTEX_POINT('',#703);
#703 = CARTESIAN_POINT('',(5.5,1.5,7.));
#704 = LINE('',#705,#706);
#705 = CARTESIAN_POINT('',(7.45,1.5,7.));
#706 = VECTOR('',#707,1.);
#707 = DIRECTION('',(-1.,1.224646799147E-16,0.));
#708 = ORIENTED_EDGE('',*,*,#709,.T.);
#709 = EDGE_CURVE('',#702,#710,#712,.T.);
#710 = VERTEX_POINT('',#711);
#711 = CARTESIAN_POINT('',(5.5,1.5,6.1));
#712 = LINE('',#713,#714);
#713 = CARTESIAN_POINT('',(5.5,1.5,5.327450166113));
#714 = VECTOR('',#715,1.);
#715 = DIRECTION('',(-4.93432455389E-16,8.449221308824E-17,-1.));
#716 = ORIENTED_EDGE('',*,*,#717,.T.);
#717 = EDGE_CURVE('',#710,#718,#720,.T.);
#718 = VERTEX_POINT('',#719);
#719 = CARTESIAN_POINT('',(5.25,1.5,5.85));
#720 = LINE('',#721,#722);
#721 = CARTESIAN_POINT('',(4.238725083056,1.5,4.838725083056));
#722 = VECTOR('',#723,1.);
#723 = DIRECTION('',(-0.707106781187,1.463406224556E-16,-0.707106781187)
  );
#724 = ORIENTED_EDGE('',*,*,#725,.T.);
#725 = EDGE_CURVE('',#718,#726,#728,.T.);
#726 = VERTEX_POINT('',#727);
#727 = CARTESIAN_POINT('',(5.5,1.5,5.6));
#728 = LINE('',#729,#730);
#729 = CARTESIAN_POINT('',(5.011274916944,1.5,6.088725083056));
#730 = VECTOR('',#731,1.);
#731 = DIRECTION('',(0.707106781187,-2.685058879138E-17,-0.707106781187)
  );
#732 = ORIENTED_EDGE('',*,*,#733,.T.);
#733 = EDGE_CURVE('',#726,#734,#736,.T.);
#734 = VERTEX_POINT('',#735);
#735 = CARTESIAN_POINT('',(5.5,1.5,3.85));
#736 = LINE('',#737,#738);
#737 = CARTESIAN_POINT('',(5.5,1.5,3.827450166113));
#738 = VECTOR('',#739,1.);
#739 = DIRECTION('',(1.034731183114E-32,8.449221308824E-17,-1.));
#740 = ORIENTED_EDGE('',*,*,#741,.F.);
#741 = EDGE_CURVE('',#742,#734,#744,.T.);
#742 = VERTEX_POINT('',#743);
#743 = CARTESIAN_POINT('',(4.75,1.5,3.1));
#744 = CIRCLE('',#745,0.75);
#745 = AXIS2_PLACEMENT_3D('',#746,#747,#748);
#746 = CARTESIAN_POINT('',(4.75,1.5,3.85));
#747 = DIRECTION('',(-1.224646799147E-16,-1.,0.));
#748 = DIRECTION('',(-0.,0.,-1.));
#749 = ORIENTED_EDGE('',*,*,#750,.T.);
#750 = EDGE_CURVE('',#742,#751,#753,.T.);
#751 = VERTEX_POINT('',#752);
#752 = CARTESIAN_POINT('',(4.,1.5,3.1));
#753 = LINE('',#754,#755);
#754 = CARTESIAN_POINT('',(3.25,1.5,3.1));
#755 = VECTOR('',#756,1.);
#756 = DIRECTION('',(-1.,1.224646799147E-16,0.));
#757 = ORIENTED_EDGE('',*,*,#758,.T.);
#758 = EDGE_CURVE('',#751,#759,#761,.T.);
#759 = VERTEX_POINT('',#760);
#760 = CARTESIAN_POINT('',(4.,1.5,7.));
#761 = LINE('',#762,#763);
#762 = CARTESIAN_POINT('',(4.,1.5,5.777450166113));
#763 = VECTOR('',#764,1.);
#764 = DIRECTION('',(-1.034731183114E-32,-8.449221308824E-17,1.));
#765 = ORIENTED_EDGE('',*,*,#766,.T.);
#766 = EDGE_CURVE('',#759,#767,#769,.T.);
#767 = VERTEX_POINT('',#768);
#768 = CARTESIAN_POINT('',(1.,1.5,7.));
#769 = LINE('',#770,#771);
#770 = CARTESIAN_POINT('',(7.45,1.5,7.));
#771 = VECTOR('',#772,1.);
#772 = DIRECTION('',(-1.,1.224646799147E-16,0.));
#773 = ORIENTED_EDGE('',*,*,#774,.F.);
#774 = EDGE_CURVE('',#775,#767,#777,.T.);
#775 = VERTEX_POINT('',#776);
#776 = CARTESIAN_POINT('',(1.,1.5,3.1));
#777 = LINE('',#778,#779);
#778 = CARTESIAN_POINT('',(1.,1.5,5.777450166113));
#779 = VECTOR('',#780,1.);
#780 = DIRECTION('',(-1.034731183114E-32,-8.449221308824E-17,1.));
#781 = ORIENTED_EDGE('',*,*,#782,.F.);
#782 = EDGE_CURVE('',#783,#775,#785,.T.);
#783 = VERTEX_POINT('',#784);
#784 = CARTESIAN_POINT('',(0.25,1.5,3.1));
#785 = LINE('',#786,#787);
#786 = CARTESIAN_POINT('',(1.75,1.5,3.1));
#787 = VECTOR('',#788,1.);
#788 = DIRECTION('',(1.,-1.224646799147E-16,-0.));
#789 = ORIENTED_EDGE('',*,*,#790,.F.);
#790 = EDGE_CURVE('',#791,#783,#793,.T.);
#791 = VERTEX_POINT('',#792);
#792 = CARTESIAN_POINT('',(-0.5,1.5,3.85));
#793 = CIRCLE('',#794,0.75);
#794 = AXIS2_PLACEMENT_3D('',#795,#796,#797);
#795 = CARTESIAN_POINT('',(0.25,1.5,3.85));
#796 = DIRECTION('',(-1.224646799147E-16,-1.,0.));
#797 = DIRECTION('',(-0.,0.,-1.));
#798 = ORIENTED_EDGE('',*,*,#799,.F.);
#799 = EDGE_CURVE('',#800,#791,#802,.T.);
#800 = VERTEX_POINT('',#801);
#801 = CARTESIAN_POINT('',(-0.5,1.5,5.6));
#802 = LINE('',#803,#804);
#803 = CARTESIAN_POINT('',(-0.5,1.5,3.827450166113));
#804 = VECTOR('',#805,1.);
#805 = DIRECTION('',(1.034731183114E-32,8.449221308824E-17,-1.));
#806 = ORIENTED_EDGE('',*,*,#807,.F.);
#807 = EDGE_CURVE('',#808,#800,#810,.T.);
#808 = VERTEX_POINT('',#809);
#809 = CARTESIAN_POINT('',(-0.25,1.5,5.85));
#810 = LINE('',#811,#812);
#811 = CARTESIAN_POINT('',(-1.127491694352E-02,1.5,6.088725083056));
#812 = VECTOR('',#813,1.);
#813 = DIRECTION('',(-0.707106781187,1.463406224556E-16,-0.707106781187)
  );
#814 = ORIENTED_EDGE('',*,*,#815,.F.);
#815 = EDGE_CURVE('',#816,#808,#818,.T.);
#816 = VERTEX_POINT('',#817);
#817 = CARTESIAN_POINT('',(-0.5,1.5,6.1));
#818 = LINE('',#819,#820);
#819 = CARTESIAN_POINT('',(0.761274916944,1.5,4.838725083056));
#820 = VECTOR('',#821,1.);
#821 = DIRECTION('',(0.707106781187,-2.685058879138E-17,-0.707106781187)
  );
#822 = ORIENTED_EDGE('',*,*,#823,.F.);
#823 = EDGE_CURVE('',#824,#816,#826,.T.);
#824 = VERTEX_POINT('',#825);
#825 = CARTESIAN_POINT('',(-0.5,1.5,7.));
#826 = LINE('',#827,#828);
#827 = CARTESIAN_POINT('',(-0.5,1.5,5.327450166113));
#828 = VECTOR('',#829,1.);
#829 = DIRECTION('',(1.034731183114E-32,8.449221308824E-17,-1.));
#830 = ORIENTED_EDGE('',*,*,#831,.T.);
#831 = EDGE_CURVE('',#824,#289,#832,.T.);
#832 = LINE('',#833,#834);
#833 = CARTESIAN_POINT('',(7.45,1.5,7.));
#834 = VECTOR('',#835,1.);
#835 = DIRECTION('',(-1.,1.224646799147E-16,0.));
#836 = ORIENTED_EDGE('',*,*,#296,.T.);
#837 = ORIENTED_EDGE('',*,*,#685,.F.);
#838 = ORIENTED_EDGE('',*,*,#611,.T.);
#839 = ORIENTED_EDGE('',*,*,#840,.F.);
#840 = EDGE_CURVE('',#841,#612,#843,.T.);
#841 = VERTEX_POINT('',#842);
#842 = CARTESIAN_POINT('',(6.6,1.5,1.85));
#843 = LINE('',#844,#845);
#844 = CARTESIAN_POINT('',(6.6,1.5,1.85));
#845 = VECTOR('',#846,1.);
#846 = DIRECTION('',(-1.,1.224646799147E-16,0.));
#847 = ORIENTED_EDGE('',*,*,#848,.F.);
#848 = EDGE_CURVE('',#849,#841,#851,.T.);
#849 = VERTEX_POINT('',#850);
#850 = CARTESIAN_POINT('',(6.6,1.5,4.15));
#851 = LINE('',#852,#853);
#852 = CARTESIAN_POINT('',(6.6,1.5,7.));
#853 = VECTOR('',#854,1.);
#854 = DIRECTION('',(0.,0.,-1.));
#855 = ORIENTED_EDGE('',*,*,#856,.F.);
#856 = EDGE_CURVE('',#530,#849,#857,.T.);
#857 = LINE('',#858,#859);
#858 = CARTESIAN_POINT('',(7.45,1.5,4.15));
#859 = VECTOR('',#860,1.);
#860 = DIRECTION('',(-1.,1.224646799147E-16,0.));
#861 = PLANE('',#862);
#862 = AXIS2_PLACEMENT_3D('',#863,#864,#865);
#863 = CARTESIAN_POINT('',(2.5,1.5,4.554900332226));
#864 = DIRECTION('',(-1.224646799147E-16,-1.,-8.449221308824E-17));
#865 = DIRECTION('',(-1.034731183114E-32,-8.449221308824E-17,1.));
#866 = ADVANCED_FACE('',(#867),#885,.T.);
#867 = FACE_BOUND('',#868,.T.);
#868 = EDGE_LOOP('',(#869,#870,#878,#884));
#869 = ORIENTED_EDGE('',*,*,#831,.F.);
#870 = ORIENTED_EDGE('',*,*,#871,.F.);
#871 = EDGE_CURVE('',#872,#824,#874,.T.);
#872 = VERTEX_POINT('',#873);
#873 = CARTESIAN_POINT('',(-0.5,2.35,7.));
#874 = LINE('',#875,#876);
#875 = CARTESIAN_POINT('',(-0.5,2.35,7.));
#876 = VECTOR('',#877,1.);
#877 = DIRECTION('',(-1.224646799147E-16,-1.,0.));
#878 = ORIENTED_EDGE('',*,*,#879,.T.);
#879 = EDGE_CURVE('',#872,#281,#880,.T.);
#880 = LINE('',#881,#882);
#881 = CARTESIAN_POINT('',(7.45,2.35,7.));
#882 = VECTOR('',#883,1.);
#883 = DIRECTION('',(-1.,1.224646799147E-16,0.));
#884 = ORIENTED_EDGE('',*,*,#288,.T.);
#885 = PLANE('',#886);
#886 = AXIS2_PLACEMENT_3D('',#887,#888,#889);
#887 = CARTESIAN_POINT('',(2.5,-0.525,7.));
#888 = DIRECTION('',(0.,0.,1.));
#889 = DIRECTION('',(-1.,1.224646799147E-16,0.));
#890 = ADVANCED_FACE('',(#891),#1119,.F.);
#891 = FACE_BOUND('',#892,.F.);
#892 = EDGE_LOOP('',(#893,#901,#902,#910,#918,#926,#934,#942,#951,#959,
    #967,#975,#983,#991,#1000,#1008,#1016,#1024,#1030,#1031,#1032,#1033,
    #1041,#1049,#1057,#1065,#1073,#1081,#1089,#1097,#1105,#1113));
#893 = ORIENTED_EDGE('',*,*,#894,.F.);
#894 = EDGE_CURVE('',#504,#895,#897,.T.);
#895 = VERTEX_POINT('',#896);
#896 = CARTESIAN_POINT('',(5.75,2.35,0.));
#897 = LINE('',#898,#899);
#898 = CARTESIAN_POINT('',(7.45,2.35,0.));
#899 = VECTOR('',#900,1.);
#900 = DIRECTION('',(-1.,1.224646799147E-16,0.));
#901 = ORIENTED_EDGE('',*,*,#554,.T.);
#902 = ORIENTED_EDGE('',*,*,#903,.T.);
#903 = EDGE_CURVE('',#547,#904,#906,.T.);
#904 = VERTEX_POINT('',#905);
#905 = CARTESIAN_POINT('',(5.5,2.35,7.));
#906 = LINE('',#907,#908);
#907 = CARTESIAN_POINT('',(7.45,2.35,7.));
#908 = VECTOR('',#909,1.);
#909 = DIRECTION('',(-1.,1.224646799147E-16,0.));
#910 = ORIENTED_EDGE('',*,*,#911,.F.);
#911 = EDGE_CURVE('',#912,#904,#914,.T.);
#912 = VERTEX_POINT('',#913);
#913 = CARTESIAN_POINT('',(5.5,2.35,6.1));
#914 = LINE('',#915,#916);
#915 = CARTESIAN_POINT('',(5.5,2.35,6.1));
#916 = VECTOR('',#917,1.);
#917 = DIRECTION('',(4.93432455389E-16,-6.042804770875E-32,1.));
#918 = ORIENTED_EDGE('',*,*,#919,.F.);
#919 = EDGE_CURVE('',#920,#912,#922,.T.);
#920 = VERTEX_POINT('',#921);
#921 = CARTESIAN_POINT('',(5.25,2.35,5.85));
#922 = LINE('',#923,#924);
#923 = CARTESIAN_POINT('',(5.25,2.35,5.85));
#924 = VECTOR('',#925,1.);
#925 = DIRECTION('',(0.707106781187,-8.659560562349E-17,0.707106781187)
  );
#926 = ORIENTED_EDGE('',*,*,#927,.F.);
#927 = EDGE_CURVE('',#928,#920,#930,.T.);
#928 = VERTEX_POINT('',#929);
#929 = CARTESIAN_POINT('',(5.5,2.35,5.6));
#930 = LINE('',#931,#932);
#931 = CARTESIAN_POINT('',(5.5,2.35,5.6));
#932 = VECTOR('',#933,1.);
#933 = DIRECTION('',(-0.707106781187,8.659560562349E-17,0.707106781187)
  );
#934 = ORIENTED_EDGE('',*,*,#935,.F.);
#935 = EDGE_CURVE('',#936,#928,#938,.T.);
#936 = VERTEX_POINT('',#937);
#937 = CARTESIAN_POINT('',(5.5,2.35,3.85));
#938 = LINE('',#939,#940);
#939 = CARTESIAN_POINT('',(5.5,2.35,3.1));
#940 = VECTOR('',#941,1.);
#941 = DIRECTION('',(0.,0.,1.));
#942 = ORIENTED_EDGE('',*,*,#943,.F.);
#943 = EDGE_CURVE('',#944,#936,#946,.T.);
#944 = VERTEX_POINT('',#945);
#945 = CARTESIAN_POINT('',(4.75,2.35,3.1));
#946 = CIRCLE('',#947,0.75);
#947 = AXIS2_PLACEMENT_3D('',#948,#949,#950);
#948 = CARTESIAN_POINT('',(4.75,2.35,3.85));
#949 = DIRECTION('',(-1.224646799147E-16,-1.,0.));
#950 = DIRECTION('',(0.,0.,1.));
#951 = ORIENTED_EDGE('',*,*,#952,.F.);
#952 = EDGE_CURVE('',#953,#944,#955,.T.);
#953 = VERTEX_POINT('',#954);
#954 = CARTESIAN_POINT('',(4.,2.35,3.1));
#955 = LINE('',#956,#957);
#956 = CARTESIAN_POINT('',(4.,2.35,3.1));
#957 = VECTOR('',#958,1.);
#958 = DIRECTION('',(1.,-1.224646799147E-16,0.));
#959 = ORIENTED_EDGE('',*,*,#960,.F.);
#960 = EDGE_CURVE('',#961,#953,#963,.T.);
#961 = VERTEX_POINT('',#962);
#962 = CARTESIAN_POINT('',(4.,2.35,7.));
#963 = LINE('',#964,#965);
#964 = CARTESIAN_POINT('',(4.,2.35,7.));
#965 = VECTOR('',#966,1.);
#966 = DIRECTION('',(-0.,0.,-1.));
#967 = ORIENTED_EDGE('',*,*,#968,.T.);
#968 = EDGE_CURVE('',#961,#969,#971,.T.);
#969 = VERTEX_POINT('',#970);
#970 = CARTESIAN_POINT('',(1.,2.35,7.));
#971 = LINE('',#972,#973);
#972 = CARTESIAN_POINT('',(7.45,2.35,7.));
#973 = VECTOR('',#974,1.);
#974 = DIRECTION('',(-1.,1.224646799147E-16,0.));
#975 = ORIENTED_EDGE('',*,*,#976,.T.);
#976 = EDGE_CURVE('',#969,#977,#979,.T.);
#977 = VERTEX_POINT('',#978);
#978 = CARTESIAN_POINT('',(1.,2.35,3.1));
#979 = LINE('',#980,#981);
#980 = CARTESIAN_POINT('',(1.,2.35,7.));
#981 = VECTOR('',#982,1.);
#982 = DIRECTION('',(-0.,0.,-1.));
#983 = ORIENTED_EDGE('',*,*,#984,.T.);
#984 = EDGE_CURVE('',#977,#985,#987,.T.);
#985 = VERTEX_POINT('',#986);
#986 = CARTESIAN_POINT('',(0.25,2.35,3.1));
#987 = LINE('',#988,#989);
#988 = CARTESIAN_POINT('',(1.,2.35,3.1));
#989 = VECTOR('',#990,1.);
#990 = DIRECTION('',(-1.,1.224646799147E-16,0.));
#991 = ORIENTED_EDGE('',*,*,#992,.T.);
#992 = EDGE_CURVE('',#985,#993,#995,.T.);
#993 = VERTEX_POINT('',#994);
#994 = CARTESIAN_POINT('',(-0.5,2.35,3.85));
#995 = CIRCLE('',#996,0.75);
#996 = AXIS2_PLACEMENT_3D('',#997,#998,#999);
#997 = CARTESIAN_POINT('',(0.25,2.35,3.85));
#998 = DIRECTION('',(1.224646799147E-16,1.,-0.));
#999 = DIRECTION('',(0.,0.,1.));
#1000 = ORIENTED_EDGE('',*,*,#1001,.T.);
#1001 = EDGE_CURVE('',#993,#1002,#1004,.T.);
#1002 = VERTEX_POINT('',#1003);
#1003 = CARTESIAN_POINT('',(-0.5,2.35,5.6));
#1004 = LINE('',#1005,#1006);
#1005 = CARTESIAN_POINT('',(-0.5,2.35,3.1));
#1006 = VECTOR('',#1007,1.);
#1007 = DIRECTION('',(0.,0.,1.));
#1008 = ORIENTED_EDGE('',*,*,#1009,.T.);
#1009 = EDGE_CURVE('',#1002,#1010,#1012,.T.);
#1010 = VERTEX_POINT('',#1011);
#1011 = CARTESIAN_POINT('',(-0.25,2.35,5.85));
#1012 = LINE('',#1013,#1014);
#1013 = CARTESIAN_POINT('',(-0.5,2.35,5.6));
#1014 = VECTOR('',#1015,1.);
#1015 = DIRECTION('',(0.707106781187,-8.659560562349E-17,0.707106781187)
  );
#1016 = ORIENTED_EDGE('',*,*,#1017,.T.);
#1017 = EDGE_CURVE('',#1010,#1018,#1020,.T.);
#1018 = VERTEX_POINT('',#1019);
#1019 = CARTESIAN_POINT('',(-0.5,2.35,6.1));
#1020 = LINE('',#1021,#1022);
#1021 = CARTESIAN_POINT('',(-0.25,2.35,5.85));
#1022 = VECTOR('',#1023,1.);
#1023 = DIRECTION('',(-0.707106781187,8.659560562349E-17,0.707106781187)
  );
#1024 = ORIENTED_EDGE('',*,*,#1025,.T.);
#1025 = EDGE_CURVE('',#1018,#872,#1026,.T.);
#1026 = LINE('',#1027,#1028);
#1027 = CARTESIAN_POINT('',(-0.5,2.35,6.1));
#1028 = VECTOR('',#1029,1.);
#1029 = DIRECTION('',(0.,0.,1.));
#1030 = ORIENTED_EDGE('',*,*,#879,.T.);
#1031 = ORIENTED_EDGE('',*,*,#280,.F.);
#1032 = ORIENTED_EDGE('',*,*,#669,.F.);
#1033 = ORIENTED_EDGE('',*,*,#1034,.T.);
#1034 = EDGE_CURVE('',#662,#1035,#1037,.T.);
#1035 = VERTEX_POINT('',#1036);
#1036 = CARTESIAN_POINT('',(-0.75,2.35,1.));
#1037 = LINE('',#1038,#1039);
#1038 = CARTESIAN_POINT('',(-0.75,2.35,0.));
#1039 = VECTOR('',#1040,1.);
#1040 = DIRECTION('',(0.,0.,1.));
#1041 = ORIENTED_EDGE('',*,*,#1042,.F.);
#1042 = EDGE_CURVE('',#1043,#1035,#1045,.T.);
#1043 = VERTEX_POINT('',#1044);
#1044 = CARTESIAN_POINT('',(0.75,2.35,1.));
#1045 = LINE('',#1046,#1047);
#1046 = CARTESIAN_POINT('',(0.75,2.35,1.));
#1047 = VECTOR('',#1048,1.);
#1048 = DIRECTION('',(-1.,1.224646799147E-16,0.));
#1049 = ORIENTED_EDGE('',*,*,#1050,.F.);
#1050 = EDGE_CURVE('',#1051,#1043,#1053,.T.);
#1051 = VERTEX_POINT('',#1052);
#1052 = CARTESIAN_POINT('',(0.75,2.35,0.));
#1053 = LINE('',#1054,#1055);
#1054 = CARTESIAN_POINT('',(0.75,2.35,0.));
#1055 = VECTOR('',#1056,1.);
#1056 = DIRECTION('',(0.,0.,1.));
#1057 = ORIENTED_EDGE('',*,*,#1058,.F.);
#1058 = EDGE_CURVE('',#1059,#1051,#1061,.T.);
#1059 = VERTEX_POINT('',#1060);
#1060 = CARTESIAN_POINT('',(1.75,2.35,0.));
#1061 = LINE('',#1062,#1063);
#1062 = CARTESIAN_POINT('',(7.45,2.35,0.));
#1063 = VECTOR('',#1064,1.);
#1064 = DIRECTION('',(-1.,1.224646799147E-16,0.));
#1065 = ORIENTED_EDGE('',*,*,#1066,.T.);
#1066 = EDGE_CURVE('',#1059,#1067,#1069,.T.);
#1067 = VERTEX_POINT('',#1068);
#1068 = CARTESIAN_POINT('',(1.75,2.35,1.));
#1069 = LINE('',#1070,#1071);
#1070 = CARTESIAN_POINT('',(1.75,2.35,0.));
#1071 = VECTOR('',#1072,1.);
#1072 = DIRECTION('',(0.,0.,1.));
#1073 = ORIENTED_EDGE('',*,*,#1074,.F.);
#1074 = EDGE_CURVE('',#1075,#1067,#1077,.T.);
#1075 = VERTEX_POINT('',#1076);
#1076 = CARTESIAN_POINT('',(3.25,2.35,1.));
#1077 = LINE('',#1078,#1079);
#1078 = CARTESIAN_POINT('',(3.25,2.35,1.));
#1079 = VECTOR('',#1080,1.);
#1080 = DIRECTION('',(-1.,1.224646799147E-16,0.));
#1081 = ORIENTED_EDGE('',*,*,#1082,.F.);
#1082 = EDGE_CURVE('',#1083,#1075,#1085,.T.);
#1083 = VERTEX_POINT('',#1084);
#1084 = CARTESIAN_POINT('',(3.25,2.35,0.));
#1085 = LINE('',#1086,#1087);
#1086 = CARTESIAN_POINT('',(3.25,2.35,0.));
#1087 = VECTOR('',#1088,1.);
#1088 = DIRECTION('',(0.,0.,1.));
#1089 = ORIENTED_EDGE('',*,*,#1090,.F.);
#1090 = EDGE_CURVE('',#1091,#1083,#1093,.T.);
#1091 = VERTEX_POINT('',#1092);
#1092 = CARTESIAN_POINT('',(4.25,2.35,0.));
#1093 = LINE('',#1094,#1095);
#1094 = CARTESIAN_POINT('',(7.45,2.35,0.));
#1095 = VECTOR('',#1096,1.);
#1096 = DIRECTION('',(-1.,1.224646799147E-16,0.));
#1097 = ORIENTED_EDGE('',*,*,#1098,.T.);
#1098 = EDGE_CURVE('',#1091,#1099,#1101,.T.);
#1099 = VERTEX_POINT('',#1100);
#1100 = CARTESIAN_POINT('',(4.25,2.35,1.));
#1101 = LINE('',#1102,#1103);
#1102 = CARTESIAN_POINT('',(4.25,2.35,0.));
#1103 = VECTOR('',#1104,1.);
#1104 = DIRECTION('',(0.,0.,1.));
#1105 = ORIENTED_EDGE('',*,*,#1106,.F.);
#1106 = EDGE_CURVE('',#1107,#1099,#1109,.T.);
#1107 = VERTEX_POINT('',#1108);
#1108 = CARTESIAN_POINT('',(5.75,2.35,1.));
#1109 = LINE('',#1110,#1111);
#1110 = CARTESIAN_POINT('',(5.75,2.35,1.));
#1111 = VECTOR('',#1112,1.);
#1112 = DIRECTION('',(-1.,1.224646799147E-16,0.));
#1113 = ORIENTED_EDGE('',*,*,#1114,.F.);
#1114 = EDGE_CURVE('',#895,#1107,#1115,.T.);
#1115 = LINE('',#1116,#1117);
#1116 = CARTESIAN_POINT('',(5.75,2.35,0.));
#1117 = VECTOR('',#1118,1.);
#1118 = DIRECTION('',(0.,0.,1.));
#1119 = PLANE('',#1120);
#1120 = AXIS2_PLACEMENT_3D('',#1121,#1122,#1123);
#1121 = CARTESIAN_POINT('',(7.45,2.35,0.));
#1122 = DIRECTION('',(-1.224646799147E-16,-1.,0.));
#1123 = DIRECTION('',(-1.,1.224646799147E-16,0.));
#1124 = ADVANCED_FACE('',(#1125),#1143,.F.);
#1125 = FACE_BOUND('',#1126,.F.);
#1126 = EDGE_LOOP('',(#1127,#1128,#1136,#1142));
#1127 = ORIENTED_EDGE('',*,*,#627,.T.);
#1128 = ORIENTED_EDGE('',*,*,#1129,.T.);
#1129 = EDGE_CURVE('',#620,#1130,#1132,.T.);
#1130 = VERTEX_POINT('',#1131);
#1131 = CARTESIAN_POINT('',(6.6,-2.65,1.85));
#1132 = LINE('',#1133,#1134);
#1133 = CARTESIAN_POINT('',(-1.6,-2.65,1.85));
#1134 = VECTOR('',#1135,1.);
#1135 = DIRECTION('',(1.,-1.224646799147E-16,0.));
#1136 = ORIENTED_EDGE('',*,*,#1137,.F.);
#1137 = EDGE_CURVE('',#338,#1130,#1138,.T.);
#1138 = LINE('',#1139,#1140);
#1139 = CARTESIAN_POINT('',(6.6,-2.65,7.));
#1140 = VECTOR('',#1141,1.);
#1141 = DIRECTION('',(0.,0.,-1.));
#1142 = ORIENTED_EDGE('',*,*,#345,.F.);
#1143 = PLANE('',#1144);
#1144 = AXIS2_PLACEMENT_3D('',#1145,#1146,#1147);
#1145 = CARTESIAN_POINT('',(-1.6,-2.65,7.));
#1146 = DIRECTION('',(-1.224646799147E-16,-1.,0.));
#1147 = DIRECTION('',(1.,-1.224646799147E-16,0.));
#1148 = ADVANCED_FACE('',(#1149),#1176,.T.);
#1149 = FACE_BOUND('',#1150,.T.);
#1150 = EDGE_LOOP('',(#1151,#1152,#1160,#1168,#1174,#1175));
#1151 = ORIENTED_EDGE('',*,*,#1034,.T.);
#1152 = ORIENTED_EDGE('',*,*,#1153,.T.);
#1153 = EDGE_CURVE('',#1035,#1154,#1156,.T.);
#1154 = VERTEX_POINT('',#1155);
#1155 = CARTESIAN_POINT('',(-0.75,0.5,0.3));
#1156 = LINE('',#1157,#1158);
#1157 = CARTESIAN_POINT('',(-0.75,2.35,1.));
#1158 = VECTOR('',#1159,1.);
#1159 = DIRECTION('',(-1.14539532148E-16,-0.935286257456,-0.353892097416
    ));
#1160 = ORIENTED_EDGE('',*,*,#1161,.T.);
#1161 = EDGE_CURVE('',#1154,#1162,#1164,.T.);
#1162 = VERTEX_POINT('',#1163);
#1163 = CARTESIAN_POINT('',(-0.75,-0.5,0.3));
#1164 = LINE('',#1165,#1166);
#1165 = CARTESIAN_POINT('',(-0.75,0.5,0.3));
#1166 = VECTOR('',#1167,1.);
#1167 = DIRECTION('',(-1.224646799147E-16,-1.,0.));
#1168 = ORIENTED_EDGE('',*,*,#1169,.T.);
#1169 = EDGE_CURVE('',#1162,#458,#1170,.T.);
#1170 = LINE('',#1171,#1172);
#1171 = CARTESIAN_POINT('',(-0.75,-0.5,0.3));
#1172 = VECTOR('',#1173,1.);
#1173 = DIRECTION('',(-1.190457365237E-16,-0.972082208573,0.234640533104
    ));
#1174 = ORIENTED_EDGE('',*,*,#465,.T.);
#1175 = ORIENTED_EDGE('',*,*,#661,.T.);
#1176 = PLANE('',#1177);
#1177 = AXIS2_PLACEMENT_3D('',#1178,#1179,#1180);
#1178 = CARTESIAN_POINT('',(-0.75,-0.515451356496,0.330008245993));
#1179 = DIRECTION('',(1.,-1.224646799147E-16,-1.256256073143E-32));
#1180 = DIRECTION('',(-1.256256073143E-32,1.538469978883E-48,-1.));
#1181 = ADVANCED_FACE('',(#1182),#1200,.F.);
#1182 = FACE_BOUND('',#1183,.F.);
#1183 = EDGE_LOOP('',(#1184,#1192,#1193,#1194));
#1184 = ORIENTED_EDGE('',*,*,#1185,.T.);
#1185 = EDGE_CURVE('',#1186,#1162,#1188,.T.);
#1186 = VERTEX_POINT('',#1187);
#1187 = CARTESIAN_POINT('',(0.75,-0.5,0.3));
#1188 = LINE('',#1189,#1190);
#1189 = CARTESIAN_POINT('',(0.75,-0.5,0.3));
#1190 = VECTOR('',#1191,1.);
#1191 = DIRECTION('',(-1.,1.224646799147E-16,0.));
#1192 = ORIENTED_EDGE('',*,*,#1169,.T.);
#1193 = ORIENTED_EDGE('',*,*,#457,.F.);
#1194 = ORIENTED_EDGE('',*,*,#1195,.F.);
#1195 = EDGE_CURVE('',#1186,#450,#1196,.T.);
#1196 = LINE('',#1197,#1198);
#1197 = CARTESIAN_POINT('',(0.75,-0.5,0.3));
#1198 = VECTOR('',#1199,1.);
#1199 = DIRECTION('',(-1.190457365237E-16,-0.972082208573,0.234640533104
    ));
#1200 = PLANE('',#1201);
#1201 = AXIS2_PLACEMENT_3D('',#1202,#1203,#1204);
#1202 = CARTESIAN_POINT('',(0.75,-0.5,0.3));
#1203 = DIRECTION('',(2.87351777816E-17,0.234640533104,0.972082208573));
#1204 = DIRECTION('',(-1.190457365237E-16,-0.972082208573,0.234640533104
    ));
#1205 = ADVANCED_FACE('',(#1206),#1231,.F.);
#1206 = FACE_BOUND('',#1207,.F.);
#1207 = EDGE_LOOP('',(#1208,#1209,#1217,#1223,#1224,#1225));
#1208 = ORIENTED_EDGE('',*,*,#1050,.T.);
#1209 = ORIENTED_EDGE('',*,*,#1210,.T.);
#1210 = EDGE_CURVE('',#1043,#1211,#1213,.T.);
#1211 = VERTEX_POINT('',#1212);
#1212 = CARTESIAN_POINT('',(0.75,0.5,0.3));
#1213 = LINE('',#1214,#1215);
#1214 = CARTESIAN_POINT('',(0.75,2.35,1.));
#1215 = VECTOR('',#1216,1.);
#1216 = DIRECTION('',(-1.14539532148E-16,-0.935286257456,-0.353892097416
    ));
#1217 = ORIENTED_EDGE('',*,*,#1218,.T.);
#1218 = EDGE_CURVE('',#1211,#1186,#1219,.T.);
#1219 = LINE('',#1220,#1221);
#1220 = CARTESIAN_POINT('',(0.75,0.5,0.3));
#1221 = VECTOR('',#1222,1.);
#1222 = DIRECTION('',(-1.224646799147E-16,-1.,0.));
#1223 = ORIENTED_EDGE('',*,*,#1195,.T.);
#1224 = ORIENTED_EDGE('',*,*,#449,.T.);
#1225 = ORIENTED_EDGE('',*,*,#1226,.T.);
#1226 = EDGE_CURVE('',#442,#1051,#1227,.T.);
#1227 = LINE('',#1228,#1229);
#1228 = CARTESIAN_POINT('',(0.75,-3.4,0.));
#1229 = VECTOR('',#1230,1.);
#1230 = DIRECTION('',(1.224646799147E-16,1.,0.));
#1231 = PLANE('',#1232);
#1232 = AXIS2_PLACEMENT_3D('',#1233,#1234,#1235);
#1233 = CARTESIAN_POINT('',(0.75,-0.515451356496,0.330008245993));
#1234 = DIRECTION('',(1.,-1.224646799147E-16,-1.256256073143E-32));
#1235 = DIRECTION('',(-1.256256073143E-32,1.538469978883E-48,-1.));
#1236 = ADVANCED_FACE('',(#1237),#1248,.F.);
#1237 = FACE_BOUND('',#1238,.F.);
#1238 = EDGE_LOOP('',(#1239,#1240,#1241,#1247));
#1239 = ORIENTED_EDGE('',*,*,#1226,.F.);
#1240 = ORIENTED_EDGE('',*,*,#441,.T.);
#1241 = ORIENTED_EDGE('',*,*,#1242,.T.);
#1242 = EDGE_CURVE('',#434,#1059,#1243,.T.);
#1243 = LINE('',#1244,#1245);
#1244 = CARTESIAN_POINT('',(1.75,-3.4,0.));
#1245 = VECTOR('',#1246,1.);
#1246 = DIRECTION('',(1.224646799147E-16,1.,0.));
#1247 = ORIENTED_EDGE('',*,*,#1058,.T.);
#1248 = PLANE('',#1249);
#1249 = AXIS2_PLACEMENT_3D('',#1250,#1251,#1252);
#1250 = CARTESIAN_POINT('',(2.5,-0.525,0.));
#1251 = DIRECTION('',(0.,0.,1.));
#1252 = DIRECTION('',(-1.,1.224646799147E-16,0.));
#1253 = ADVANCED_FACE('',(#1254),#1281,.T.);
#1254 = FACE_BOUND('',#1255,.T.);
#1255 = EDGE_LOOP('',(#1256,#1257,#1265,#1273,#1279,#1280));
#1256 = ORIENTED_EDGE('',*,*,#1066,.T.);
#1257 = ORIENTED_EDGE('',*,*,#1258,.T.);
#1258 = EDGE_CURVE('',#1067,#1259,#1261,.T.);
#1259 = VERTEX_POINT('',#1260);
#1260 = CARTESIAN_POINT('',(1.75,0.5,0.3));
#1261 = LINE('',#1262,#1263);
#1262 = CARTESIAN_POINT('',(1.75,2.35,1.));
#1263 = VECTOR('',#1264,1.);
#1264 = DIRECTION('',(-1.14539532148E-16,-0.935286257456,-0.353892097416
    ));
#1265 = ORIENTED_EDGE('',*,*,#1266,.T.);
#1266 = EDGE_CURVE('',#1259,#1267,#1269,.T.);
#1267 = VERTEX_POINT('',#1268);
#1268 = CARTESIAN_POINT('',(1.75,-0.5,0.3));
#1269 = LINE('',#1270,#1271);
#1270 = CARTESIAN_POINT('',(1.75,0.5,0.3));
#1271 = VECTOR('',#1272,1.);
#1272 = DIRECTION('',(-1.224646799147E-16,-1.,0.));
#1273 = ORIENTED_EDGE('',*,*,#1274,.T.);
#1274 = EDGE_CURVE('',#1267,#426,#1275,.T.);
#1275 = LINE('',#1276,#1277);
#1276 = CARTESIAN_POINT('',(1.75,-0.5,0.3));
#1277 = VECTOR('',#1278,1.);
#1278 = DIRECTION('',(-1.190457365237E-16,-0.972082208573,0.234640533104
    ));
#1279 = ORIENTED_EDGE('',*,*,#433,.T.);
#1280 = ORIENTED_EDGE('',*,*,#1242,.T.);
#1281 = PLANE('',#1282);
#1282 = AXIS2_PLACEMENT_3D('',#1283,#1284,#1285);
#1283 = CARTESIAN_POINT('',(1.75,-0.515451356496,0.330008245993));
#1284 = DIRECTION('',(1.,-1.224646799147E-16,-1.256256073143E-32));
#1285 = DIRECTION('',(-1.256256073143E-32,1.538469978883E-48,-1.));
#1286 = ADVANCED_FACE('',(#1287),#1305,.F.);
#1287 = FACE_BOUND('',#1288,.F.);
#1288 = EDGE_LOOP('',(#1289,#1297,#1298,#1299));
#1289 = ORIENTED_EDGE('',*,*,#1290,.T.);
#1290 = EDGE_CURVE('',#1291,#1267,#1293,.T.);
#1291 = VERTEX_POINT('',#1292);
#1292 = CARTESIAN_POINT('',(3.25,-0.5,0.3));
#1293 = LINE('',#1294,#1295);
#1294 = CARTESIAN_POINT('',(3.25,-0.5,0.3));
#1295 = VECTOR('',#1296,1.);
#1296 = DIRECTION('',(-1.,1.224646799147E-16,0.));
#1297 = ORIENTED_EDGE('',*,*,#1274,.T.);
#1298 = ORIENTED_EDGE('',*,*,#425,.F.);
#1299 = ORIENTED_EDGE('',*,*,#1300,.F.);
#1300 = EDGE_CURVE('',#1291,#418,#1301,.T.);
#1301 = LINE('',#1302,#1303);
#1302 = CARTESIAN_POINT('',(3.25,-0.5,0.3));
#1303 = VECTOR('',#1304,1.);
#1304 = DIRECTION('',(-1.190457365237E-16,-0.972082208573,0.234640533104
    ));
#1305 = PLANE('',#1306);
#1306 = AXIS2_PLACEMENT_3D('',#1307,#1308,#1309);
#1307 = CARTESIAN_POINT('',(3.25,-0.5,0.3));
#1308 = DIRECTION('',(2.87351777816E-17,0.234640533104,0.972082208573));
#1309 = DIRECTION('',(-1.190457365237E-16,-0.972082208573,0.234640533104
    ));
#1310 = ADVANCED_FACE('',(#1311),#1336,.F.);
#1311 = FACE_BOUND('',#1312,.F.);
#1312 = EDGE_LOOP('',(#1313,#1314,#1322,#1328,#1329,#1330));
#1313 = ORIENTED_EDGE('',*,*,#1082,.T.);
#1314 = ORIENTED_EDGE('',*,*,#1315,.T.);
#1315 = EDGE_CURVE('',#1075,#1316,#1318,.T.);
#1316 = VERTEX_POINT('',#1317);
#1317 = CARTESIAN_POINT('',(3.25,0.5,0.3));
#1318 = LINE('',#1319,#1320);
#1319 = CARTESIAN_POINT('',(3.25,2.35,1.));
#1320 = VECTOR('',#1321,1.);
#1321 = DIRECTION('',(-1.14539532148E-16,-0.935286257456,-0.353892097416
    ));
#1322 = ORIENTED_EDGE('',*,*,#1323,.T.);
#1323 = EDGE_CURVE('',#1316,#1291,#1324,.T.);
#1324 = LINE('',#1325,#1326);
#1325 = CARTESIAN_POINT('',(3.25,0.5,0.3));
#1326 = VECTOR('',#1327,1.);
#1327 = DIRECTION('',(-1.224646799147E-16,-1.,0.));
#1328 = ORIENTED_EDGE('',*,*,#1300,.T.);
#1329 = ORIENTED_EDGE('',*,*,#417,.T.);
#1330 = ORIENTED_EDGE('',*,*,#1331,.T.);
#1331 = EDGE_CURVE('',#410,#1083,#1332,.T.);
#1332 = LINE('',#1333,#1334);
#1333 = CARTESIAN_POINT('',(3.25,-3.4,0.));
#1334 = VECTOR('',#1335,1.);
#1335 = DIRECTION('',(1.224646799147E-16,1.,0.));
#1336 = PLANE('',#1337);
#1337 = AXIS2_PLACEMENT_3D('',#1338,#1339,#1340);
#1338 = CARTESIAN_POINT('',(3.25,-0.515451356496,0.330008245993));
#1339 = DIRECTION('',(1.,-1.224646799147E-16,-1.256256073143E-32));
#1340 = DIRECTION('',(-1.256256073143E-32,1.538469978883E-48,-1.));
#1341 = ADVANCED_FACE('',(#1342),#1353,.F.);
#1342 = FACE_BOUND('',#1343,.F.);
#1343 = EDGE_LOOP('',(#1344,#1345,#1351,#1352));
#1344 = ORIENTED_EDGE('',*,*,#409,.T.);
#1345 = ORIENTED_EDGE('',*,*,#1346,.T.);
#1346 = EDGE_CURVE('',#402,#1091,#1347,.T.);
#1347 = LINE('',#1348,#1349);
#1348 = CARTESIAN_POINT('',(4.25,-3.4,0.));
#1349 = VECTOR('',#1350,1.);
#1350 = DIRECTION('',(1.224646799147E-16,1.,0.));
#1351 = ORIENTED_EDGE('',*,*,#1090,.T.);
#1352 = ORIENTED_EDGE('',*,*,#1331,.F.);
#1353 = PLANE('',#1354);
#1354 = AXIS2_PLACEMENT_3D('',#1355,#1356,#1357);
#1355 = CARTESIAN_POINT('',(2.5,-0.525,0.));
#1356 = DIRECTION('',(0.,0.,1.));
#1357 = DIRECTION('',(-1.,1.224646799147E-16,0.));
#1358 = ADVANCED_FACE('',(#1359),#1386,.T.);
#1359 = FACE_BOUND('',#1360,.T.);
#1360 = EDGE_LOOP('',(#1361,#1362,#1370,#1378,#1384,#1385));
#1361 = ORIENTED_EDGE('',*,*,#1098,.T.);
#1362 = ORIENTED_EDGE('',*,*,#1363,.T.);
#1363 = EDGE_CURVE('',#1099,#1364,#1366,.T.);
#1364 = VERTEX_POINT('',#1365);
#1365 = CARTESIAN_POINT('',(4.25,0.5,0.3));
#1366 = LINE('',#1367,#1368);
#1367 = CARTESIAN_POINT('',(4.25,2.35,1.));
#1368 = VECTOR('',#1369,1.);
#1369 = DIRECTION('',(-1.14539532148E-16,-0.935286257456,-0.353892097416
    ));
#1370 = ORIENTED_EDGE('',*,*,#1371,.T.);
#1371 = EDGE_CURVE('',#1364,#1372,#1374,.T.);
#1372 = VERTEX_POINT('',#1373);
#1373 = CARTESIAN_POINT('',(4.25,-0.5,0.3));
#1374 = LINE('',#1375,#1376);
#1375 = CARTESIAN_POINT('',(4.25,0.5,0.3));
#1376 = VECTOR('',#1377,1.);
#1377 = DIRECTION('',(-1.224646799147E-16,-1.,0.));
#1378 = ORIENTED_EDGE('',*,*,#1379,.T.);
#1379 = EDGE_CURVE('',#1372,#394,#1380,.T.);
#1380 = LINE('',#1381,#1382);
#1381 = CARTESIAN_POINT('',(4.25,-0.5,0.3));
#1382 = VECTOR('',#1383,1.);
#1383 = DIRECTION('',(-1.190457365237E-16,-0.972082208573,0.234640533104
    ));
#1384 = ORIENTED_EDGE('',*,*,#401,.T.);
#1385 = ORIENTED_EDGE('',*,*,#1346,.T.);
#1386 = PLANE('',#1387);
#1387 = AXIS2_PLACEMENT_3D('',#1388,#1389,#1390);
#1388 = CARTESIAN_POINT('',(4.25,-0.515451356496,0.330008245993));
#1389 = DIRECTION('',(1.,-1.224646799147E-16,-1.256256073143E-32));
#1390 = DIRECTION('',(-1.256256073143E-32,1.538469978883E-48,-1.));
#1391 = ADVANCED_FACE('',(#1392),#1410,.F.);
#1392 = FACE_BOUND('',#1393,.F.);
#1393 = EDGE_LOOP('',(#1394,#1402,#1403,#1404));
#1394 = ORIENTED_EDGE('',*,*,#1395,.T.);
#1395 = EDGE_CURVE('',#1396,#1372,#1398,.T.);
#1396 = VERTEX_POINT('',#1397);
#1397 = CARTESIAN_POINT('',(5.75,-0.5,0.3));
#1398 = LINE('',#1399,#1400);
#1399 = CARTESIAN_POINT('',(5.75,-0.5,0.3));
#1400 = VECTOR('',#1401,1.);
#1401 = DIRECTION('',(-1.,1.224646799147E-16,0.));
#1402 = ORIENTED_EDGE('',*,*,#1379,.T.);
#1403 = ORIENTED_EDGE('',*,*,#393,.F.);
#1404 = ORIENTED_EDGE('',*,*,#1405,.F.);
#1405 = EDGE_CURVE('',#1396,#386,#1406,.T.);
#1406 = LINE('',#1407,#1408);
#1407 = CARTESIAN_POINT('',(5.75,-0.5,0.3));
#1408 = VECTOR('',#1409,1.);
#1409 = DIRECTION('',(-1.190457365237E-16,-0.972082208573,0.234640533104
    ));
#1410 = PLANE('',#1411);
#1411 = AXIS2_PLACEMENT_3D('',#1412,#1413,#1414);
#1412 = CARTESIAN_POINT('',(5.75,-0.5,0.3));
#1413 = DIRECTION('',(2.87351777816E-17,0.234640533104,0.972082208573));
#1414 = DIRECTION('',(-1.190457365237E-16,-0.972082208573,0.234640533104
    ));
#1415 = ADVANCED_FACE('',(#1416),#1441,.F.);
#1416 = FACE_BOUND('',#1417,.F.);
#1417 = EDGE_LOOP('',(#1418,#1419,#1427,#1433,#1434,#1435));
#1418 = ORIENTED_EDGE('',*,*,#1114,.T.);
#1419 = ORIENTED_EDGE('',*,*,#1420,.T.);
#1420 = EDGE_CURVE('',#1107,#1421,#1423,.T.);
#1421 = VERTEX_POINT('',#1422);
#1422 = CARTESIAN_POINT('',(5.75,0.5,0.3));
#1423 = LINE('',#1424,#1425);
#1424 = CARTESIAN_POINT('',(5.75,2.35,1.));
#1425 = VECTOR('',#1426,1.);
#1426 = DIRECTION('',(-1.14539532148E-16,-0.935286257456,-0.353892097416
    ));
#1427 = ORIENTED_EDGE('',*,*,#1428,.T.);
#1428 = EDGE_CURVE('',#1421,#1396,#1429,.T.);
#1429 = LINE('',#1430,#1431);
#1430 = CARTESIAN_POINT('',(5.75,0.5,0.3));
#1431 = VECTOR('',#1432,1.);
#1432 = DIRECTION('',(-1.224646799147E-16,-1.,0.));
#1433 = ORIENTED_EDGE('',*,*,#1405,.T.);
#1434 = ORIENTED_EDGE('',*,*,#385,.T.);
#1435 = ORIENTED_EDGE('',*,*,#1436,.T.);
#1436 = EDGE_CURVE('',#378,#895,#1437,.T.);
#1437 = LINE('',#1438,#1439);
#1438 = CARTESIAN_POINT('',(5.75,-3.4,0.));
#1439 = VECTOR('',#1440,1.);
#1440 = DIRECTION('',(1.224646799147E-16,1.,0.));
#1441 = PLANE('',#1442);
#1442 = AXIS2_PLACEMENT_3D('',#1443,#1444,#1445);
#1443 = CARTESIAN_POINT('',(5.75,-0.515451356496,0.330008245993));
#1444 = DIRECTION('',(1.,-1.224646799147E-16,-1.256256073143E-32));
#1445 = DIRECTION('',(-1.256256073143E-32,1.538469978883E-48,-1.));
#1446 = ADVANCED_FACE('',(#1447),#1453,.F.);
#1447 = FACE_BOUND('',#1448,.F.);
#1448 = EDGE_LOOP('',(#1449,#1450,#1451,#1452));
#1449 = ORIENTED_EDGE('',*,*,#503,.T.);
#1450 = ORIENTED_EDGE('',*,*,#894,.T.);
#1451 = ORIENTED_EDGE('',*,*,#1436,.F.);
#1452 = ORIENTED_EDGE('',*,*,#377,.T.);
#1453 = PLANE('',#1454);
#1454 = AXIS2_PLACEMENT_3D('',#1455,#1456,#1457);
#1455 = CARTESIAN_POINT('',(2.5,-0.525,0.));
#1456 = DIRECTION('',(0.,0.,1.));
#1457 = DIRECTION('',(-1.,1.224646799147E-16,0.));
#1458 = ADVANCED_FACE('',(#1459),#1486,.F.);
#1459 = FACE_BOUND('',#1460,.F.);
#1460 = EDGE_LOOP('',(#1461,#1462,#1463,#1464,#1470,#1471,#1480));
#1461 = ORIENTED_EDGE('',*,*,#578,.T.);
#1462 = ORIENTED_EDGE('',*,*,#489,.F.);
#1463 = ORIENTED_EDGE('',*,*,#1137,.T.);
#1464 = ORIENTED_EDGE('',*,*,#1465,.T.);
#1465 = EDGE_CURVE('',#1130,#841,#1466,.T.);
#1466 = LINE('',#1467,#1468);
#1467 = CARTESIAN_POINT('',(6.6,-2.65,1.85));
#1468 = VECTOR('',#1469,1.);
#1469 = DIRECTION('',(1.224646799147E-16,1.,0.));
#1470 = ORIENTED_EDGE('',*,*,#848,.F.);
#1471 = ORIENTED_EDGE('',*,*,#1472,.F.);
#1472 = EDGE_CURVE('',#1473,#849,#1475,.T.);
#1473 = VERTEX_POINT('',#1474);
#1474 = CARTESIAN_POINT('',(6.6,1.,3.65));
#1475 = CIRCLE('',#1476,0.5);
#1476 = AXIS2_PLACEMENT_3D('',#1477,#1478,#1479);
#1477 = CARTESIAN_POINT('',(6.6,1.,4.15));
#1478 = DIRECTION('',(1.,-1.224646799147E-16,0.));
#1479 = DIRECTION('',(1.224646799147E-16,1.,0.));
#1480 = ORIENTED_EDGE('',*,*,#1481,.T.);
#1481 = EDGE_CURVE('',#1473,#571,#1482,.T.);
#1482 = LINE('',#1483,#1484);
#1483 = CARTESIAN_POINT('',(6.6,-0.825,3.65));
#1484 = VECTOR('',#1485,1.);
#1485 = DIRECTION('',(-1.224646799147E-16,-1.,0.));
#1486 = PLANE('',#1487);
#1487 = AXIS2_PLACEMENT_3D('',#1488,#1489,#1490);
#1488 = CARTESIAN_POINT('',(6.6,-2.65,7.));
#1489 = DIRECTION('',(1.,-1.224646799147E-16,0.));
#1490 = DIRECTION('',(1.224646799147E-16,1.,0.));
#1491 = ADVANCED_FACE('',(#1492),#1503,.T.);
#1492 = FACE_BOUND('',#1493,.T.);
#1493 = EDGE_LOOP('',(#1494,#1495,#1496,#1497));
#1494 = ORIENTED_EDGE('',*,*,#701,.F.);
#1495 = ORIENTED_EDGE('',*,*,#546,.T.);
#1496 = ORIENTED_EDGE('',*,*,#903,.T.);
#1497 = ORIENTED_EDGE('',*,*,#1498,.T.);
#1498 = EDGE_CURVE('',#904,#702,#1499,.T.);
#1499 = LINE('',#1500,#1501);
#1500 = CARTESIAN_POINT('',(5.5,2.35,7.));
#1501 = VECTOR('',#1502,1.);
#1502 = DIRECTION('',(-1.224646799147E-16,-1.,0.));
#1503 = PLANE('',#1504);
#1504 = AXIS2_PLACEMENT_3D('',#1505,#1506,#1507);
#1505 = CARTESIAN_POINT('',(2.5,-0.525,7.));
#1506 = DIRECTION('',(0.,0.,1.));
#1507 = DIRECTION('',(-1.,1.224646799147E-16,0.));
#1508 = ADVANCED_FACE('',(#1509),#1520,.F.);
#1509 = FACE_BOUND('',#1510,.F.);
#1510 = EDGE_LOOP('',(#1511,#1517,#1518,#1519));
#1511 = ORIENTED_EDGE('',*,*,#1512,.T.);
#1512 = EDGE_CURVE('',#522,#1473,#1513,.T.);
#1513 = LINE('',#1514,#1515);
#1514 = CARTESIAN_POINT('',(7.45,1.,3.65));
#1515 = VECTOR('',#1516,1.);
#1516 = DIRECTION('',(-1.,1.224646799147E-16,0.));
#1517 = ORIENTED_EDGE('',*,*,#1472,.T.);
#1518 = ORIENTED_EDGE('',*,*,#856,.F.);
#1519 = ORIENTED_EDGE('',*,*,#529,.T.);
#1520 = CYLINDRICAL_SURFACE('',#1521,0.5);
#1521 = AXIS2_PLACEMENT_3D('',#1522,#1523,#1524);
#1522 = CARTESIAN_POINT('',(7.45,1.,4.15));
#1523 = DIRECTION('',(1.,-1.224646799147E-16,-0.));
#1524 = DIRECTION('',(1.224646799147E-16,1.,0.));
#1525 = ADVANCED_FACE('',(#1526),#1532,.T.);
#1526 = FACE_BOUND('',#1527,.T.);
#1527 = EDGE_LOOP('',(#1528,#1529,#1530,#1531));
#1528 = ORIENTED_EDGE('',*,*,#521,.F.);
#1529 = ORIENTED_EDGE('',*,*,#1512,.T.);
#1530 = ORIENTED_EDGE('',*,*,#1481,.T.);
#1531 = ORIENTED_EDGE('',*,*,#570,.F.);
#1532 = PLANE('',#1533);
#1533 = AXIS2_PLACEMENT_3D('',#1534,#1535,#1536);
#1534 = CARTESIAN_POINT('',(7.45,1.,3.65));
#1535 = DIRECTION('',(0.,0.,1.));
#1536 = DIRECTION('',(-1.224646799147E-16,-1.,0.));
#1537 = ADVANCED_FACE('',(#1538,#1544,#1578,#1612),#1646,.T.);
#1538 = FACE_BOUND('',#1539,.T.);
#1539 = EDGE_LOOP('',(#1540,#1541,#1542,#1543));
#1540 = ORIENTED_EDGE('',*,*,#840,.T.);
#1541 = ORIENTED_EDGE('',*,*,#619,.T.);
#1542 = ORIENTED_EDGE('',*,*,#1129,.T.);
#1543 = ORIENTED_EDGE('',*,*,#1465,.T.);
#1544 = FACE_BOUND('',#1545,.T.);
#1545 = EDGE_LOOP('',(#1546,#1556,#1564,#1572));
#1546 = ORIENTED_EDGE('',*,*,#1547,.F.);
#1547 = EDGE_CURVE('',#1548,#1550,#1552,.T.);
#1548 = VERTEX_POINT('',#1549);
#1549 = CARTESIAN_POINT('',(-0.32,0.32,1.85));
#1550 = VERTEX_POINT('',#1551);
#1551 = CARTESIAN_POINT('',(-0.32,-0.32,1.85));
#1552 = LINE('',#1553,#1554);
#1553 = CARTESIAN_POINT('',(-0.32,-0.26920299558,1.85));
#1554 = VECTOR('',#1555,1.);
#1555 = DIRECTION('',(-1.224646799147E-16,-1.,0.));
#1556 = ORIENTED_EDGE('',*,*,#1557,.T.);
#1557 = EDGE_CURVE('',#1548,#1558,#1560,.T.);
#1558 = VERTEX_POINT('',#1559);
#1559 = CARTESIAN_POINT('',(0.32,0.32,1.85));
#1560 = LINE('',#1561,#1562);
#1561 = CARTESIAN_POINT('',(1.41,0.32,1.85));
#1562 = VECTOR('',#1563,1.);
#1563 = DIRECTION('',(1.,-1.224646799147E-16,-7.789680114753E-33));
#1564 = ORIENTED_EDGE('',*,*,#1565,.T.);
#1565 = EDGE_CURVE('',#1558,#1566,#1568,.T.);
#1566 = VERTEX_POINT('',#1567);
#1567 = CARTESIAN_POINT('',(0.32,-0.32,1.85));
#1568 = LINE('',#1569,#1570);
#1569 = CARTESIAN_POINT('',(0.32,-0.26920299558,1.85));
#1570 = VECTOR('',#1571,1.);
#1571 = DIRECTION('',(-1.224646799147E-16,-1.,0.));
#1572 = ORIENTED_EDGE('',*,*,#1573,.T.);
#1573 = EDGE_CURVE('',#1566,#1550,#1574,.T.);
#1574 = LINE('',#1575,#1576);
#1575 = CARTESIAN_POINT('',(1.41,-0.32,1.85));
#1576 = VECTOR('',#1577,1.);
#1577 = DIRECTION('',(-1.,1.224646799147E-16,7.789680114753E-33));
#1578 = FACE_BOUND('',#1579,.T.);
#1579 = EDGE_LOOP('',(#1580,#1590,#1598,#1606));
#1580 = ORIENTED_EDGE('',*,*,#1581,.F.);
#1581 = EDGE_CURVE('',#1582,#1584,#1586,.T.);
#1582 = VERTEX_POINT('',#1583);
#1583 = CARTESIAN_POINT('',(4.68,0.32,1.85));
#1584 = VERTEX_POINT('',#1585);
#1585 = CARTESIAN_POINT('',(4.68,-0.32,1.85));
#1586 = LINE('',#1587,#1588);
#1587 = CARTESIAN_POINT('',(4.68,-0.26920299558,1.85));
#1588 = VECTOR('',#1589,1.);
#1589 = DIRECTION('',(-1.224646799147E-16,-1.,0.));
#1590 = ORIENTED_EDGE('',*,*,#1591,.T.);
#1591 = EDGE_CURVE('',#1582,#1592,#1594,.T.);
#1592 = VERTEX_POINT('',#1593);
#1593 = CARTESIAN_POINT('',(5.32,0.32,1.85));
#1594 = LINE('',#1595,#1596);
#1595 = CARTESIAN_POINT('',(3.91,0.32,1.85));
#1596 = VECTOR('',#1597,1.);
#1597 = DIRECTION('',(1.,-1.224646799147E-16,-7.789680114753E-33));
#1598 = ORIENTED_EDGE('',*,*,#1599,.T.);
#1599 = EDGE_CURVE('',#1592,#1600,#1602,.T.);
#1600 = VERTEX_POINT('',#1601);
#1601 = CARTESIAN_POINT('',(5.32,-0.32,1.85));
#1602 = LINE('',#1603,#1604);
#1603 = CARTESIAN_POINT('',(5.32,-0.26920299558,1.85));
#1604 = VECTOR('',#1605,1.);
#1605 = DIRECTION('',(-1.224646799147E-16,-1.,0.));
#1606 = ORIENTED_EDGE('',*,*,#1607,.T.);
#1607 = EDGE_CURVE('',#1600,#1584,#1608,.T.);
#1608 = LINE('',#1609,#1610);
#1609 = CARTESIAN_POINT('',(3.91,-0.32,1.85));
#1610 = VECTOR('',#1611,1.);
#1611 = DIRECTION('',(-1.,1.224646799147E-16,7.789680114753E-33));
#1612 = FACE_BOUND('',#1613,.T.);
#1613 = EDGE_LOOP('',(#1614,#1624,#1632,#1640));
#1614 = ORIENTED_EDGE('',*,*,#1615,.F.);
#1615 = EDGE_CURVE('',#1616,#1618,#1620,.T.);
#1616 = VERTEX_POINT('',#1617);
#1617 = CARTESIAN_POINT('',(2.18,0.32,1.85));
#1618 = VERTEX_POINT('',#1619);
#1619 = CARTESIAN_POINT('',(2.18,-0.32,1.85));
#1620 = LINE('',#1621,#1622);
#1621 = CARTESIAN_POINT('',(2.18,-0.2875,1.85));
#1622 = VECTOR('',#1623,1.);
#1623 = DIRECTION('',(-1.224646799147E-16,-1.,0.));
#1624 = ORIENTED_EDGE('',*,*,#1625,.T.);
#1625 = EDGE_CURVE('',#1616,#1626,#1628,.T.);
#1626 = VERTEX_POINT('',#1627);
#1627 = CARTESIAN_POINT('',(2.82,0.32,1.85));
#1628 = LINE('',#1629,#1630);
#1629 = CARTESIAN_POINT('',(2.66,0.32,1.85));
#1630 = VECTOR('',#1631,1.);
#1631 = DIRECTION('',(1.,-1.224646799147E-16,-7.789680114753E-33));
#1632 = ORIENTED_EDGE('',*,*,#1633,.T.);
#1633 = EDGE_CURVE('',#1626,#1634,#1636,.T.);
#1634 = VERTEX_POINT('',#1635);
#1635 = CARTESIAN_POINT('',(2.82,-0.32,1.85));
#1636 = LINE('',#1637,#1638);
#1637 = CARTESIAN_POINT('',(2.82,-0.2875,1.85));
#1638 = VECTOR('',#1639,1.);
#1639 = DIRECTION('',(-1.224646799147E-16,-1.,0.));
#1640 = ORIENTED_EDGE('',*,*,#1641,.T.);
#1641 = EDGE_CURVE('',#1634,#1618,#1642,.T.);
#1642 = LINE('',#1643,#1644);
#1643 = CARTESIAN_POINT('',(2.66,-0.32,1.85));
#1644 = VECTOR('',#1645,1.);
#1645 = DIRECTION('',(-1.,1.224646799147E-16,7.789680114753E-33));
#1646 = PLANE('',#1647);
#1647 = AXIS2_PLACEMENT_3D('',#1648,#1649,#1650);
#1648 = CARTESIAN_POINT('',(2.5,-0.575,1.85));
#1649 = DIRECTION('',(7.789680114753E-33,-9.539606818914E-49,1.));
#1650 = DIRECTION('',(-1.,1.224646799147E-16,7.789680114753E-33));
#1651 = ADVANCED_FACE('',(#1652),#1663,.F.);
#1652 = FACE_BOUND('',#1653,.F.);
#1653 = EDGE_LOOP('',(#1654,#1655,#1661,#1662));
#1654 = ORIENTED_EDGE('',*,*,#1025,.F.);
#1655 = ORIENTED_EDGE('',*,*,#1656,.T.);
#1656 = EDGE_CURVE('',#1018,#816,#1657,.T.);
#1657 = LINE('',#1658,#1659);
#1658 = CARTESIAN_POINT('',(-0.5,2.35,6.1));
#1659 = VECTOR('',#1660,1.);
#1660 = DIRECTION('',(-1.224646799147E-16,-1.,0.));
#1661 = ORIENTED_EDGE('',*,*,#823,.F.);
#1662 = ORIENTED_EDGE('',*,*,#871,.F.);
#1663 = PLANE('',#1664);
#1664 = AXIS2_PLACEMENT_3D('',#1665,#1666,#1667);
#1665 = CARTESIAN_POINT('',(-0.5,2.35,6.1));
#1666 = DIRECTION('',(-1.,1.224646799147E-16,0.));
#1667 = DIRECTION('',(0.,0.,1.));
#1668 = ADVANCED_FACE('',(#1669),#1680,.F.);
#1669 = FACE_BOUND('',#1670,.F.);
#1670 = EDGE_LOOP('',(#1671,#1672,#1678,#1679));
#1671 = ORIENTED_EDGE('',*,*,#1017,.F.);
#1672 = ORIENTED_EDGE('',*,*,#1673,.T.);
#1673 = EDGE_CURVE('',#1010,#808,#1674,.T.);
#1674 = LINE('',#1675,#1676);
#1675 = CARTESIAN_POINT('',(-0.25,2.35,5.85));
#1676 = VECTOR('',#1677,1.);
#1677 = DIRECTION('',(-1.224646799147E-16,-1.,0.));
#1678 = ORIENTED_EDGE('',*,*,#815,.F.);
#1679 = ORIENTED_EDGE('',*,*,#1656,.F.);
#1680 = PLANE('',#1681);
#1681 = AXIS2_PLACEMENT_3D('',#1682,#1683,#1684);
#1682 = CARTESIAN_POINT('',(-0.25,2.35,5.85));
#1683 = DIRECTION('',(-0.707106781187,8.659560562349E-17,-0.707106781187
    ));
#1684 = DIRECTION('',(-0.707106781187,8.659560562349E-17,0.707106781187)
  );
#1685 = ADVANCED_FACE('',(#1686),#1697,.F.);
#1686 = FACE_BOUND('',#1687,.F.);
#1687 = EDGE_LOOP('',(#1688,#1689,#1695,#1696));
#1688 = ORIENTED_EDGE('',*,*,#1009,.F.);
#1689 = ORIENTED_EDGE('',*,*,#1690,.T.);
#1690 = EDGE_CURVE('',#1002,#800,#1691,.T.);
#1691 = LINE('',#1692,#1693);
#1692 = CARTESIAN_POINT('',(-0.5,2.35,5.6));
#1693 = VECTOR('',#1694,1.);
#1694 = DIRECTION('',(-1.224646799147E-16,-1.,0.));
#1695 = ORIENTED_EDGE('',*,*,#807,.F.);
#1696 = ORIENTED_EDGE('',*,*,#1673,.F.);
#1697 = PLANE('',#1698);
#1698 = AXIS2_PLACEMENT_3D('',#1699,#1700,#1701);
#1699 = CARTESIAN_POINT('',(-0.5,2.35,5.6));
#1700 = DIRECTION('',(-0.707106781187,8.659560562349E-17,0.707106781187)
  );
#1701 = DIRECTION('',(0.707106781187,-8.659560562349E-17,0.707106781187)
  );
#1702 = ADVANCED_FACE('',(#1703),#1714,.F.);
#1703 = FACE_BOUND('',#1704,.F.);
#1704 = EDGE_LOOP('',(#1705,#1706,#1712,#1713));
#1705 = ORIENTED_EDGE('',*,*,#1001,.F.);
#1706 = ORIENTED_EDGE('',*,*,#1707,.T.);
#1707 = EDGE_CURVE('',#993,#791,#1708,.T.);
#1708 = LINE('',#1709,#1710);
#1709 = CARTESIAN_POINT('',(-0.5,2.35,3.85));
#1710 = VECTOR('',#1711,1.);
#1711 = DIRECTION('',(-1.224646799147E-16,-1.,0.));
#1712 = ORIENTED_EDGE('',*,*,#799,.F.);
#1713 = ORIENTED_EDGE('',*,*,#1690,.F.);
#1714 = PLANE('',#1715);
#1715 = AXIS2_PLACEMENT_3D('',#1716,#1717,#1718);
#1716 = CARTESIAN_POINT('',(-0.5,2.35,3.1));
#1717 = DIRECTION('',(-1.,1.224646799147E-16,0.));
#1718 = DIRECTION('',(0.,0.,1.));
#1719 = ADVANCED_FACE('',(#1720),#1731,.F.);
#1720 = FACE_BOUND('',#1721,.F.);
#1721 = EDGE_LOOP('',(#1722,#1723,#1724,#1725));
#1722 = ORIENTED_EDGE('',*,*,#790,.F.);
#1723 = ORIENTED_EDGE('',*,*,#1707,.F.);
#1724 = ORIENTED_EDGE('',*,*,#992,.F.);
#1725 = ORIENTED_EDGE('',*,*,#1726,.T.);
#1726 = EDGE_CURVE('',#985,#783,#1727,.T.);
#1727 = LINE('',#1728,#1729);
#1728 = CARTESIAN_POINT('',(0.25,2.35,3.1));
#1729 = VECTOR('',#1730,1.);
#1730 = DIRECTION('',(-1.224646799147E-16,-1.,0.));
#1731 = CYLINDRICAL_SURFACE('',#1732,0.75);
#1732 = AXIS2_PLACEMENT_3D('',#1733,#1734,#1735);
#1733 = CARTESIAN_POINT('',(0.25,2.35,3.85));
#1734 = DIRECTION('',(-1.224646799147E-16,-1.,0.));
#1735 = DIRECTION('',(-0.,0.,-1.));
#1736 = ADVANCED_FACE('',(#1737),#1748,.F.);
#1737 = FACE_BOUND('',#1738,.F.);
#1738 = EDGE_LOOP('',(#1739,#1740,#1741,#1747));
#1739 = ORIENTED_EDGE('',*,*,#1726,.F.);
#1740 = ORIENTED_EDGE('',*,*,#984,.F.);
#1741 = ORIENTED_EDGE('',*,*,#1742,.T.);
#1742 = EDGE_CURVE('',#977,#775,#1743,.T.);
#1743 = LINE('',#1744,#1745);
#1744 = CARTESIAN_POINT('',(1.,2.35,3.1));
#1745 = VECTOR('',#1746,1.);
#1746 = DIRECTION('',(-1.224646799147E-16,-1.,0.));
#1747 = ORIENTED_EDGE('',*,*,#782,.F.);
#1748 = PLANE('',#1749);
#1749 = AXIS2_PLACEMENT_3D('',#1750,#1751,#1752);
#1750 = CARTESIAN_POINT('',(1.,2.35,3.1));
#1751 = DIRECTION('',(-0.,0.,-1.));
#1752 = DIRECTION('',(-1.,1.224646799147E-16,0.));
#1753 = ADVANCED_FACE('',(#1754),#1765,.F.);
#1754 = FACE_BOUND('',#1755,.F.);
#1755 = EDGE_LOOP('',(#1756,#1757,#1763,#1764));
#1756 = ORIENTED_EDGE('',*,*,#976,.F.);
#1757 = ORIENTED_EDGE('',*,*,#1758,.T.);
#1758 = EDGE_CURVE('',#969,#767,#1759,.T.);
#1759 = LINE('',#1760,#1761);
#1760 = CARTESIAN_POINT('',(1.,2.35,7.));
#1761 = VECTOR('',#1762,1.);
#1762 = DIRECTION('',(-1.224646799147E-16,-1.,0.));
#1763 = ORIENTED_EDGE('',*,*,#774,.F.);
#1764 = ORIENTED_EDGE('',*,*,#1742,.F.);
#1765 = PLANE('',#1766);
#1766 = AXIS2_PLACEMENT_3D('',#1767,#1768,#1769);
#1767 = CARTESIAN_POINT('',(1.,2.35,7.));
#1768 = DIRECTION('',(1.,-1.224646799147E-16,0.));
#1769 = DIRECTION('',(0.,-0.,-1.));
#1770 = ADVANCED_FACE('',(#1771),#1782,.T.);
#1771 = FACE_BOUND('',#1772,.T.);
#1772 = EDGE_LOOP('',(#1773,#1774,#1780,#1781));
#1773 = ORIENTED_EDGE('',*,*,#766,.F.);
#1774 = ORIENTED_EDGE('',*,*,#1775,.F.);
#1775 = EDGE_CURVE('',#961,#759,#1776,.T.);
#1776 = LINE('',#1777,#1778);
#1777 = CARTESIAN_POINT('',(4.,2.35,7.));
#1778 = VECTOR('',#1779,1.);
#1779 = DIRECTION('',(-1.224646799147E-16,-1.,0.));
#1780 = ORIENTED_EDGE('',*,*,#968,.T.);
#1781 = ORIENTED_EDGE('',*,*,#1758,.T.);
#1782 = PLANE('',#1783);
#1783 = AXIS2_PLACEMENT_3D('',#1784,#1785,#1786);
#1784 = CARTESIAN_POINT('',(2.5,-0.525,7.));
#1785 = DIRECTION('',(0.,0.,1.));
#1786 = DIRECTION('',(-1.,1.224646799147E-16,0.));
#1787 = ADVANCED_FACE('',(#1788),#1799,.T.);
#1788 = FACE_BOUND('',#1789,.T.);
#1789 = EDGE_LOOP('',(#1790,#1791,#1792,#1793));
#1790 = ORIENTED_EDGE('',*,*,#960,.F.);
#1791 = ORIENTED_EDGE('',*,*,#1775,.T.);
#1792 = ORIENTED_EDGE('',*,*,#758,.F.);
#1793 = ORIENTED_EDGE('',*,*,#1794,.F.);
#1794 = EDGE_CURVE('',#953,#751,#1795,.T.);
#1795 = LINE('',#1796,#1797);
#1796 = CARTESIAN_POINT('',(4.,2.35,3.1));
#1797 = VECTOR('',#1798,1.);
#1798 = DIRECTION('',(-1.224646799147E-16,-1.,0.));
#1799 = PLANE('',#1800);
#1800 = AXIS2_PLACEMENT_3D('',#1801,#1802,#1803);
#1801 = CARTESIAN_POINT('',(4.,2.35,7.));
#1802 = DIRECTION('',(1.,-1.224646799147E-16,0.));
#1803 = DIRECTION('',(0.,-0.,-1.));
#1804 = ADVANCED_FACE('',(#1805),#1816,.T.);
#1805 = FACE_BOUND('',#1806,.T.);
#1806 = EDGE_LOOP('',(#1807,#1813,#1814,#1815));
#1807 = ORIENTED_EDGE('',*,*,#1808,.F.);
#1808 = EDGE_CURVE('',#944,#742,#1809,.T.);
#1809 = LINE('',#1810,#1811);
#1810 = CARTESIAN_POINT('',(4.75,2.35,3.1));
#1811 = VECTOR('',#1812,1.);
#1812 = DIRECTION('',(-1.224646799147E-16,-1.,0.));
#1813 = ORIENTED_EDGE('',*,*,#952,.F.);
#1814 = ORIENTED_EDGE('',*,*,#1794,.T.);
#1815 = ORIENTED_EDGE('',*,*,#750,.F.);
#1816 = PLANE('',#1817);
#1817 = AXIS2_PLACEMENT_3D('',#1818,#1819,#1820);
#1818 = CARTESIAN_POINT('',(4.,2.35,3.1));
#1819 = DIRECTION('',(0.,0.,1.));
#1820 = DIRECTION('',(1.,-1.224646799147E-16,0.));
#1821 = ADVANCED_FACE('',(#1822),#1833,.F.);
#1822 = FACE_BOUND('',#1823,.F.);
#1823 = EDGE_LOOP('',(#1824,#1825,#1826,#1832));
#1824 = ORIENTED_EDGE('',*,*,#1808,.F.);
#1825 = ORIENTED_EDGE('',*,*,#943,.T.);
#1826 = ORIENTED_EDGE('',*,*,#1827,.T.);
#1827 = EDGE_CURVE('',#936,#734,#1828,.T.);
#1828 = LINE('',#1829,#1830);
#1829 = CARTESIAN_POINT('',(5.5,2.35,3.85));
#1830 = VECTOR('',#1831,1.);
#1831 = DIRECTION('',(-1.224646799147E-16,-1.,0.));
#1832 = ORIENTED_EDGE('',*,*,#741,.F.);
#1833 = CYLINDRICAL_SURFACE('',#1834,0.75);
#1834 = AXIS2_PLACEMENT_3D('',#1835,#1836,#1837);
#1835 = CARTESIAN_POINT('',(4.75,2.35,3.85));
#1836 = DIRECTION('',(-1.224646799147E-16,-1.,0.));
#1837 = DIRECTION('',(0.,-0.,-1.));
#1838 = ADVANCED_FACE('',(#1839),#1850,.T.);
#1839 = FACE_BOUND('',#1840,.T.);
#1840 = EDGE_LOOP('',(#1841,#1842,#1843,#1844));
#1841 = ORIENTED_EDGE('',*,*,#935,.F.);
#1842 = ORIENTED_EDGE('',*,*,#1827,.T.);
#1843 = ORIENTED_EDGE('',*,*,#733,.F.);
#1844 = ORIENTED_EDGE('',*,*,#1845,.F.);
#1845 = EDGE_CURVE('',#928,#726,#1846,.T.);
#1846 = LINE('',#1847,#1848);
#1847 = CARTESIAN_POINT('',(5.5,2.35,5.6));
#1848 = VECTOR('',#1849,1.);
#1849 = DIRECTION('',(-1.224646799147E-16,-1.,0.));
#1850 = PLANE('',#1851);
#1851 = AXIS2_PLACEMENT_3D('',#1852,#1853,#1854);
#1852 = CARTESIAN_POINT('',(5.5,2.35,3.1));
#1853 = DIRECTION('',(-1.,1.224646799147E-16,0.));
#1854 = DIRECTION('',(0.,0.,1.));
#1855 = ADVANCED_FACE('',(#1856),#1867,.T.);
#1856 = FACE_BOUND('',#1857,.T.);
#1857 = EDGE_LOOP('',(#1858,#1859,#1860,#1861));
#1858 = ORIENTED_EDGE('',*,*,#927,.F.);
#1859 = ORIENTED_EDGE('',*,*,#1845,.T.);
#1860 = ORIENTED_EDGE('',*,*,#725,.F.);
#1861 = ORIENTED_EDGE('',*,*,#1862,.F.);
#1862 = EDGE_CURVE('',#920,#718,#1863,.T.);
#1863 = LINE('',#1864,#1865);
#1864 = CARTESIAN_POINT('',(5.25,2.35,5.85));
#1865 = VECTOR('',#1866,1.);
#1866 = DIRECTION('',(-1.224646799147E-16,-1.,0.));
#1867 = PLANE('',#1868);
#1868 = AXIS2_PLACEMENT_3D('',#1869,#1870,#1871);
#1869 = CARTESIAN_POINT('',(5.5,2.35,5.6));
#1870 = DIRECTION('',(-0.707106781187,8.659560562349E-17,-0.707106781187
    ));
#1871 = DIRECTION('',(-0.707106781187,8.659560562349E-17,0.707106781187)
  );
#1872 = ADVANCED_FACE('',(#1873),#1884,.T.);
#1873 = FACE_BOUND('',#1874,.T.);
#1874 = EDGE_LOOP('',(#1875,#1876,#1877,#1878));
#1875 = ORIENTED_EDGE('',*,*,#919,.F.);
#1876 = ORIENTED_EDGE('',*,*,#1862,.T.);
#1877 = ORIENTED_EDGE('',*,*,#717,.F.);
#1878 = ORIENTED_EDGE('',*,*,#1879,.F.);
#1879 = EDGE_CURVE('',#912,#710,#1880,.T.);
#1880 = LINE('',#1881,#1882);
#1881 = CARTESIAN_POINT('',(5.5,2.35,6.1));
#1882 = VECTOR('',#1883,1.);
#1883 = DIRECTION('',(-1.224646799147E-16,-1.,0.));
#1884 = PLANE('',#1885);
#1885 = AXIS2_PLACEMENT_3D('',#1886,#1887,#1888);
#1886 = CARTESIAN_POINT('',(5.25,2.35,5.85));
#1887 = DIRECTION('',(-0.707106781187,8.659560562349E-17,0.707106781187)
  );
#1888 = DIRECTION('',(0.707106781187,-8.659560562349E-17,0.707106781187)
  );
#1889 = ADVANCED_FACE('',(#1890),#1896,.T.);
#1890 = FACE_BOUND('',#1891,.T.);
#1891 = EDGE_LOOP('',(#1892,#1893,#1894,#1895));
#1892 = ORIENTED_EDGE('',*,*,#911,.F.);
#1893 = ORIENTED_EDGE('',*,*,#1879,.T.);
#1894 = ORIENTED_EDGE('',*,*,#709,.F.);
#1895 = ORIENTED_EDGE('',*,*,#1498,.F.);
#1896 = PLANE('',#1897);
#1897 = AXIS2_PLACEMENT_3D('',#1898,#1899,#1900);
#1898 = CARTESIAN_POINT('',(5.5,2.35,6.1));
#1899 = DIRECTION('',(-1.,1.224646799147E-16,4.93432455389E-16));
#1900 = DIRECTION('',(4.93432455389E-16,-6.042804770875E-32,1.));
#1901 = ADVANCED_FACE('',(#1902),#1913,.F.);
#1902 = FACE_BOUND('',#1903,.F.);
#1903 = EDGE_LOOP('',(#1904,#1905,#1906,#1912));
#1904 = ORIENTED_EDGE('',*,*,#1106,.T.);
#1905 = ORIENTED_EDGE('',*,*,#1363,.T.);
#1906 = ORIENTED_EDGE('',*,*,#1907,.F.);
#1907 = EDGE_CURVE('',#1421,#1364,#1908,.T.);
#1908 = LINE('',#1909,#1910);
#1909 = CARTESIAN_POINT('',(5.75,0.5,0.3));
#1910 = VECTOR('',#1911,1.);
#1911 = DIRECTION('',(-1.,1.224646799147E-16,0.));
#1912 = ORIENTED_EDGE('',*,*,#1420,.F.);
#1913 = PLANE('',#1914);
#1914 = AXIS2_PLACEMENT_3D('',#1915,#1916,#1917);
#1915 = CARTESIAN_POINT('',(5.75,2.35,1.));
#1916 = DIRECTION('',(-4.33392824344E-17,-0.353892097416,0.935286257456)
  );
#1917 = DIRECTION('',(-1.14539532148E-16,-0.935286257456,-0.353892097416
    ));
#1918 = ADVANCED_FACE('',(#1919),#1930,.F.);
#1919 = FACE_BOUND('',#1920,.F.);
#1920 = EDGE_LOOP('',(#1921,#1922,#1923,#1929));
#1921 = ORIENTED_EDGE('',*,*,#1074,.T.);
#1922 = ORIENTED_EDGE('',*,*,#1258,.T.);
#1923 = ORIENTED_EDGE('',*,*,#1924,.F.);
#1924 = EDGE_CURVE('',#1316,#1259,#1925,.T.);
#1925 = LINE('',#1926,#1927);
#1926 = CARTESIAN_POINT('',(3.25,0.5,0.3));
#1927 = VECTOR('',#1928,1.);
#1928 = DIRECTION('',(-1.,1.224646799147E-16,0.));
#1929 = ORIENTED_EDGE('',*,*,#1315,.F.);
#1930 = PLANE('',#1931);
#1931 = AXIS2_PLACEMENT_3D('',#1932,#1933,#1934);
#1932 = CARTESIAN_POINT('',(3.25,2.35,1.));
#1933 = DIRECTION('',(-4.33392824344E-17,-0.353892097416,0.935286257456)
  );
#1934 = DIRECTION('',(-1.14539532148E-16,-0.935286257456,-0.353892097416
    ));
#1935 = ADVANCED_FACE('',(#1936),#1947,.F.);
#1936 = FACE_BOUND('',#1937,.F.);
#1937 = EDGE_LOOP('',(#1938,#1939,#1940,#1946));
#1938 = ORIENTED_EDGE('',*,*,#1042,.T.);
#1939 = ORIENTED_EDGE('',*,*,#1153,.T.);
#1940 = ORIENTED_EDGE('',*,*,#1941,.F.);
#1941 = EDGE_CURVE('',#1211,#1154,#1942,.T.);
#1942 = LINE('',#1943,#1944);
#1943 = CARTESIAN_POINT('',(0.75,0.5,0.3));
#1944 = VECTOR('',#1945,1.);
#1945 = DIRECTION('',(-1.,1.224646799147E-16,0.));
#1946 = ORIENTED_EDGE('',*,*,#1210,.F.);
#1947 = PLANE('',#1948);
#1948 = AXIS2_PLACEMENT_3D('',#1949,#1950,#1951);
#1949 = CARTESIAN_POINT('',(0.75,2.35,1.));
#1950 = DIRECTION('',(-4.33392824344E-17,-0.353892097416,0.935286257456)
  );
#1951 = DIRECTION('',(-1.14539532148E-16,-0.935286257456,-0.353892097416
    ));
#1952 = ADVANCED_FACE('',(#1953,#1959),#1993,.F.);
#1953 = FACE_BOUND('',#1954,.F.);
#1954 = EDGE_LOOP('',(#1955,#1956,#1957,#1958));
#1955 = ORIENTED_EDGE('',*,*,#1941,.T.);
#1956 = ORIENTED_EDGE('',*,*,#1161,.T.);
#1957 = ORIENTED_EDGE('',*,*,#1185,.F.);
#1958 = ORIENTED_EDGE('',*,*,#1218,.F.);
#1959 = FACE_BOUND('',#1960,.F.);
#1960 = EDGE_LOOP('',(#1961,#1971,#1979,#1987));
#1961 = ORIENTED_EDGE('',*,*,#1962,.F.);
#1962 = EDGE_CURVE('',#1963,#1965,#1967,.T.);
#1963 = VERTEX_POINT('',#1964);
#1964 = CARTESIAN_POINT('',(-0.32,0.32,0.3));
#1965 = VERTEX_POINT('',#1966);
#1966 = CARTESIAN_POINT('',(-0.32,-0.32,0.3));
#1967 = LINE('',#1968,#1969);
#1968 = CARTESIAN_POINT('',(-0.32,0.26829700442,0.3));
#1969 = VECTOR('',#1970,1.);
#1970 = DIRECTION('',(-1.224646799147E-16,-1.,0.));
#1971 = ORIENTED_EDGE('',*,*,#1972,.T.);
#1972 = EDGE_CURVE('',#1963,#1973,#1975,.T.);
#1973 = VERTEX_POINT('',#1974);
#1974 = CARTESIAN_POINT('',(0.32,0.32,0.3));
#1975 = LINE('',#1976,#1977);
#1976 = CARTESIAN_POINT('',(0.535,0.32,0.3));
#1977 = VECTOR('',#1978,1.);
#1978 = DIRECTION('',(1.,-1.224646799147E-16,0.));
#1979 = ORIENTED_EDGE('',*,*,#1980,.T.);
#1980 = EDGE_CURVE('',#1973,#1981,#1983,.T.);
#1981 = VERTEX_POINT('',#1982);
#1982 = CARTESIAN_POINT('',(0.32,-0.32,0.3));
#1983 = LINE('',#1984,#1985);
#1984 = CARTESIAN_POINT('',(0.32,0.26829700442,0.3));
#1985 = VECTOR('',#1986,1.);
#1986 = DIRECTION('',(-1.224646799147E-16,-1.,0.));
#1987 = ORIENTED_EDGE('',*,*,#1988,.T.);
#1988 = EDGE_CURVE('',#1981,#1965,#1989,.T.);
#1989 = LINE('',#1990,#1991);
#1990 = CARTESIAN_POINT('',(0.535,-0.32,0.3));
#1991 = VECTOR('',#1992,1.);
#1992 = DIRECTION('',(-1.,1.224646799147E-16,0.));
#1993 = PLANE('',#1994);
#1994 = AXIS2_PLACEMENT_3D('',#1995,#1996,#1997);
#1995 = CARTESIAN_POINT('',(0.75,0.5,0.3));
#1996 = DIRECTION('',(0.,0.,1.));
#1997 = DIRECTION('',(-1.224646799147E-16,-1.,0.));
#1998 = ADVANCED_FACE('',(#1999,#2005),#2039,.F.);
#1999 = FACE_BOUND('',#2000,.F.);
#2000 = EDGE_LOOP('',(#2001,#2002,#2003,#2004));
#2001 = ORIENTED_EDGE('',*,*,#1924,.T.);
#2002 = ORIENTED_EDGE('',*,*,#1266,.T.);
#2003 = ORIENTED_EDGE('',*,*,#1290,.F.);
#2004 = ORIENTED_EDGE('',*,*,#1323,.F.);
#2005 = FACE_BOUND('',#2006,.F.);
#2006 = EDGE_LOOP('',(#2007,#2017,#2025,#2033));
#2007 = ORIENTED_EDGE('',*,*,#2008,.F.);
#2008 = EDGE_CURVE('',#2009,#2011,#2013,.T.);
#2009 = VERTEX_POINT('',#2010);
#2010 = CARTESIAN_POINT('',(2.18,0.32,0.3));
#2011 = VERTEX_POINT('',#2012);
#2012 = CARTESIAN_POINT('',(2.18,-0.32,0.3));
#2013 = LINE('',#2014,#2015);
#2014 = CARTESIAN_POINT('',(2.18,0.25,0.3));
#2015 = VECTOR('',#2016,1.);
#2016 = DIRECTION('',(-1.224646799147E-16,-1.,0.));
#2017 = ORIENTED_EDGE('',*,*,#2018,.T.);
#2018 = EDGE_CURVE('',#2009,#2019,#2021,.T.);
#2019 = VERTEX_POINT('',#2020);
#2020 = CARTESIAN_POINT('',(2.82,0.32,0.3));
#2021 = LINE('',#2022,#2023);
#2022 = CARTESIAN_POINT('',(3.035,0.32,0.3));
#2023 = VECTOR('',#2024,1.);
#2024 = DIRECTION('',(1.,-1.224646799147E-16,0.));
#2025 = ORIENTED_EDGE('',*,*,#2026,.T.);
#2026 = EDGE_CURVE('',#2019,#2027,#2029,.T.);
#2027 = VERTEX_POINT('',#2028);
#2028 = CARTESIAN_POINT('',(2.82,-0.32,0.3));
#2029 = LINE('',#2030,#2031);
#2030 = CARTESIAN_POINT('',(2.82,0.25,0.3));
#2031 = VECTOR('',#2032,1.);
#2032 = DIRECTION('',(-1.224646799147E-16,-1.,0.));
#2033 = ORIENTED_EDGE('',*,*,#2034,.T.);
#2034 = EDGE_CURVE('',#2027,#2011,#2035,.T.);
#2035 = LINE('',#2036,#2037);
#2036 = CARTESIAN_POINT('',(3.035,-0.32,0.3));
#2037 = VECTOR('',#2038,1.);
#2038 = DIRECTION('',(-1.,1.224646799147E-16,0.));
#2039 = PLANE('',#2040);
#2040 = AXIS2_PLACEMENT_3D('',#2041,#2042,#2043);
#2041 = CARTESIAN_POINT('',(3.25,0.5,0.3));
#2042 = DIRECTION('',(0.,0.,1.));
#2043 = DIRECTION('',(-1.224646799147E-16,-1.,0.));
#2044 = ADVANCED_FACE('',(#2045,#2051),#2085,.F.);
#2045 = FACE_BOUND('',#2046,.F.);
#2046 = EDGE_LOOP('',(#2047,#2048,#2049,#2050));
#2047 = ORIENTED_EDGE('',*,*,#1907,.T.);
#2048 = ORIENTED_EDGE('',*,*,#1371,.T.);
#2049 = ORIENTED_EDGE('',*,*,#1395,.F.);
#2050 = ORIENTED_EDGE('',*,*,#1428,.F.);
#2051 = FACE_BOUND('',#2052,.F.);
#2052 = EDGE_LOOP('',(#2053,#2063,#2071,#2079));
#2053 = ORIENTED_EDGE('',*,*,#2054,.F.);
#2054 = EDGE_CURVE('',#2055,#2057,#2059,.T.);
#2055 = VERTEX_POINT('',#2056);
#2056 = CARTESIAN_POINT('',(4.68,0.32,0.3));
#2057 = VERTEX_POINT('',#2058);
#2058 = CARTESIAN_POINT('',(4.68,-0.32,0.3));
#2059 = LINE('',#2060,#2061);
#2060 = CARTESIAN_POINT('',(4.68,0.26829700442,0.3));
#2061 = VECTOR('',#2062,1.);
#2062 = DIRECTION('',(-1.224646799147E-16,-1.,0.));
#2063 = ORIENTED_EDGE('',*,*,#2064,.T.);
#2064 = EDGE_CURVE('',#2055,#2065,#2067,.T.);
#2065 = VERTEX_POINT('',#2066);
#2066 = CARTESIAN_POINT('',(5.32,0.32,0.3));
#2067 = LINE('',#2068,#2069);
#2068 = CARTESIAN_POINT('',(5.535,0.32,0.3));
#2069 = VECTOR('',#2070,1.);
#2070 = DIRECTION('',(1.,-1.224646799147E-16,0.));
#2071 = ORIENTED_EDGE('',*,*,#2072,.T.);
#2072 = EDGE_CURVE('',#2065,#2073,#2075,.T.);
#2073 = VERTEX_POINT('',#2074);
#2074 = CARTESIAN_POINT('',(5.32,-0.32,0.3));
#2075 = LINE('',#2076,#2077);
#2076 = CARTESIAN_POINT('',(5.32,0.26829700442,0.3));
#2077 = VECTOR('',#2078,1.);
#2078 = DIRECTION('',(-1.224646799147E-16,-1.,0.));
#2079 = ORIENTED_EDGE('',*,*,#2080,.T.);
#2080 = EDGE_CURVE('',#2073,#2057,#2081,.T.);
#2081 = LINE('',#2082,#2083);
#2082 = CARTESIAN_POINT('',(5.535,-0.32,0.3));
#2083 = VECTOR('',#2084,1.);
#2084 = DIRECTION('',(-1.,1.224646799147E-16,0.));
#2085 = PLANE('',#2086);
#2086 = AXIS2_PLACEMENT_3D('',#2087,#2088,#2089);
#2087 = CARTESIAN_POINT('',(5.75,0.5,0.3));
#2088 = DIRECTION('',(0.,0.,1.));
#2089 = DIRECTION('',(-1.224646799147E-16,-1.,0.));
#2090 = ADVANCED_FACE('',(#2091),#2116,.T.);
#2091 = FACE_BOUND('',#2092,.T.);
#2092 = EDGE_LOOP('',(#2093,#2094,#2102,#2110));
#2093 = ORIENTED_EDGE('',*,*,#1547,.T.);
#2094 = ORIENTED_EDGE('',*,*,#2095,.T.);
#2095 = EDGE_CURVE('',#1550,#2096,#2098,.T.);
#2096 = VERTEX_POINT('',#2097);
#2097 = CARTESIAN_POINT('',(-0.32,-0.32,6.3));
#2098 = LINE('',#2099,#2100);
#2099 = CARTESIAN_POINT('',(-0.32,-0.32,-0.9));
#2100 = VECTOR('',#2101,1.);
#2101 = DIRECTION('',(0.,0.,1.));
#2102 = ORIENTED_EDGE('',*,*,#2103,.T.);
#2103 = EDGE_CURVE('',#2096,#2104,#2106,.T.);
#2104 = VERTEX_POINT('',#2105);
#2105 = CARTESIAN_POINT('',(-0.32,0.32,6.3));
#2106 = LINE('',#2107,#2108);
#2107 = CARTESIAN_POINT('',(-0.32,-0.32,6.3));
#2108 = VECTOR('',#2109,1.);
#2109 = DIRECTION('',(1.224646799147E-16,1.,0.));
#2110 = ORIENTED_EDGE('',*,*,#2111,.T.);
#2111 = EDGE_CURVE('',#2104,#1548,#2112,.T.);
#2112 = LINE('',#2113,#2114);
#2113 = CARTESIAN_POINT('',(-0.32,0.32,6.5));
#2114 = VECTOR('',#2115,1.);
#2115 = DIRECTION('',(-0.,0.,-1.));
#2116 = PLANE('',#2117);
#2117 = AXIS2_PLACEMENT_3D('',#2118,#2119,#2120);
#2118 = CARTESIAN_POINT('',(-0.32,3.65940088399E-02,1.522832428212));
#2119 = DIRECTION('',(-1.,1.224646799147E-16,0.));
#2120 = DIRECTION('',(0.,0.,1.));
#2121 = ADVANCED_FACE('',(#2122),#2140,.F.);
#2122 = FACE_BOUND('',#2123,.F.);
#2123 = EDGE_LOOP('',(#2124,#2132,#2133,#2134));
#2124 = ORIENTED_EDGE('',*,*,#2125,.F.);
#2125 = EDGE_CURVE('',#1566,#2126,#2128,.T.);
#2126 = VERTEX_POINT('',#2127);
#2127 = CARTESIAN_POINT('',(0.32,-0.32,6.3));
#2128 = LINE('',#2129,#2130);
#2129 = CARTESIAN_POINT('',(0.32,-0.32,-0.9));
#2130 = VECTOR('',#2131,1.);
#2131 = DIRECTION('',(0.,0.,1.));
#2132 = ORIENTED_EDGE('',*,*,#1573,.T.);
#2133 = ORIENTED_EDGE('',*,*,#2095,.T.);
#2134 = ORIENTED_EDGE('',*,*,#2135,.F.);
#2135 = EDGE_CURVE('',#2126,#2096,#2136,.T.);
#2136 = LINE('',#2137,#2138);
#2137 = CARTESIAN_POINT('',(0.32,-0.32,6.3));
#2138 = VECTOR('',#2139,1.);
#2139 = DIRECTION('',(-1.,1.224646799147E-16,0.));
#2140 = PLANE('',#2141);
#2141 = AXIS2_PLACEMENT_3D('',#2142,#2143,#2144);
#2142 = CARTESIAN_POINT('',(0.32,-0.32,-0.9));
#2143 = DIRECTION('',(1.224646799147E-16,1.,0.));
#2144 = DIRECTION('',(0.,-0.,1.));
#2145 = ADVANCED_FACE('',(#2146),#2164,.F.);
#2146 = FACE_BOUND('',#2147,.F.);
#2147 = EDGE_LOOP('',(#2148,#2149,#2150,#2158));
#2148 = ORIENTED_EDGE('',*,*,#1565,.T.);
#2149 = ORIENTED_EDGE('',*,*,#2125,.T.);
#2150 = ORIENTED_EDGE('',*,*,#2151,.T.);
#2151 = EDGE_CURVE('',#2126,#2152,#2154,.T.);
#2152 = VERTEX_POINT('',#2153);
#2153 = CARTESIAN_POINT('',(0.32,0.32,6.3));
#2154 = LINE('',#2155,#2156);
#2155 = CARTESIAN_POINT('',(0.32,-0.32,6.3));
#2156 = VECTOR('',#2157,1.);
#2157 = DIRECTION('',(1.224646799147E-16,1.,0.));
#2158 = ORIENTED_EDGE('',*,*,#2159,.T.);
#2159 = EDGE_CURVE('',#2152,#1558,#2160,.T.);
#2160 = LINE('',#2161,#2162);
#2161 = CARTESIAN_POINT('',(0.32,0.32,6.5));
#2162 = VECTOR('',#2163,1.);
#2163 = DIRECTION('',(-0.,0.,-1.));
#2164 = PLANE('',#2165);
#2165 = AXIS2_PLACEMENT_3D('',#2166,#2167,#2168);
#2166 = CARTESIAN_POINT('',(0.32,3.65940088399E-02,1.522832428212));
#2167 = DIRECTION('',(-1.,1.224646799147E-16,0.));
#2168 = DIRECTION('',(0.,0.,1.));
#2169 = ADVANCED_FACE('',(#2170),#2181,.F.);
#2170 = FACE_BOUND('',#2171,.F.);
#2171 = EDGE_LOOP('',(#2172,#2173,#2179,#2180));
#2172 = ORIENTED_EDGE('',*,*,#2159,.F.);
#2173 = ORIENTED_EDGE('',*,*,#2174,.T.);
#2174 = EDGE_CURVE('',#2152,#2104,#2175,.T.);
#2175 = LINE('',#2176,#2177);
#2176 = CARTESIAN_POINT('',(0.32,0.32,6.3));
#2177 = VECTOR('',#2178,1.);
#2178 = DIRECTION('',(-1.,1.224646799147E-16,0.));
#2179 = ORIENTED_EDGE('',*,*,#2111,.T.);
#2180 = ORIENTED_EDGE('',*,*,#1557,.T.);
#2181 = PLANE('',#2182);
#2182 = AXIS2_PLACEMENT_3D('',#2183,#2184,#2185);
#2183 = CARTESIAN_POINT('',(0.32,0.32,6.5));
#2184 = DIRECTION('',(-1.224646799147E-16,-1.,0.));
#2185 = DIRECTION('',(-0.,0.,-1.));
#2186 = ADVANCED_FACE('',(#2187),#2212,.T.);
#2187 = FACE_BOUND('',#2188,.T.);
#2188 = EDGE_LOOP('',(#2189,#2190,#2198,#2206));
#2189 = ORIENTED_EDGE('',*,*,#1581,.T.);
#2190 = ORIENTED_EDGE('',*,*,#2191,.T.);
#2191 = EDGE_CURVE('',#1584,#2192,#2194,.T.);
#2192 = VERTEX_POINT('',#2193);
#2193 = CARTESIAN_POINT('',(4.68,-0.32,6.3));
#2194 = LINE('',#2195,#2196);
#2195 = CARTESIAN_POINT('',(4.68,-0.32,-0.9));
#2196 = VECTOR('',#2197,1.);
#2197 = DIRECTION('',(0.,0.,1.));
#2198 = ORIENTED_EDGE('',*,*,#2199,.T.);
#2199 = EDGE_CURVE('',#2192,#2200,#2202,.T.);
#2200 = VERTEX_POINT('',#2201);
#2201 = CARTESIAN_POINT('',(4.68,0.32,6.3));
#2202 = LINE('',#2203,#2204);
#2203 = CARTESIAN_POINT('',(4.68,-0.32,6.3));
#2204 = VECTOR('',#2205,1.);
#2205 = DIRECTION('',(1.224646799147E-16,1.,0.));
#2206 = ORIENTED_EDGE('',*,*,#2207,.T.);
#2207 = EDGE_CURVE('',#2200,#1582,#2208,.T.);
#2208 = LINE('',#2209,#2210);
#2209 = CARTESIAN_POINT('',(4.68,0.32,6.5));
#2210 = VECTOR('',#2211,1.);
#2211 = DIRECTION('',(-0.,0.,-1.));
#2212 = PLANE('',#2213);
#2213 = AXIS2_PLACEMENT_3D('',#2214,#2215,#2216);
#2214 = CARTESIAN_POINT('',(4.68,3.65940088399E-02,1.522832428212));
#2215 = DIRECTION('',(-1.,1.224646799147E-16,0.));
#2216 = DIRECTION('',(0.,0.,1.));
#2217 = ADVANCED_FACE('',(#2218),#2236,.F.);
#2218 = FACE_BOUND('',#2219,.F.);
#2219 = EDGE_LOOP('',(#2220,#2228,#2229,#2230));
#2220 = ORIENTED_EDGE('',*,*,#2221,.F.);
#2221 = EDGE_CURVE('',#1600,#2222,#2224,.T.);
#2222 = VERTEX_POINT('',#2223);
#2223 = CARTESIAN_POINT('',(5.32,-0.32,6.3));
#2224 = LINE('',#2225,#2226);
#2225 = CARTESIAN_POINT('',(5.32,-0.32,-0.9));
#2226 = VECTOR('',#2227,1.);
#2227 = DIRECTION('',(0.,0.,1.));
#2228 = ORIENTED_EDGE('',*,*,#1607,.T.);
#2229 = ORIENTED_EDGE('',*,*,#2191,.T.);
#2230 = ORIENTED_EDGE('',*,*,#2231,.F.);
#2231 = EDGE_CURVE('',#2222,#2192,#2232,.T.);
#2232 = LINE('',#2233,#2234);
#2233 = CARTESIAN_POINT('',(5.32,-0.32,6.3));
#2234 = VECTOR('',#2235,1.);
#2235 = DIRECTION('',(-1.,1.224646799147E-16,0.));
#2236 = PLANE('',#2237);
#2237 = AXIS2_PLACEMENT_3D('',#2238,#2239,#2240);
#2238 = CARTESIAN_POINT('',(5.32,-0.32,-0.9));
#2239 = DIRECTION('',(1.224646799147E-16,1.,0.));
#2240 = DIRECTION('',(0.,-0.,1.));
#2241 = ADVANCED_FACE('',(#2242),#2260,.F.);
#2242 = FACE_BOUND('',#2243,.F.);
#2243 = EDGE_LOOP('',(#2244,#2245,#2246,#2254));
#2244 = ORIENTED_EDGE('',*,*,#1599,.T.);
#2245 = ORIENTED_EDGE('',*,*,#2221,.T.);
#2246 = ORIENTED_EDGE('',*,*,#2247,.T.);
#2247 = EDGE_CURVE('',#2222,#2248,#2250,.T.);
#2248 = VERTEX_POINT('',#2249);
#2249 = CARTESIAN_POINT('',(5.32,0.32,6.3));
#2250 = LINE('',#2251,#2252);
#2251 = CARTESIAN_POINT('',(5.32,-0.32,6.3));
#2252 = VECTOR('',#2253,1.);
#2253 = DIRECTION('',(1.224646799147E-16,1.,0.));
#2254 = ORIENTED_EDGE('',*,*,#2255,.T.);
#2255 = EDGE_CURVE('',#2248,#1592,#2256,.T.);
#2256 = LINE('',#2257,#2258);
#2257 = CARTESIAN_POINT('',(5.32,0.32,6.5));
#2258 = VECTOR('',#2259,1.);
#2259 = DIRECTION('',(-0.,0.,-1.));
#2260 = PLANE('',#2261);
#2261 = AXIS2_PLACEMENT_3D('',#2262,#2263,#2264);
#2262 = CARTESIAN_POINT('',(5.32,3.65940088399E-02,1.522832428212));
#2263 = DIRECTION('',(-1.,1.224646799147E-16,0.));
#2264 = DIRECTION('',(0.,0.,1.));
#2265 = ADVANCED_FACE('',(#2266),#2277,.F.);
#2266 = FACE_BOUND('',#2267,.F.);
#2267 = EDGE_LOOP('',(#2268,#2269,#2275,#2276));
#2268 = ORIENTED_EDGE('',*,*,#2255,.F.);
#2269 = ORIENTED_EDGE('',*,*,#2270,.T.);
#2270 = EDGE_CURVE('',#2248,#2200,#2271,.T.);
#2271 = LINE('',#2272,#2273);
#2272 = CARTESIAN_POINT('',(5.32,0.32,6.3));
#2273 = VECTOR('',#2274,1.);
#2274 = DIRECTION('',(-1.,1.224646799147E-16,0.));
#2275 = ORIENTED_EDGE('',*,*,#2207,.T.);
#2276 = ORIENTED_EDGE('',*,*,#1591,.T.);
#2277 = PLANE('',#2278);
#2278 = AXIS2_PLACEMENT_3D('',#2279,#2280,#2281);
#2279 = CARTESIAN_POINT('',(5.32,0.32,6.5));
#2280 = DIRECTION('',(-1.224646799147E-16,-1.,0.));
#2281 = DIRECTION('',(-0.,0.,-1.));
#2282 = ADVANCED_FACE('',(#2283),#2308,.T.);
#2283 = FACE_BOUND('',#2284,.T.);
#2284 = EDGE_LOOP('',(#2285,#2286,#2294,#2302));
#2285 = ORIENTED_EDGE('',*,*,#1615,.T.);
#2286 = ORIENTED_EDGE('',*,*,#2287,.T.);
#2287 = EDGE_CURVE('',#1618,#2288,#2290,.T.);
#2288 = VERTEX_POINT('',#2289);
#2289 = CARTESIAN_POINT('',(2.18,-0.32,6.3));
#2290 = LINE('',#2291,#2292);
#2291 = CARTESIAN_POINT('',(2.18,-0.32,-3.4));
#2292 = VECTOR('',#2293,1.);
#2293 = DIRECTION('',(0.,0.,1.));
#2294 = ORIENTED_EDGE('',*,*,#2295,.T.);
#2295 = EDGE_CURVE('',#2288,#2296,#2298,.T.);
#2296 = VERTEX_POINT('',#2297);
#2297 = CARTESIAN_POINT('',(2.18,0.32,6.3));
#2298 = LINE('',#2299,#2300);
#2299 = CARTESIAN_POINT('',(2.18,-0.32,6.3));
#2300 = VECTOR('',#2301,1.);
#2301 = DIRECTION('',(1.224646799147E-16,1.,0.));
#2302 = ORIENTED_EDGE('',*,*,#2303,.T.);
#2303 = EDGE_CURVE('',#2296,#1616,#2304,.T.);
#2304 = LINE('',#2305,#2306);
#2305 = CARTESIAN_POINT('',(2.18,0.32,6.5));
#2306 = VECTOR('',#2307,1.);
#2307 = DIRECTION('',(-0.,0.,-1.));
#2308 = PLANE('',#2309);
#2309 = AXIS2_PLACEMENT_3D('',#2310,#2311,#2312);
#2310 = CARTESIAN_POINT('',(2.18,3.918869757272E-17,1.55));
#2311 = DIRECTION('',(-1.,1.224646799147E-16,0.));
#2312 = DIRECTION('',(0.,0.,1.));
#2313 = ADVANCED_FACE('',(#2314),#2332,.F.);
#2314 = FACE_BOUND('',#2315,.F.);
#2315 = EDGE_LOOP('',(#2316,#2324,#2325,#2326));
#2316 = ORIENTED_EDGE('',*,*,#2317,.F.);
#2317 = EDGE_CURVE('',#1634,#2318,#2320,.T.);
#2318 = VERTEX_POINT('',#2319);
#2319 = CARTESIAN_POINT('',(2.82,-0.32,6.3));
#2320 = LINE('',#2321,#2322);
#2321 = CARTESIAN_POINT('',(2.82,-0.32,-3.4));
#2322 = VECTOR('',#2323,1.);
#2323 = DIRECTION('',(0.,0.,1.));
#2324 = ORIENTED_EDGE('',*,*,#1641,.T.);
#2325 = ORIENTED_EDGE('',*,*,#2287,.T.);
#2326 = ORIENTED_EDGE('',*,*,#2327,.F.);
#2327 = EDGE_CURVE('',#2318,#2288,#2328,.T.);
#2328 = LINE('',#2329,#2330);
#2329 = CARTESIAN_POINT('',(2.82,-0.32,6.3));
#2330 = VECTOR('',#2331,1.);
#2331 = DIRECTION('',(-1.,1.224646799147E-16,0.));
#2332 = PLANE('',#2333);
#2333 = AXIS2_PLACEMENT_3D('',#2334,#2335,#2336);
#2334 = CARTESIAN_POINT('',(2.82,-0.32,-3.4));
#2335 = DIRECTION('',(1.224646799147E-16,1.,0.));
#2336 = DIRECTION('',(0.,-0.,1.));
#2337 = ADVANCED_FACE('',(#2338),#2356,.F.);
#2338 = FACE_BOUND('',#2339,.F.);
#2339 = EDGE_LOOP('',(#2340,#2341,#2342,#2350));
#2340 = ORIENTED_EDGE('',*,*,#1633,.T.);
#2341 = ORIENTED_EDGE('',*,*,#2317,.T.);
#2342 = ORIENTED_EDGE('',*,*,#2343,.T.);
#2343 = EDGE_CURVE('',#2318,#2344,#2346,.T.);
#2344 = VERTEX_POINT('',#2345);
#2345 = CARTESIAN_POINT('',(2.82,0.32,6.3));
#2346 = LINE('',#2347,#2348);
#2347 = CARTESIAN_POINT('',(2.82,-0.32,6.3));
#2348 = VECTOR('',#2349,1.);
#2349 = DIRECTION('',(1.224646799147E-16,1.,0.));
#2350 = ORIENTED_EDGE('',*,*,#2351,.T.);
#2351 = EDGE_CURVE('',#2344,#1626,#2352,.T.);
#2352 = LINE('',#2353,#2354);
#2353 = CARTESIAN_POINT('',(2.82,0.32,6.5));
#2354 = VECTOR('',#2355,1.);
#2355 = DIRECTION('',(-0.,0.,-1.));
#2356 = PLANE('',#2357);
#2357 = AXIS2_PLACEMENT_3D('',#2358,#2359,#2360);
#2358 = CARTESIAN_POINT('',(2.82,-3.918869757272E-17,1.55));
#2359 = DIRECTION('',(-1.,1.224646799147E-16,0.));
#2360 = DIRECTION('',(0.,0.,1.));
#2361 = ADVANCED_FACE('',(#2362),#2373,.F.);
#2362 = FACE_BOUND('',#2363,.F.);
#2363 = EDGE_LOOP('',(#2364,#2365,#2371,#2372));
#2364 = ORIENTED_EDGE('',*,*,#2351,.F.);
#2365 = ORIENTED_EDGE('',*,*,#2366,.T.);
#2366 = EDGE_CURVE('',#2344,#2296,#2367,.T.);
#2367 = LINE('',#2368,#2369);
#2368 = CARTESIAN_POINT('',(2.82,0.32,6.3));
#2369 = VECTOR('',#2370,1.);
#2370 = DIRECTION('',(-1.,1.224646799147E-16,0.));
#2371 = ORIENTED_EDGE('',*,*,#2303,.T.);
#2372 = ORIENTED_EDGE('',*,*,#1625,.T.);
#2373 = PLANE('',#2374);
#2374 = AXIS2_PLACEMENT_3D('',#2375,#2376,#2377);
#2375 = CARTESIAN_POINT('',(2.82,0.32,6.5));
#2376 = DIRECTION('',(-1.224646799147E-16,-1.,0.));
#2377 = DIRECTION('',(-0.,0.,-1.));
#2378 = ADVANCED_FACE('',(#2379),#2436,.T.);
#2379 = FACE_BOUND('',#2380,.T.);
#2380 = EDGE_LOOP('',(#2381,#2391,#2399,#2407,#2413,#2414,#2422,#2430));
#2381 = ORIENTED_EDGE('',*,*,#2382,.T.);
#2382 = EDGE_CURVE('',#2383,#2385,#2387,.T.);
#2383 = VERTEX_POINT('',#2384);
#2384 = CARTESIAN_POINT('',(-0.32,0.351578947368,-3.2));
#2385 = VERTEX_POINT('',#2386);
#2386 = CARTESIAN_POINT('',(-0.32,-0.288421052632,-3.2));
#2387 = LINE('',#2388,#2389);
#2388 = CARTESIAN_POINT('',(-0.32,0.32,-3.2));
#2389 = VECTOR('',#2390,1.);
#2390 = DIRECTION('',(-1.224646799147E-16,-1.,0.));
#2391 = ORIENTED_EDGE('',*,*,#2392,.T.);
#2392 = EDGE_CURVE('',#2385,#2393,#2395,.T.);
#2393 = VERTEX_POINT('',#2394);
#2394 = CARTESIAN_POINT('',(-0.32,-2.E-02,-1.5));
#2395 = LINE('',#2396,#2397);
#2396 = CARTESIAN_POINT('',(-0.32,-0.32,-3.4));
#2397 = VECTOR('',#2398,1.);
#2398 = DIRECTION('',(1.909990663905E-17,0.155962573473,0.987762965329)
  );
#2399 = ORIENTED_EDGE('',*,*,#2400,.T.);
#2400 = EDGE_CURVE('',#2393,#2401,#2403,.T.);
#2401 = VERTEX_POINT('',#2402);
#2402 = CARTESIAN_POINT('',(-0.32,-0.32,-0.9));
#2403 = LINE('',#2404,#2405);
#2404 = CARTESIAN_POINT('',(-0.32,-2.E-02,-1.5));
#2405 = VECTOR('',#2406,1.);
#2406 = DIRECTION('',(-5.476786982641E-17,-0.4472135955,0.894427191));
#2407 = ORIENTED_EDGE('',*,*,#2408,.T.);
#2408 = EDGE_CURVE('',#2401,#1965,#2409,.T.);
#2409 = LINE('',#2410,#2411);
#2410 = CARTESIAN_POINT('',(-0.32,-0.32,-0.9));
#2411 = VECTOR('',#2412,1.);
#2412 = DIRECTION('',(0.,0.,1.));
#2413 = ORIENTED_EDGE('',*,*,#1962,.F.);
#2414 = ORIENTED_EDGE('',*,*,#2415,.T.);
#2415 = EDGE_CURVE('',#1963,#2416,#2418,.T.);
#2416 = VERTEX_POINT('',#2417);
#2417 = CARTESIAN_POINT('',(-0.32,0.32,-0.9));
#2418 = LINE('',#2419,#2420);
#2419 = CARTESIAN_POINT('',(-0.32,0.32,6.5));
#2420 = VECTOR('',#2421,1.);
#2421 = DIRECTION('',(-0.,0.,-1.));
#2422 = ORIENTED_EDGE('',*,*,#2423,.T.);
#2423 = EDGE_CURVE('',#2416,#2424,#2426,.T.);
#2424 = VERTEX_POINT('',#2425);
#2425 = CARTESIAN_POINT('',(-0.32,0.62,-1.5));
#2426 = LINE('',#2427,#2428);
#2427 = CARTESIAN_POINT('',(-0.32,0.32,-0.9));
#2428 = VECTOR('',#2429,1.);
#2429 = DIRECTION('',(5.476786982641E-17,0.4472135955,-0.894427191));
#2430 = ORIENTED_EDGE('',*,*,#2431,.T.);
#2431 = EDGE_CURVE('',#2424,#2383,#2432,.T.);
#2432 = LINE('',#2433,#2434);
#2433 = CARTESIAN_POINT('',(-0.32,0.62,-1.5));
#2434 = VECTOR('',#2435,1.);
#2435 = DIRECTION('',(-1.909990663905E-17,-0.155962573473,
    -0.987762965329));
#2436 = PLANE('',#2437);
#2437 = AXIS2_PLACEMENT_3D('',#2438,#2439,#2440);
#2438 = CARTESIAN_POINT('',(-0.32,3.65940088399E-02,1.522832428212));
#2439 = DIRECTION('',(-1.,1.224646799147E-16,0.));
#2440 = DIRECTION('',(0.,0.,1.));
#2441 = ADVANCED_FACE('',(#2442),#2460,.F.);
#2442 = FACE_BOUND('',#2443,.F.);
#2443 = EDGE_LOOP('',(#2444,#2452,#2458,#2459));
#2444 = ORIENTED_EDGE('',*,*,#2445,.F.);
#2445 = EDGE_CURVE('',#2446,#1981,#2448,.T.);
#2446 = VERTEX_POINT('',#2447);
#2447 = CARTESIAN_POINT('',(0.32,-0.32,-0.9));
#2448 = LINE('',#2449,#2450);
#2449 = CARTESIAN_POINT('',(0.32,-0.32,-0.9));
#2450 = VECTOR('',#2451,1.);
#2451 = DIRECTION('',(0.,0.,1.));
#2452 = ORIENTED_EDGE('',*,*,#2453,.T.);
#2453 = EDGE_CURVE('',#2446,#2401,#2454,.T.);
#2454 = LINE('',#2455,#2456);
#2455 = CARTESIAN_POINT('',(0.32,-0.32,-0.9));
#2456 = VECTOR('',#2457,1.);
#2457 = DIRECTION('',(-1.,1.224646799147E-16,0.));
#2458 = ORIENTED_EDGE('',*,*,#2408,.T.);
#2459 = ORIENTED_EDGE('',*,*,#1988,.F.);
#2460 = PLANE('',#2461);
#2461 = AXIS2_PLACEMENT_3D('',#2462,#2463,#2464);
#2462 = CARTESIAN_POINT('',(0.32,-0.32,-0.9));
#2463 = DIRECTION('',(1.224646799147E-16,1.,0.));
#2464 = DIRECTION('',(0.,-0.,1.));
#2465 = ADVANCED_FACE('',(#2466),#2516,.F.);
#2466 = FACE_BOUND('',#2467,.F.);
#2467 = EDGE_LOOP('',(#2468,#2478,#2486,#2492,#2493,#2494,#2502,#2510));
#2468 = ORIENTED_EDGE('',*,*,#2469,.T.);
#2469 = EDGE_CURVE('',#2470,#2472,#2474,.T.);
#2470 = VERTEX_POINT('',#2471);
#2471 = CARTESIAN_POINT('',(0.32,0.351578947368,-3.2));
#2472 = VERTEX_POINT('',#2473);
#2473 = CARTESIAN_POINT('',(0.32,-0.288421052632,-3.2));
#2474 = LINE('',#2475,#2476);
#2475 = CARTESIAN_POINT('',(0.32,0.32,-3.2));
#2476 = VECTOR('',#2477,1.);
#2477 = DIRECTION('',(-1.224646799147E-16,-1.,0.));
#2478 = ORIENTED_EDGE('',*,*,#2479,.T.);
#2479 = EDGE_CURVE('',#2472,#2480,#2482,.T.);
#2480 = VERTEX_POINT('',#2481);
#2481 = CARTESIAN_POINT('',(0.32,-2.E-02,-1.5));
#2482 = LINE('',#2483,#2484);
#2483 = CARTESIAN_POINT('',(0.32,-0.32,-3.4));
#2484 = VECTOR('',#2485,1.);
#2485 = DIRECTION('',(1.909990663905E-17,0.155962573473,0.987762965329)
  );
#2486 = ORIENTED_EDGE('',*,*,#2487,.T.);
#2487 = EDGE_CURVE('',#2480,#2446,#2488,.T.);
#2488 = LINE('',#2489,#2490);
#2489 = CARTESIAN_POINT('',(0.32,-2.E-02,-1.5));
#2490 = VECTOR('',#2491,1.);
#2491 = DIRECTION('',(-5.476786982641E-17,-0.4472135955,0.894427191));
#2492 = ORIENTED_EDGE('',*,*,#2445,.T.);
#2493 = ORIENTED_EDGE('',*,*,#1980,.F.);
#2494 = ORIENTED_EDGE('',*,*,#2495,.T.);
#2495 = EDGE_CURVE('',#1973,#2496,#2498,.T.);
#2496 = VERTEX_POINT('',#2497);
#2497 = CARTESIAN_POINT('',(0.32,0.32,-0.9));
#2498 = LINE('',#2499,#2500);
#2499 = CARTESIAN_POINT('',(0.32,0.32,6.5));
#2500 = VECTOR('',#2501,1.);
#2501 = DIRECTION('',(-0.,0.,-1.));
#2502 = ORIENTED_EDGE('',*,*,#2503,.T.);
#2503 = EDGE_CURVE('',#2496,#2504,#2506,.T.);
#2504 = VERTEX_POINT('',#2505);
#2505 = CARTESIAN_POINT('',(0.32,0.62,-1.5));
#2506 = LINE('',#2507,#2508);
#2507 = CARTESIAN_POINT('',(0.32,0.32,-0.9));
#2508 = VECTOR('',#2509,1.);
#2509 = DIRECTION('',(5.476786982641E-17,0.4472135955,-0.894427191));
#2510 = ORIENTED_EDGE('',*,*,#2511,.T.);
#2511 = EDGE_CURVE('',#2504,#2470,#2512,.T.);
#2512 = LINE('',#2513,#2514);
#2513 = CARTESIAN_POINT('',(0.32,0.62,-1.5));
#2514 = VECTOR('',#2515,1.);
#2515 = DIRECTION('',(-1.909990663905E-17,-0.155962573473,
    -0.987762965329));
#2516 = PLANE('',#2517);
#2517 = AXIS2_PLACEMENT_3D('',#2518,#2519,#2520);
#2518 = CARTESIAN_POINT('',(0.32,3.65940088399E-02,1.522832428212));
#2519 = DIRECTION('',(-1.,1.224646799147E-16,0.));
#2520 = DIRECTION('',(0.,0.,1.));
#2521 = ADVANCED_FACE('',(#2522),#2533,.F.);
#2522 = FACE_BOUND('',#2523,.F.);
#2523 = EDGE_LOOP('',(#2524,#2525,#2526,#2527));
#2524 = ORIENTED_EDGE('',*,*,#2495,.F.);
#2525 = ORIENTED_EDGE('',*,*,#1972,.F.);
#2526 = ORIENTED_EDGE('',*,*,#2415,.T.);
#2527 = ORIENTED_EDGE('',*,*,#2528,.F.);
#2528 = EDGE_CURVE('',#2496,#2416,#2529,.T.);
#2529 = LINE('',#2530,#2531);
#2530 = CARTESIAN_POINT('',(0.32,0.32,-0.9));
#2531 = VECTOR('',#2532,1.);
#2532 = DIRECTION('',(-1.,1.224646799147E-16,0.));
#2533 = PLANE('',#2534);
#2534 = AXIS2_PLACEMENT_3D('',#2535,#2536,#2537);
#2535 = CARTESIAN_POINT('',(0.32,0.32,6.5));
#2536 = DIRECTION('',(-1.224646799147E-16,-1.,0.));
#2537 = DIRECTION('',(-0.,0.,-1.));
#2538 = ADVANCED_FACE('',(#2539),#2564,.T.);
#2539 = FACE_BOUND('',#2540,.T.);
#2540 = EDGE_LOOP('',(#2541,#2551,#2557,#2558));
#2541 = ORIENTED_EDGE('',*,*,#2542,.T.);
#2542 = EDGE_CURVE('',#2543,#2545,#2547,.T.);
#2543 = VERTEX_POINT('',#2544);
#2544 = CARTESIAN_POINT('',(2.18,0.32,-3.2));
#2545 = VERTEX_POINT('',#2546);
#2546 = CARTESIAN_POINT('',(2.18,-0.32,-3.2));
#2547 = LINE('',#2548,#2549);
#2548 = CARTESIAN_POINT('',(2.18,0.32,-3.2));
#2549 = VECTOR('',#2550,1.);
#2550 = DIRECTION('',(-1.224646799147E-16,-1.,0.));
#2551 = ORIENTED_EDGE('',*,*,#2552,.T.);
#2552 = EDGE_CURVE('',#2545,#2011,#2553,.T.);
#2553 = LINE('',#2554,#2555);
#2554 = CARTESIAN_POINT('',(2.18,-0.32,-3.4));
#2555 = VECTOR('',#2556,1.);
#2556 = DIRECTION('',(0.,0.,1.));
#2557 = ORIENTED_EDGE('',*,*,#2008,.F.);
#2558 = ORIENTED_EDGE('',*,*,#2559,.T.);
#2559 = EDGE_CURVE('',#2009,#2543,#2560,.T.);
#2560 = LINE('',#2561,#2562);
#2561 = CARTESIAN_POINT('',(2.18,0.32,6.5));
#2562 = VECTOR('',#2563,1.);
#2563 = DIRECTION('',(-0.,0.,-1.));
#2564 = PLANE('',#2565);
#2565 = AXIS2_PLACEMENT_3D('',#2566,#2567,#2568);
#2566 = CARTESIAN_POINT('',(2.18,3.918869757272E-17,1.55));
#2567 = DIRECTION('',(-1.,1.224646799147E-16,0.));
#2568 = DIRECTION('',(0.,0.,1.));
#2569 = ADVANCED_FACE('',(#2570),#2588,.F.);
#2570 = FACE_BOUND('',#2571,.F.);
#2571 = EDGE_LOOP('',(#2572,#2580,#2586,#2587));
#2572 = ORIENTED_EDGE('',*,*,#2573,.F.);
#2573 = EDGE_CURVE('',#2574,#2027,#2576,.T.);
#2574 = VERTEX_POINT('',#2575);
#2575 = CARTESIAN_POINT('',(2.82,-0.32,-3.2));
#2576 = LINE('',#2577,#2578);
#2577 = CARTESIAN_POINT('',(2.82,-0.32,-3.4));
#2578 = VECTOR('',#2579,1.);
#2579 = DIRECTION('',(0.,0.,1.));
#2580 = ORIENTED_EDGE('',*,*,#2581,.T.);
#2581 = EDGE_CURVE('',#2574,#2545,#2582,.T.);
#2582 = LINE('',#2583,#2584);
#2583 = CARTESIAN_POINT('',(2.82,-0.32,-3.2));
#2584 = VECTOR('',#2585,1.);
#2585 = DIRECTION('',(-1.,1.224646799147E-16,0.));
#2586 = ORIENTED_EDGE('',*,*,#2552,.T.);
#2587 = ORIENTED_EDGE('',*,*,#2034,.F.);
#2588 = PLANE('',#2589);
#2589 = AXIS2_PLACEMENT_3D('',#2590,#2591,#2592);
#2590 = CARTESIAN_POINT('',(2.82,-0.32,-3.4));
#2591 = DIRECTION('',(1.224646799147E-16,1.,0.));
#2592 = DIRECTION('',(0.,-0.,1.));
#2593 = ADVANCED_FACE('',(#2594),#2612,.F.);
#2594 = FACE_BOUND('',#2595,.F.);
#2595 = EDGE_LOOP('',(#2596,#2604,#2605,#2606));
#2596 = ORIENTED_EDGE('',*,*,#2597,.T.);
#2597 = EDGE_CURVE('',#2598,#2574,#2600,.T.);
#2598 = VERTEX_POINT('',#2599);
#2599 = CARTESIAN_POINT('',(2.82,0.32,-3.2));
#2600 = LINE('',#2601,#2602);
#2601 = CARTESIAN_POINT('',(2.82,0.32,-3.2));
#2602 = VECTOR('',#2603,1.);
#2603 = DIRECTION('',(-1.224646799147E-16,-1.,0.));
#2604 = ORIENTED_EDGE('',*,*,#2573,.T.);
#2605 = ORIENTED_EDGE('',*,*,#2026,.F.);
#2606 = ORIENTED_EDGE('',*,*,#2607,.T.);
#2607 = EDGE_CURVE('',#2019,#2598,#2608,.T.);
#2608 = LINE('',#2609,#2610);
#2609 = CARTESIAN_POINT('',(2.82,0.32,6.5));
#2610 = VECTOR('',#2611,1.);
#2611 = DIRECTION('',(-0.,0.,-1.));
#2612 = PLANE('',#2613);
#2613 = AXIS2_PLACEMENT_3D('',#2614,#2615,#2616);
#2614 = CARTESIAN_POINT('',(2.82,-3.918869757272E-17,1.55));
#2615 = DIRECTION('',(-1.,1.224646799147E-16,0.));
#2616 = DIRECTION('',(0.,0.,1.));
#2617 = ADVANCED_FACE('',(#2618),#2629,.F.);
#2618 = FACE_BOUND('',#2619,.F.);
#2619 = EDGE_LOOP('',(#2620,#2621,#2622,#2623));
#2620 = ORIENTED_EDGE('',*,*,#2607,.F.);
#2621 = ORIENTED_EDGE('',*,*,#2018,.F.);
#2622 = ORIENTED_EDGE('',*,*,#2559,.T.);
#2623 = ORIENTED_EDGE('',*,*,#2624,.F.);
#2624 = EDGE_CURVE('',#2598,#2543,#2625,.T.);
#2625 = LINE('',#2626,#2627);
#2626 = CARTESIAN_POINT('',(2.82,0.32,-3.2));
#2627 = VECTOR('',#2628,1.);
#2628 = DIRECTION('',(-1.,1.224646799147E-16,0.));
#2629 = PLANE('',#2630);
#2630 = AXIS2_PLACEMENT_3D('',#2631,#2632,#2633);
#2631 = CARTESIAN_POINT('',(2.82,0.32,6.5));
#2632 = DIRECTION('',(-1.224646799147E-16,-1.,0.));
#2633 = DIRECTION('',(-0.,0.,-1.));
#2634 = ADVANCED_FACE('',(#2635),#2692,.T.);
#2635 = FACE_BOUND('',#2636,.T.);
#2636 = EDGE_LOOP('',(#2637,#2647,#2655,#2663,#2669,#2670,#2678,#2686));
#2637 = ORIENTED_EDGE('',*,*,#2638,.T.);
#2638 = EDGE_CURVE('',#2639,#2641,#2643,.T.);
#2639 = VERTEX_POINT('',#2640);
#2640 = CARTESIAN_POINT('',(4.68,0.351578947368,-3.2));
#2641 = VERTEX_POINT('',#2642);
#2642 = CARTESIAN_POINT('',(4.68,-0.288421052632,-3.2));
#2643 = LINE('',#2644,#2645);
#2644 = CARTESIAN_POINT('',(4.68,0.32,-3.2));
#2645 = VECTOR('',#2646,1.);
#2646 = DIRECTION('',(-1.224646799147E-16,-1.,0.));
#2647 = ORIENTED_EDGE('',*,*,#2648,.T.);
#2648 = EDGE_CURVE('',#2641,#2649,#2651,.T.);
#2649 = VERTEX_POINT('',#2650);
#2650 = CARTESIAN_POINT('',(4.68,-2.E-02,-1.5));
#2651 = LINE('',#2652,#2653);
#2652 = CARTESIAN_POINT('',(4.68,-0.32,-3.4));
#2653 = VECTOR('',#2654,1.);
#2654 = DIRECTION('',(1.909990663905E-17,0.155962573473,0.987762965329)
  );
#2655 = ORIENTED_EDGE('',*,*,#2656,.T.);
#2656 = EDGE_CURVE('',#2649,#2657,#2659,.T.);
#2657 = VERTEX_POINT('',#2658);
#2658 = CARTESIAN_POINT('',(4.68,-0.32,-0.9));
#2659 = LINE('',#2660,#2661);
#2660 = CARTESIAN_POINT('',(4.68,-2.E-02,-1.5));
#2661 = VECTOR('',#2662,1.);
#2662 = DIRECTION('',(-5.476786982641E-17,-0.4472135955,0.894427191));
#2663 = ORIENTED_EDGE('',*,*,#2664,.T.);
#2664 = EDGE_CURVE('',#2657,#2057,#2665,.T.);
#2665 = LINE('',#2666,#2667);
#2666 = CARTESIAN_POINT('',(4.68,-0.32,-0.9));
#2667 = VECTOR('',#2668,1.);
#2668 = DIRECTION('',(0.,0.,1.));
#2669 = ORIENTED_EDGE('',*,*,#2054,.F.);
#2670 = ORIENTED_EDGE('',*,*,#2671,.T.);
#2671 = EDGE_CURVE('',#2055,#2672,#2674,.T.);
#2672 = VERTEX_POINT('',#2673);
#2673 = CARTESIAN_POINT('',(4.68,0.32,-0.9));
#2674 = LINE('',#2675,#2676);
#2675 = CARTESIAN_POINT('',(4.68,0.32,6.5));
#2676 = VECTOR('',#2677,1.);
#2677 = DIRECTION('',(-0.,0.,-1.));
#2678 = ORIENTED_EDGE('',*,*,#2679,.T.);
#2679 = EDGE_CURVE('',#2672,#2680,#2682,.T.);
#2680 = VERTEX_POINT('',#2681);
#2681 = CARTESIAN_POINT('',(4.68,0.62,-1.5));
#2682 = LINE('',#2683,#2684);
#2683 = CARTESIAN_POINT('',(4.68,0.32,-0.9));
#2684 = VECTOR('',#2685,1.);
#2685 = DIRECTION('',(5.476786982641E-17,0.4472135955,-0.894427191));
#2686 = ORIENTED_EDGE('',*,*,#2687,.T.);
#2687 = EDGE_CURVE('',#2680,#2639,#2688,.T.);
#2688 = LINE('',#2689,#2690);
#2689 = CARTESIAN_POINT('',(4.68,0.62,-1.5));
#2690 = VECTOR('',#2691,1.);
#2691 = DIRECTION('',(-1.909990663905E-17,-0.155962573473,
    -0.987762965329));
#2692 = PLANE('',#2693);
#2693 = AXIS2_PLACEMENT_3D('',#2694,#2695,#2696);
#2694 = CARTESIAN_POINT('',(4.68,3.65940088399E-02,1.522832428212));
#2695 = DIRECTION('',(-1.,1.224646799147E-16,0.));
#2696 = DIRECTION('',(0.,0.,1.));
#2697 = ADVANCED_FACE('',(#2698),#2716,.F.);
#2698 = FACE_BOUND('',#2699,.F.);
#2699 = EDGE_LOOP('',(#2700,#2708,#2714,#2715));
#2700 = ORIENTED_EDGE('',*,*,#2701,.F.);
#2701 = EDGE_CURVE('',#2702,#2073,#2704,.T.);
#2702 = VERTEX_POINT('',#2703);
#2703 = CARTESIAN_POINT('',(5.32,-0.32,-0.9));
#2704 = LINE('',#2705,#2706);
#2705 = CARTESIAN_POINT('',(5.32,-0.32,-0.9));
#2706 = VECTOR('',#2707,1.);
#2707 = DIRECTION('',(0.,0.,1.));
#2708 = ORIENTED_EDGE('',*,*,#2709,.T.);
#2709 = EDGE_CURVE('',#2702,#2657,#2710,.T.);
#2710 = LINE('',#2711,#2712);
#2711 = CARTESIAN_POINT('',(5.32,-0.32,-0.9));
#2712 = VECTOR('',#2713,1.);
#2713 = DIRECTION('',(-1.,1.224646799147E-16,0.));
#2714 = ORIENTED_EDGE('',*,*,#2664,.T.);
#2715 = ORIENTED_EDGE('',*,*,#2080,.F.);
#2716 = PLANE('',#2717);
#2717 = AXIS2_PLACEMENT_3D('',#2718,#2719,#2720);
#2718 = CARTESIAN_POINT('',(5.32,-0.32,-0.9));
#2719 = DIRECTION('',(1.224646799147E-16,1.,0.));
#2720 = DIRECTION('',(0.,-0.,1.));
#2721 = ADVANCED_FACE('',(#2722),#2772,.F.);
#2722 = FACE_BOUND('',#2723,.F.);
#2723 = EDGE_LOOP('',(#2724,#2734,#2742,#2748,#2749,#2750,#2758,#2766));
#2724 = ORIENTED_EDGE('',*,*,#2725,.T.);
#2725 = EDGE_CURVE('',#2726,#2728,#2730,.T.);
#2726 = VERTEX_POINT('',#2727);
#2727 = CARTESIAN_POINT('',(5.32,0.351578947368,-3.2));
#2728 = VERTEX_POINT('',#2729);
#2729 = CARTESIAN_POINT('',(5.32,-0.288421052632,-3.2));
#2730 = LINE('',#2731,#2732);
#2731 = CARTESIAN_POINT('',(5.32,0.32,-3.2));
#2732 = VECTOR('',#2733,1.);
#2733 = DIRECTION('',(-1.224646799147E-16,-1.,0.));
#2734 = ORIENTED_EDGE('',*,*,#2735,.T.);
#2735 = EDGE_CURVE('',#2728,#2736,#2738,.T.);
#2736 = VERTEX_POINT('',#2737);
#2737 = CARTESIAN_POINT('',(5.32,-2.E-02,-1.5));
#2738 = LINE('',#2739,#2740);
#2739 = CARTESIAN_POINT('',(5.32,-0.32,-3.4));
#2740 = VECTOR('',#2741,1.);
#2741 = DIRECTION('',(1.909990663905E-17,0.155962573473,0.987762965329)
  );
#2742 = ORIENTED_EDGE('',*,*,#2743,.T.);
#2743 = EDGE_CURVE('',#2736,#2702,#2744,.T.);
#2744 = LINE('',#2745,#2746);
#2745 = CARTESIAN_POINT('',(5.32,-2.E-02,-1.5));
#2746 = VECTOR('',#2747,1.);
#2747 = DIRECTION('',(-5.476786982641E-17,-0.4472135955,0.894427191));
#2748 = ORIENTED_EDGE('',*,*,#2701,.T.);
#2749 = ORIENTED_EDGE('',*,*,#2072,.F.);
#2750 = ORIENTED_EDGE('',*,*,#2751,.T.);
#2751 = EDGE_CURVE('',#2065,#2752,#2754,.T.);
#2752 = VERTEX_POINT('',#2753);
#2753 = CARTESIAN_POINT('',(5.32,0.32,-0.9));
#2754 = LINE('',#2755,#2756);
#2755 = CARTESIAN_POINT('',(5.32,0.32,6.5));
#2756 = VECTOR('',#2757,1.);
#2757 = DIRECTION('',(-0.,0.,-1.));
#2758 = ORIENTED_EDGE('',*,*,#2759,.T.);
#2759 = EDGE_CURVE('',#2752,#2760,#2762,.T.);
#2760 = VERTEX_POINT('',#2761);
#2761 = CARTESIAN_POINT('',(5.32,0.62,-1.5));
#2762 = LINE('',#2763,#2764);
#2763 = CARTESIAN_POINT('',(5.32,0.32,-0.9));
#2764 = VECTOR('',#2765,1.);
#2765 = DIRECTION('',(5.476786982641E-17,0.4472135955,-0.894427191));
#2766 = ORIENTED_EDGE('',*,*,#2767,.T.);
#2767 = EDGE_CURVE('',#2760,#2726,#2768,.T.);
#2768 = LINE('',#2769,#2770);
#2769 = CARTESIAN_POINT('',(5.32,0.62,-1.5));
#2770 = VECTOR('',#2771,1.);
#2771 = DIRECTION('',(-1.909990663905E-17,-0.155962573473,
    -0.987762965329));
#2772 = PLANE('',#2773);
#2773 = AXIS2_PLACEMENT_3D('',#2774,#2775,#2776);
#2774 = CARTESIAN_POINT('',(5.32,3.65940088399E-02,1.522832428212));
#2775 = DIRECTION('',(-1.,1.224646799147E-16,0.));
#2776 = DIRECTION('',(0.,0.,1.));
#2777 = ADVANCED_FACE('',(#2778),#2789,.F.);
#2778 = FACE_BOUND('',#2779,.F.);
#2779 = EDGE_LOOP('',(#2780,#2781,#2782,#2783));
#2780 = ORIENTED_EDGE('',*,*,#2751,.F.);
#2781 = ORIENTED_EDGE('',*,*,#2064,.F.);
#2782 = ORIENTED_EDGE('',*,*,#2671,.T.);
#2783 = ORIENTED_EDGE('',*,*,#2784,.F.);
#2784 = EDGE_CURVE('',#2752,#2672,#2785,.T.);
#2785 = LINE('',#2786,#2787);
#2786 = CARTESIAN_POINT('',(5.32,0.32,-0.9));
#2787 = VECTOR('',#2788,1.);
#2788 = DIRECTION('',(-1.,1.224646799147E-16,0.));
#2789 = PLANE('',#2790);
#2790 = AXIS2_PLACEMENT_3D('',#2791,#2792,#2793);
#2791 = CARTESIAN_POINT('',(5.32,0.32,6.5));
#2792 = DIRECTION('',(-1.224646799147E-16,-1.,0.));
#2793 = DIRECTION('',(-0.,0.,-1.));
#2794 = ADVANCED_FACE('',(#2795),#2820,.F.);
#2795 = FACE_BOUND('',#2796,.T.);
#2796 = EDGE_LOOP('',(#2797,#2805,#2813,#2819));
#2797 = ORIENTED_EDGE('',*,*,#2798,.F.);
#2798 = EDGE_CURVE('',#2799,#2096,#2801,.T.);
#2799 = VERTEX_POINT('',#2800);
#2800 = CARTESIAN_POINT('',(-0.12,-0.12,6.5));
#2801 = LINE('',#2802,#2803);
#2802 = CARTESIAN_POINT('',(-0.146666666667,-0.146666666667,
    6.473333333333));
#2803 = VECTOR('',#2804,1.);
#2804 = DIRECTION('',(-0.57735026919,-0.57735026919,-0.57735026919));
#2805 = ORIENTED_EDGE('',*,*,#2806,.T.);
#2806 = EDGE_CURVE('',#2799,#2807,#2809,.T.);
#2807 = VERTEX_POINT('',#2808);
#2808 = CARTESIAN_POINT('',(-0.12,0.12,6.5));
#2809 = LINE('',#2810,#2811);
#2810 = CARTESIAN_POINT('',(-0.12,-0.32,6.5));
#2811 = VECTOR('',#2812,1.);
#2812 = DIRECTION('',(1.224646799147E-16,1.,0.));
#2813 = ORIENTED_EDGE('',*,*,#2814,.T.);
#2814 = EDGE_CURVE('',#2807,#2104,#2815,.T.);
#2815 = LINE('',#2816,#2817);
#2816 = CARTESIAN_POINT('',(-4.E-02,4.E-02,6.58));
#2817 = VECTOR('',#2818,1.);
#2818 = DIRECTION('',(-0.57735026919,0.57735026919,-0.57735026919));
#2819 = ORIENTED_EDGE('',*,*,#2103,.F.);
#2820 = PLANE('',#2821);
#2821 = AXIS2_PLACEMENT_3D('',#2822,#2823,#2824);
#2822 = CARTESIAN_POINT('',(-0.22,-0.32,6.4));
#2823 = DIRECTION('',(0.707106781187,-8.486018839685E-17,-0.707106781187
    ));
#2824 = DIRECTION('',(-1.212375546256E-16,-1.,-1.227125289196E-18));
#2825 = ADVANCED_FACE('',(#2826),#2844,.T.);
#2826 = FACE_BOUND('',#2827,.F.);
#2827 = EDGE_LOOP('',(#2828,#2836,#2837,#2838));
#2828 = ORIENTED_EDGE('',*,*,#2829,.T.);
#2829 = EDGE_CURVE('',#2830,#2126,#2832,.T.);
#2830 = VERTEX_POINT('',#2831);
#2831 = CARTESIAN_POINT('',(0.12,-0.12,6.5));
#2832 = LINE('',#2833,#2834);
#2833 = CARTESIAN_POINT('',(0.253333333333,-0.253333333333,
    6.366666666667));
#2834 = VECTOR('',#2835,1.);
#2835 = DIRECTION('',(0.57735026919,-0.57735026919,-0.57735026919));
#2836 = ORIENTED_EDGE('',*,*,#2135,.T.);
#2837 = ORIENTED_EDGE('',*,*,#2798,.F.);
#2838 = ORIENTED_EDGE('',*,*,#2839,.F.);
#2839 = EDGE_CURVE('',#2830,#2799,#2840,.T.);
#2840 = LINE('',#2841,#2842);
#2841 = CARTESIAN_POINT('',(0.32,-0.12,6.5));
#2842 = VECTOR('',#2843,1.);
#2843 = DIRECTION('',(-1.,1.224646799147E-16,0.));
#2844 = PLANE('',#2845);
#2845 = AXIS2_PLACEMENT_3D('',#2846,#2847,#2848);
#2846 = CARTESIAN_POINT('',(0.32,-0.22,6.4));
#2847 = DIRECTION('',(-8.833102285013E-17,-0.707106781187,0.707106781187
    ));
#2848 = DIRECTION('',(1.,-1.236918052038E-16,1.227125289097E-18));
#2849 = ADVANCED_FACE('',(#2850),#2868,.T.);
#2850 = FACE_BOUND('',#2851,.F.);
#2851 = EDGE_LOOP('',(#2852,#2853,#2861,#2867));
#2852 = ORIENTED_EDGE('',*,*,#2829,.F.);
#2853 = ORIENTED_EDGE('',*,*,#2854,.T.);
#2854 = EDGE_CURVE('',#2830,#2855,#2857,.T.);
#2855 = VERTEX_POINT('',#2856);
#2856 = CARTESIAN_POINT('',(0.12,0.12,6.5));
#2857 = LINE('',#2858,#2859);
#2858 = CARTESIAN_POINT('',(0.12,-0.32,6.5));
#2859 = VECTOR('',#2860,1.);
#2860 = DIRECTION('',(1.224646799147E-16,1.,0.));
#2861 = ORIENTED_EDGE('',*,*,#2862,.T.);
#2862 = EDGE_CURVE('',#2855,#2152,#2863,.T.);
#2863 = LINE('',#2864,#2865);
#2864 = CARTESIAN_POINT('',(0.146666666667,0.146666666667,6.473333333333
    ));
#2865 = VECTOR('',#2866,1.);
#2866 = DIRECTION('',(0.57735026919,0.57735026919,-0.57735026919));
#2867 = ORIENTED_EDGE('',*,*,#2151,.F.);
#2868 = PLANE('',#2869);
#2869 = AXIS2_PLACEMENT_3D('',#2870,#2871,#2872);
#2870 = CARTESIAN_POINT('',(0.22,-0.32,6.4));
#2871 = DIRECTION('',(0.707106781187,-8.833102285013E-17,0.707106781187)
  );
#2872 = DIRECTION('',(-1.236918052038E-16,-1.,-1.227125289097E-18));
#2873 = ADVANCED_FACE('',(#2874),#2885,.T.);
#2874 = FACE_BOUND('',#2875,.F.);
#2875 = EDGE_LOOP('',(#2876,#2877,#2883,#2884));
#2876 = ORIENTED_EDGE('',*,*,#2862,.F.);
#2877 = ORIENTED_EDGE('',*,*,#2878,.T.);
#2878 = EDGE_CURVE('',#2855,#2807,#2879,.T.);
#2879 = LINE('',#2880,#2881);
#2880 = CARTESIAN_POINT('',(0.32,0.12,6.5));
#2881 = VECTOR('',#2882,1.);
#2882 = DIRECTION('',(-1.,1.224646799147E-16,0.));
#2883 = ORIENTED_EDGE('',*,*,#2814,.T.);
#2884 = ORIENTED_EDGE('',*,*,#2174,.F.);
#2885 = PLANE('',#2886);
#2886 = AXIS2_PLACEMENT_3D('',#2887,#2888,#2889);
#2887 = CARTESIAN_POINT('',(0.32,0.22,6.4));
#2888 = DIRECTION('',(8.833102285013E-17,0.707106781187,0.707106781187)
  );
#2889 = DIRECTION('',(1.,-1.236918052038E-16,-1.227125289097E-18));
#2890 = ADVANCED_FACE('',(#2891),#2916,.F.);
#2891 = FACE_BOUND('',#2892,.T.);
#2892 = EDGE_LOOP('',(#2893,#2901,#2909,#2915));
#2893 = ORIENTED_EDGE('',*,*,#2894,.F.);
#2894 = EDGE_CURVE('',#2895,#2192,#2897,.T.);
#2895 = VERTEX_POINT('',#2896);
#2896 = CARTESIAN_POINT('',(4.88,-0.12,6.5));
#2897 = LINE('',#2898,#2899);
#2898 = CARTESIAN_POINT('',(4.853333333333,-0.146666666667,
    6.473333333333));
#2899 = VECTOR('',#2900,1.);
#2900 = DIRECTION('',(-0.57735026919,-0.57735026919,-0.57735026919));
#2901 = ORIENTED_EDGE('',*,*,#2902,.T.);
#2902 = EDGE_CURVE('',#2895,#2903,#2905,.T.);
#2903 = VERTEX_POINT('',#2904);
#2904 = CARTESIAN_POINT('',(4.88,0.12,6.5));
#2905 = LINE('',#2906,#2907);
#2906 = CARTESIAN_POINT('',(4.88,-0.32,6.5));
#2907 = VECTOR('',#2908,1.);
#2908 = DIRECTION('',(1.224646799147E-16,1.,0.));
#2909 = ORIENTED_EDGE('',*,*,#2910,.T.);
#2910 = EDGE_CURVE('',#2903,#2200,#2911,.T.);
#2911 = LINE('',#2912,#2913);
#2912 = CARTESIAN_POINT('',(4.96,4.E-02,6.58));
#2913 = VECTOR('',#2914,1.);
#2914 = DIRECTION('',(-0.57735026919,0.57735026919,-0.57735026919));
#2915 = ORIENTED_EDGE('',*,*,#2199,.F.);
#2916 = PLANE('',#2917);
#2917 = AXIS2_PLACEMENT_3D('',#2918,#2919,#2920);
#2918 = CARTESIAN_POINT('',(4.78,-0.32,6.4));
#2919 = DIRECTION('',(0.707106781187,-8.486018839685E-17,-0.707106781187
    ));
#2920 = DIRECTION('',(-1.212375546256E-16,-1.,-1.227125289196E-18));
#2921 = ADVANCED_FACE('',(#2922),#2940,.T.);
#2922 = FACE_BOUND('',#2923,.F.);
#2923 = EDGE_LOOP('',(#2924,#2932,#2933,#2934));
#2924 = ORIENTED_EDGE('',*,*,#2925,.T.);
#2925 = EDGE_CURVE('',#2926,#2222,#2928,.T.);
#2926 = VERTEX_POINT('',#2927);
#2927 = CARTESIAN_POINT('',(5.12,-0.12,6.5));
#2928 = LINE('',#2929,#2930);
#2929 = CARTESIAN_POINT('',(5.253333333333,-0.253333333333,
    6.366666666667));
#2930 = VECTOR('',#2931,1.);
#2931 = DIRECTION('',(0.57735026919,-0.57735026919,-0.57735026919));
#2932 = ORIENTED_EDGE('',*,*,#2231,.T.);
#2933 = ORIENTED_EDGE('',*,*,#2894,.F.);
#2934 = ORIENTED_EDGE('',*,*,#2935,.F.);
#2935 = EDGE_CURVE('',#2926,#2895,#2936,.T.);
#2936 = LINE('',#2937,#2938);
#2937 = CARTESIAN_POINT('',(5.32,-0.12,6.5));
#2938 = VECTOR('',#2939,1.);
#2939 = DIRECTION('',(-1.,1.224646799147E-16,0.));
#2940 = PLANE('',#2941);
#2941 = AXIS2_PLACEMENT_3D('',#2942,#2943,#2944);
#2942 = CARTESIAN_POINT('',(5.32,-0.22,6.4));
#2943 = DIRECTION('',(-8.833102285013E-17,-0.707106781187,0.707106781187
    ));
#2944 = DIRECTION('',(1.,-1.236918052038E-16,1.227125289097E-18));
#2945 = ADVANCED_FACE('',(#2946),#2964,.T.);
#2946 = FACE_BOUND('',#2947,.F.);
#2947 = EDGE_LOOP('',(#2948,#2949,#2957,#2963));
#2948 = ORIENTED_EDGE('',*,*,#2925,.F.);
#2949 = ORIENTED_EDGE('',*,*,#2950,.T.);
#2950 = EDGE_CURVE('',#2926,#2951,#2953,.T.);
#2951 = VERTEX_POINT('',#2952);
#2952 = CARTESIAN_POINT('',(5.12,0.12,6.5));
#2953 = LINE('',#2954,#2955);
#2954 = CARTESIAN_POINT('',(5.12,-0.32,6.5));
#2955 = VECTOR('',#2956,1.);
#2956 = DIRECTION('',(1.224646799147E-16,1.,0.));
#2957 = ORIENTED_EDGE('',*,*,#2958,.T.);
#2958 = EDGE_CURVE('',#2951,#2248,#2959,.T.);
#2959 = LINE('',#2960,#2961);
#2960 = CARTESIAN_POINT('',(5.146666666667,0.146666666667,6.473333333333
    ));
#2961 = VECTOR('',#2962,1.);
#2962 = DIRECTION('',(0.57735026919,0.57735026919,-0.57735026919));
#2963 = ORIENTED_EDGE('',*,*,#2247,.F.);
#2964 = PLANE('',#2965);
#2965 = AXIS2_PLACEMENT_3D('',#2966,#2967,#2968);
#2966 = CARTESIAN_POINT('',(5.22,-0.32,6.4));
#2967 = DIRECTION('',(0.707106781187,-8.833102285013E-17,0.707106781187)
  );
#2968 = DIRECTION('',(-1.236918052038E-16,-1.,-1.227125289097E-18));
#2969 = ADVANCED_FACE('',(#2970),#2981,.T.);
#2970 = FACE_BOUND('',#2971,.F.);
#2971 = EDGE_LOOP('',(#2972,#2973,#2979,#2980));
#2972 = ORIENTED_EDGE('',*,*,#2958,.F.);
#2973 = ORIENTED_EDGE('',*,*,#2974,.T.);
#2974 = EDGE_CURVE('',#2951,#2903,#2975,.T.);
#2975 = LINE('',#2976,#2977);
#2976 = CARTESIAN_POINT('',(5.32,0.12,6.5));
#2977 = VECTOR('',#2978,1.);
#2978 = DIRECTION('',(-1.,1.224646799147E-16,0.));
#2979 = ORIENTED_EDGE('',*,*,#2910,.T.);
#2980 = ORIENTED_EDGE('',*,*,#2270,.F.);
#2981 = PLANE('',#2982);
#2982 = AXIS2_PLACEMENT_3D('',#2983,#2984,#2985);
#2983 = CARTESIAN_POINT('',(5.32,0.22,6.4));
#2984 = DIRECTION('',(8.833102285013E-17,0.707106781187,0.707106781187)
  );
#2985 = DIRECTION('',(1.,-1.236918052038E-16,-1.227125289097E-18));
#2986 = ADVANCED_FACE('',(#2987),#3012,.F.);
#2987 = FACE_BOUND('',#2988,.T.);
#2988 = EDGE_LOOP('',(#2989,#2997,#3005,#3011));
#2989 = ORIENTED_EDGE('',*,*,#2990,.F.);
#2990 = EDGE_CURVE('',#2991,#2288,#2993,.T.);
#2991 = VERTEX_POINT('',#2992);
#2992 = CARTESIAN_POINT('',(2.38,-0.12,6.5));
#2993 = LINE('',#2994,#2995);
#2994 = CARTESIAN_POINT('',(2.353333333333,-0.146666666667,
    6.473333333333));
#2995 = VECTOR('',#2996,1.);
#2996 = DIRECTION('',(-0.57735026919,-0.57735026919,-0.57735026919));
#2997 = ORIENTED_EDGE('',*,*,#2998,.T.);
#2998 = EDGE_CURVE('',#2991,#2999,#3001,.T.);
#2999 = VERTEX_POINT('',#3000);
#3000 = CARTESIAN_POINT('',(2.38,0.12,6.5));
#3001 = LINE('',#3002,#3003);
#3002 = CARTESIAN_POINT('',(2.38,-0.32,6.5));
#3003 = VECTOR('',#3004,1.);
#3004 = DIRECTION('',(1.224646799147E-16,1.,0.));
#3005 = ORIENTED_EDGE('',*,*,#3006,.T.);
#3006 = EDGE_CURVE('',#2999,#2296,#3007,.T.);
#3007 = LINE('',#3008,#3009);
#3008 = CARTESIAN_POINT('',(2.46,4.E-02,6.58));
#3009 = VECTOR('',#3010,1.);
#3010 = DIRECTION('',(-0.57735026919,0.57735026919,-0.57735026919));
#3011 = ORIENTED_EDGE('',*,*,#2295,.F.);
#3012 = PLANE('',#3013);
#3013 = AXIS2_PLACEMENT_3D('',#3014,#3015,#3016);
#3014 = CARTESIAN_POINT('',(2.28,-0.32,6.4));
#3015 = DIRECTION('',(0.707106781187,-8.486018839685E-17,-0.707106781187
    ));
#3016 = DIRECTION('',(-1.212375546256E-16,-1.,-1.227125289196E-18));
#3017 = ADVANCED_FACE('',(#3018),#3036,.T.);
#3018 = FACE_BOUND('',#3019,.F.);
#3019 = EDGE_LOOP('',(#3020,#3028,#3029,#3030));
#3020 = ORIENTED_EDGE('',*,*,#3021,.F.);
#3021 = EDGE_CURVE('',#2318,#3022,#3024,.T.);
#3022 = VERTEX_POINT('',#3023);
#3023 = CARTESIAN_POINT('',(2.62,-0.12,6.5));
#3024 = LINE('',#3025,#3026);
#3025 = CARTESIAN_POINT('',(2.753333333333,-0.253333333333,
    6.366666666667));
#3026 = VECTOR('',#3027,1.);
#3027 = DIRECTION('',(-0.57735026919,0.57735026919,0.57735026919));
#3028 = ORIENTED_EDGE('',*,*,#2327,.T.);
#3029 = ORIENTED_EDGE('',*,*,#2990,.F.);
#3030 = ORIENTED_EDGE('',*,*,#3031,.F.);
#3031 = EDGE_CURVE('',#3022,#2991,#3032,.T.);
#3032 = LINE('',#3033,#3034);
#3033 = CARTESIAN_POINT('',(2.82,-0.12,6.5));
#3034 = VECTOR('',#3035,1.);
#3035 = DIRECTION('',(-1.,1.224646799147E-16,0.));
#3036 = PLANE('',#3037);
#3037 = AXIS2_PLACEMENT_3D('',#3038,#3039,#3040);
#3038 = CARTESIAN_POINT('',(2.82,-0.22,6.4));
#3039 = DIRECTION('',(-8.833102285013E-17,-0.707106781187,0.707106781187
    ));
#3040 = DIRECTION('',(1.,-1.236918052038E-16,1.227125289097E-18));
#3041 = ADVANCED_FACE('',(#3042),#3060,.T.);
#3042 = FACE_BOUND('',#3043,.F.);
#3043 = EDGE_LOOP('',(#3044,#3045,#3053,#3059));
#3044 = ORIENTED_EDGE('',*,*,#3021,.T.);
#3045 = ORIENTED_EDGE('',*,*,#3046,.T.);
#3046 = EDGE_CURVE('',#3022,#3047,#3049,.T.);
#3047 = VERTEX_POINT('',#3048);
#3048 = CARTESIAN_POINT('',(2.62,0.12,6.5));
#3049 = LINE('',#3050,#3051);
#3050 = CARTESIAN_POINT('',(2.62,-0.32,6.5));
#3051 = VECTOR('',#3052,1.);
#3052 = DIRECTION('',(1.224646799147E-16,1.,0.));
#3053 = ORIENTED_EDGE('',*,*,#3054,.T.);
#3054 = EDGE_CURVE('',#3047,#2344,#3055,.T.);
#3055 = LINE('',#3056,#3057);
#3056 = CARTESIAN_POINT('',(2.646666666667,0.146666666667,6.473333333333
    ));
#3057 = VECTOR('',#3058,1.);
#3058 = DIRECTION('',(0.57735026919,0.57735026919,-0.57735026919));
#3059 = ORIENTED_EDGE('',*,*,#2343,.F.);
#3060 = PLANE('',#3061);
#3061 = AXIS2_PLACEMENT_3D('',#3062,#3063,#3064);
#3062 = CARTESIAN_POINT('',(2.72,-0.32,6.4));
#3063 = DIRECTION('',(0.707106781187,-8.833102285013E-17,0.707106781187)
  );
#3064 = DIRECTION('',(-1.236918052038E-16,-1.,-1.227125289097E-18));
#3065 = ADVANCED_FACE('',(#3066),#3077,.T.);
#3066 = FACE_BOUND('',#3067,.F.);
#3067 = EDGE_LOOP('',(#3068,#3069,#3075,#3076));
#3068 = ORIENTED_EDGE('',*,*,#3054,.F.);
#3069 = ORIENTED_EDGE('',*,*,#3070,.T.);
#3070 = EDGE_CURVE('',#3047,#2999,#3071,.T.);
#3071 = LINE('',#3072,#3073);
#3072 = CARTESIAN_POINT('',(2.82,0.12,6.5));
#3073 = VECTOR('',#3074,1.);
#3074 = DIRECTION('',(-1.,1.224646799147E-16,0.));
#3075 = ORIENTED_EDGE('',*,*,#3006,.T.);
#3076 = ORIENTED_EDGE('',*,*,#2366,.F.);
#3077 = PLANE('',#3078);
#3078 = AXIS2_PLACEMENT_3D('',#3079,#3080,#3081);
#3079 = CARTESIAN_POINT('',(2.82,0.22,6.4));
#3080 = DIRECTION('',(8.833102285013E-17,0.707106781187,0.707106781187)
  );
#3081 = DIRECTION('',(1.,-1.236918052038E-16,-1.227125289097E-18));
#3082 = ADVANCED_FACE('',(#3083),#3124,.F.);
#3083 = FACE_BOUND('',#3084,.T.);
#3084 = EDGE_LOOP('',(#3085,#3095,#3103,#3111,#3117,#3118));
#3085 = ORIENTED_EDGE('',*,*,#3086,.F.);
#3086 = EDGE_CURVE('',#3087,#3089,#3091,.T.);
#3087 = VERTEX_POINT('',#3088);
#3088 = CARTESIAN_POINT('',(-0.12,0.12,-3.4));
#3089 = VERTEX_POINT('',#3090);
#3090 = CARTESIAN_POINT('',(-0.317552593066,0.351192514695,
    -3.202447406934));
#3091 = LINE('',#3092,#3093);
#3092 = CARTESIAN_POINT('',(-0.153849098111,0.159613036666,
    -3.366150901889));
#3093 = VECTOR('',#3094,1.);
#3094 = DIRECTION('',(-0.544770019249,0.63753529491,0.544770019249));
#3095 = ORIENTED_EDGE('',*,*,#3096,.T.);
#3096 = EDGE_CURVE('',#3087,#3097,#3099,.T.);
#3097 = VERTEX_POINT('',#3098);
#3098 = CARTESIAN_POINT('',(-0.12,-0.12,-3.4));
#3099 = LINE('',#3100,#3101);
#3100 = CARTESIAN_POINT('',(-0.12,0.32,-3.4));
#3101 = VECTOR('',#3102,1.);
#3102 = DIRECTION('',(-1.224646799147E-16,-1.,0.));
#3103 = ORIENTED_EDGE('',*,*,#3104,.T.);
#3104 = EDGE_CURVE('',#3097,#3105,#3107,.T.);
#3105 = VERTEX_POINT('',#3106);
#3106 = CARTESIAN_POINT('',(-0.317552593066,-0.288807485305,
    -3.202447406934));
#3107 = LINE('',#3108,#3109);
#3108 = CARTESIAN_POINT('',(-3.848855660758E-02,-5.034896900541E-02,
    -3.481511443392));
#3109 = VECTOR('',#3110,1.);
#3110 = DIRECTION('',(-0.605209817607,-0.517148096144,0.605209817607));
#3111 = ORIENTED_EDGE('',*,*,#3112,.T.);
#3112 = EDGE_CURVE('',#3105,#2385,#3113,.T.);
#3113 = LINE('',#3114,#3115);
#3114 = CARTESIAN_POINT('',(-8.569083447332E-02,-0.325417236662,
    -3.434309165527));
#3115 = VECTOR('',#3116,1.);
#3116 = DIRECTION('',(-0.702740385383,0.110959008218,0.702740385383));
#3117 = ORIENTED_EDGE('',*,*,#2382,.F.);
#3118 = ORIENTED_EDGE('',*,*,#3119,.F.);
#3119 = EDGE_CURVE('',#3089,#2383,#3120,.T.);
#3120 = LINE('',#3121,#3122);
#3121 = CARTESIAN_POINT('',(-0.541586867305,0.386566347469,
    -2.978413132695));
#3122 = VECTOR('',#3123,1.);
#3123 = DIRECTION('',(-0.702740385383,0.110959008218,0.702740385383));
#3124 = PLANE('',#3125);
#3125 = AXIS2_PLACEMENT_3D('',#3126,#3127,#3128);
#3126 = CARTESIAN_POINT('',(-0.22,0.32,-3.3));
#3127 = DIRECTION('',(0.707106781187,-8.833102285013E-17,0.707106781187)
  );
#3128 = DIRECTION('',(1.236918052038E-16,1.,1.227125289097E-18));
#3129 = ADVANCED_FACE('',(#3130),#3155,.F.);
#3130 = FACE_BOUND('',#3131,.F.);
#3131 = EDGE_LOOP('',(#3132,#3133,#3139,#3140,#3141,#3149));
#3132 = ORIENTED_EDGE('',*,*,#2511,.F.);
#3133 = ORIENTED_EDGE('',*,*,#3134,.T.);
#3134 = EDGE_CURVE('',#2504,#2424,#3135,.T.);
#3135 = LINE('',#3136,#3137);
#3136 = CARTESIAN_POINT('',(0.32,0.62,-1.5));
#3137 = VECTOR('',#3138,1.);
#3138 = DIRECTION('',(-1.,1.224646799147E-16,0.));
#3139 = ORIENTED_EDGE('',*,*,#2431,.T.);
#3140 = ORIENTED_EDGE('',*,*,#3119,.F.);
#3141 = ORIENTED_EDGE('',*,*,#3142,.F.);
#3142 = EDGE_CURVE('',#3143,#3089,#3145,.T.);
#3143 = VERTEX_POINT('',#3144);
#3144 = CARTESIAN_POINT('',(0.317552593066,0.351192514695,
    -3.202447406934));
#3145 = LINE('',#3146,#3147);
#3146 = CARTESIAN_POINT('',(0.32,0.351192514695,-3.202447406934));
#3147 = VECTOR('',#3148,1.);
#3148 = DIRECTION('',(-1.,1.224646799147E-16,0.));
#3149 = ORIENTED_EDGE('',*,*,#3150,.T.);
#3150 = EDGE_CURVE('',#3143,#2470,#3151,.T.);
#3151 = LINE('',#3152,#3153);
#3152 = CARTESIAN_POINT('',(0.699616963064,0.411518467852,
    -2.820383036936));
#3153 = VECTOR('',#3154,1.);
#3154 = DIRECTION('',(0.702740385383,0.110959008218,0.702740385383));
#3155 = PLANE('',#3156);
#3156 = AXIS2_PLACEMENT_3D('',#3157,#3158,#3159);
#3157 = CARTESIAN_POINT('',(0.32,0.62,-1.5));
#3158 = DIRECTION('',(-1.209660753807E-16,-0.987762965329,0.155962573473
    ));
#3159 = DIRECTION('',(-1.909990663905E-17,-0.155962573473,
    -0.987762965329));
#3160 = ADVANCED_FACE('',(#3161),#3167,.F.);
#3161 = FACE_BOUND('',#3162,.F.);
#3162 = EDGE_LOOP('',(#3163,#3164,#3165,#3166));
#3163 = ORIENTED_EDGE('',*,*,#2528,.T.);
#3164 = ORIENTED_EDGE('',*,*,#2423,.T.);
#3165 = ORIENTED_EDGE('',*,*,#3134,.F.);
#3166 = ORIENTED_EDGE('',*,*,#2503,.F.);
#3167 = PLANE('',#3168);
#3168 = AXIS2_PLACEMENT_3D('',#3169,#3170,#3171);
#3169 = CARTESIAN_POINT('',(0.32,0.32,-0.9));
#3170 = DIRECTION('',(-1.095357396528E-16,-0.894427191,-0.4472135955));
#3171 = DIRECTION('',(5.476786982641E-17,0.4472135955,-0.894427191));
#3172 = ADVANCED_FACE('',(#3173),#3184,.F.);
#3173 = FACE_BOUND('',#3174,.F.);
#3174 = EDGE_LOOP('',(#3175,#3181,#3182,#3183));
#3175 = ORIENTED_EDGE('',*,*,#3176,.T.);
#3176 = EDGE_CURVE('',#2480,#2393,#3177,.T.);
#3177 = LINE('',#3178,#3179);
#3178 = CARTESIAN_POINT('',(0.32,-2.E-02,-1.5));
#3179 = VECTOR('',#3180,1.);
#3180 = DIRECTION('',(-1.,1.224646799147E-16,0.));
#3181 = ORIENTED_EDGE('',*,*,#2400,.T.);
#3182 = ORIENTED_EDGE('',*,*,#2453,.F.);
#3183 = ORIENTED_EDGE('',*,*,#2487,.F.);
#3184 = PLANE('',#3185);
#3185 = AXIS2_PLACEMENT_3D('',#3186,#3187,#3188);
#3186 = CARTESIAN_POINT('',(0.32,-2.E-02,-1.5));
#3187 = DIRECTION('',(1.095357396528E-16,0.894427191,0.4472135955));
#3188 = DIRECTION('',(-5.476786982641E-17,-0.4472135955,0.894427191));
#3189 = ADVANCED_FACE('',(#3190),#3210,.F.);
#3190 = FACE_BOUND('',#3191,.F.);
#3191 = EDGE_LOOP('',(#3192,#3193,#3201,#3207,#3208,#3209));
#3192 = ORIENTED_EDGE('',*,*,#2479,.F.);
#3193 = ORIENTED_EDGE('',*,*,#3194,.F.);
#3194 = EDGE_CURVE('',#3195,#2472,#3197,.T.);
#3195 = VERTEX_POINT('',#3196);
#3196 = CARTESIAN_POINT('',(0.317552593066,-0.288807485305,
    -3.202447406934));
#3197 = LINE('',#3198,#3199);
#3198 = CARTESIAN_POINT('',(0.243720930233,-0.300465116279,
    -3.276279069767));
#3199 = VECTOR('',#3200,1.);
#3200 = DIRECTION('',(0.702740385383,0.110959008218,0.702740385383));
#3201 = ORIENTED_EDGE('',*,*,#3202,.T.);
#3202 = EDGE_CURVE('',#3195,#3105,#3203,.T.);
#3203 = LINE('',#3204,#3205);
#3204 = CARTESIAN_POINT('',(0.32,-0.288807485305,-3.202447406934));
#3205 = VECTOR('',#3206,1.);
#3206 = DIRECTION('',(-1.,1.224646799147E-16,0.));
#3207 = ORIENTED_EDGE('',*,*,#3112,.T.);
#3208 = ORIENTED_EDGE('',*,*,#2392,.T.);
#3209 = ORIENTED_EDGE('',*,*,#3176,.F.);
#3210 = PLANE('',#3211);
#3211 = AXIS2_PLACEMENT_3D('',#3212,#3213,#3214);
#3212 = CARTESIAN_POINT('',(0.32,-0.32,-3.4));
#3213 = DIRECTION('',(1.209660753807E-16,0.987762965329,-0.155962573473)
  );
#3214 = DIRECTION('',(1.909990663905E-17,0.155962573473,0.987762965329)
  );
#3215 = ADVANCED_FACE('',(#3216),#3243,.T.);
#3216 = FACE_BOUND('',#3217,.F.);
#3217 = EDGE_LOOP('',(#3218,#3226,#3234,#3240,#3241,#3242));
#3218 = ORIENTED_EDGE('',*,*,#3219,.F.);
#3219 = EDGE_CURVE('',#3220,#3143,#3222,.T.);
#3220 = VERTEX_POINT('',#3221);
#3221 = CARTESIAN_POINT('',(0.12,0.12,-3.4));
#3222 = LINE('',#3223,#3224);
#3223 = CARTESIAN_POINT('',(0.24881689775,0.270752273427,-3.27118310225)
  );
#3224 = VECTOR('',#3225,1.);
#3225 = DIRECTION('',(0.544770019249,0.63753529491,0.544770019249));
#3226 = ORIENTED_EDGE('',*,*,#3227,.T.);
#3227 = EDGE_CURVE('',#3220,#3228,#3230,.T.);
#3228 = VERTEX_POINT('',#3229);
#3229 = CARTESIAN_POINT('',(0.12,-0.12,-3.4));
#3230 = LINE('',#3231,#3232);
#3231 = CARTESIAN_POINT('',(0.12,0.32,-3.4));
#3232 = VECTOR('',#3233,1.);
#3233 = DIRECTION('',(-1.224646799147E-16,-1.,0.));
#3234 = ORIENTED_EDGE('',*,*,#3235,.T.);
#3235 = EDGE_CURVE('',#3228,#3195,#3236,.T.);
#3236 = LINE('',#3237,#3238);
#3237 = CARTESIAN_POINT('',(0.155697812072,-0.150503562587,
    -3.364302187928));
#3238 = VECTOR('',#3239,1.);
#3239 = DIRECTION('',(0.605209817607,-0.517148096144,0.605209817607));
#3240 = ORIENTED_EDGE('',*,*,#3194,.T.);
#3241 = ORIENTED_EDGE('',*,*,#2469,.F.);
#3242 = ORIENTED_EDGE('',*,*,#3150,.F.);
#3243 = PLANE('',#3244);
#3244 = AXIS2_PLACEMENT_3D('',#3245,#3246,#3247);
#3245 = CARTESIAN_POINT('',(0.22,0.32,-3.3));
#3246 = DIRECTION('',(0.707106781187,-8.486018839685E-17,-0.707106781187
    ));
#3247 = DIRECTION('',(1.212375546256E-16,1.,1.227125289196E-18));
#3248 = ADVANCED_FACE('',(#3249),#3274,.F.);
#3249 = FACE_BOUND('',#3250,.T.);
#3250 = EDGE_LOOP('',(#3251,#3259,#3267,#3273));
#3251 = ORIENTED_EDGE('',*,*,#3252,.F.);
#3252 = EDGE_CURVE('',#3253,#2543,#3255,.T.);
#3253 = VERTEX_POINT('',#3254);
#3254 = CARTESIAN_POINT('',(2.38,0.12,-3.4));
#3255 = LINE('',#3256,#3257);
#3256 = CARTESIAN_POINT('',(2.353333333333,0.146666666667,
    -3.373333333333));
#3257 = VECTOR('',#3258,1.);
#3258 = DIRECTION('',(-0.57735026919,0.57735026919,0.57735026919));
#3259 = ORIENTED_EDGE('',*,*,#3260,.T.);
#3260 = EDGE_CURVE('',#3253,#3261,#3263,.T.);
#3261 = VERTEX_POINT('',#3262);
#3262 = CARTESIAN_POINT('',(2.38,-0.12,-3.4));
#3263 = LINE('',#3264,#3265);
#3264 = CARTESIAN_POINT('',(2.38,0.32,-3.4));
#3265 = VECTOR('',#3266,1.);
#3266 = DIRECTION('',(-1.224646799147E-16,-1.,0.));
#3267 = ORIENTED_EDGE('',*,*,#3268,.T.);
#3268 = EDGE_CURVE('',#3261,#2545,#3269,.T.);
#3269 = LINE('',#3270,#3271);
#3270 = CARTESIAN_POINT('',(2.46,-4.E-02,-3.48));
#3271 = VECTOR('',#3272,1.);
#3272 = DIRECTION('',(-0.57735026919,-0.57735026919,0.57735026919));
#3273 = ORIENTED_EDGE('',*,*,#2542,.F.);
#3274 = PLANE('',#3275);
#3275 = AXIS2_PLACEMENT_3D('',#3276,#3277,#3278);
#3276 = CARTESIAN_POINT('',(2.28,0.32,-3.3));
#3277 = DIRECTION('',(0.707106781187,-8.833102285013E-17,0.707106781187)
  );
#3278 = DIRECTION('',(1.236918052038E-16,1.,1.227125289097E-18));
#3279 = ADVANCED_FACE('',(#3280),#3298,.T.);
#3280 = FACE_BOUND('',#3281,.F.);
#3281 = EDGE_LOOP('',(#3282,#3290,#3296,#3297));
#3282 = ORIENTED_EDGE('',*,*,#3283,.F.);
#3283 = EDGE_CURVE('',#3284,#2574,#3286,.T.);
#3284 = VERTEX_POINT('',#3285);
#3285 = CARTESIAN_POINT('',(2.62,-0.12,-3.4));
#3286 = LINE('',#3287,#3288);
#3287 = CARTESIAN_POINT('',(2.646666666667,-0.146666666667,
    -3.373333333333));
#3288 = VECTOR('',#3289,1.);
#3289 = DIRECTION('',(0.57735026919,-0.57735026919,0.57735026919));
#3290 = ORIENTED_EDGE('',*,*,#3291,.T.);
#3291 = EDGE_CURVE('',#3284,#3261,#3292,.T.);
#3292 = LINE('',#3293,#3294);
#3293 = CARTESIAN_POINT('',(2.82,-0.12,-3.4));
#3294 = VECTOR('',#3295,1.);
#3295 = DIRECTION('',(-1.,1.224646799147E-16,0.));
#3296 = ORIENTED_EDGE('',*,*,#3268,.T.);
#3297 = ORIENTED_EDGE('',*,*,#2581,.F.);
#3298 = PLANE('',#3299);
#3299 = AXIS2_PLACEMENT_3D('',#3300,#3301,#3302);
#3300 = CARTESIAN_POINT('',(2.82,-0.22,-3.3));
#3301 = DIRECTION('',(-8.486018839685E-17,-0.707106781187,
    -0.707106781187));
#3302 = DIRECTION('',(1.,-1.212375546256E-16,1.227125289196E-18));
#3303 = ADVANCED_FACE('',(#3304),#3322,.T.);
#3304 = FACE_BOUND('',#3305,.F.);
#3305 = EDGE_LOOP('',(#3306,#3314,#3320,#3321));
#3306 = ORIENTED_EDGE('',*,*,#3307,.F.);
#3307 = EDGE_CURVE('',#3308,#2598,#3310,.T.);
#3308 = VERTEX_POINT('',#3309);
#3309 = CARTESIAN_POINT('',(2.62,0.12,-3.4));
#3310 = LINE('',#3311,#3312);
#3311 = CARTESIAN_POINT('',(2.753333333333,0.253333333333,
    -3.266666666667));
#3312 = VECTOR('',#3313,1.);
#3313 = DIRECTION('',(0.57735026919,0.57735026919,0.57735026919));
#3314 = ORIENTED_EDGE('',*,*,#3315,.T.);
#3315 = EDGE_CURVE('',#3308,#3284,#3316,.T.);
#3316 = LINE('',#3317,#3318);
#3317 = CARTESIAN_POINT('',(2.62,0.32,-3.4));
#3318 = VECTOR('',#3319,1.);
#3319 = DIRECTION('',(-1.224646799147E-16,-1.,0.));
#3320 = ORIENTED_EDGE('',*,*,#3283,.T.);
#3321 = ORIENTED_EDGE('',*,*,#2597,.F.);
#3322 = PLANE('',#3323);
#3323 = AXIS2_PLACEMENT_3D('',#3324,#3325,#3326);
#3324 = CARTESIAN_POINT('',(2.72,0.32,-3.3));
#3325 = DIRECTION('',(0.707106781187,-8.486018839685E-17,-0.707106781187
    ));
#3326 = DIRECTION('',(1.212375546256E-16,1.,1.227125289196E-18));
#3327 = ADVANCED_FACE('',(#3328),#3339,.T.);
#3328 = FACE_BOUND('',#3329,.T.);
#3329 = EDGE_LOOP('',(#3330,#3331,#3337,#3338));
#3330 = ORIENTED_EDGE('',*,*,#3307,.F.);
#3331 = ORIENTED_EDGE('',*,*,#3332,.T.);
#3332 = EDGE_CURVE('',#3308,#3253,#3333,.T.);
#3333 = LINE('',#3334,#3335);
#3334 = CARTESIAN_POINT('',(2.82,0.12,-3.4));
#3335 = VECTOR('',#3336,1.);
#3336 = DIRECTION('',(-1.,1.224646799147E-16,0.));
#3337 = ORIENTED_EDGE('',*,*,#3252,.T.);
#3338 = ORIENTED_EDGE('',*,*,#2624,.F.);
#3339 = PLANE('',#3340);
#3340 = AXIS2_PLACEMENT_3D('',#3341,#3342,#3343);
#3341 = CARTESIAN_POINT('',(2.82,0.22,-3.3));
#3342 = DIRECTION('',(8.486018839685E-17,0.707106781187,-0.707106781187)
  );
#3343 = DIRECTION('',(-1.,1.212375546256E-16,1.227125289196E-18));
#3344 = ADVANCED_FACE('',(#3345),#3386,.F.);
#3345 = FACE_BOUND('',#3346,.T.);
#3346 = EDGE_LOOP('',(#3347,#3357,#3365,#3373,#3379,#3380));
#3347 = ORIENTED_EDGE('',*,*,#3348,.F.);
#3348 = EDGE_CURVE('',#3349,#3351,#3353,.T.);
#3349 = VERTEX_POINT('',#3350);
#3350 = CARTESIAN_POINT('',(4.88,0.12,-3.4));
#3351 = VERTEX_POINT('',#3352);
#3352 = CARTESIAN_POINT('',(4.682447406934,0.351192514695,
    -3.202447406934));
#3353 = LINE('',#3354,#3355);
#3354 = CARTESIAN_POINT('',(4.846150901889,0.159613036666,
    -3.366150901889));
#3355 = VECTOR('',#3356,1.);
#3356 = DIRECTION('',(-0.544770019249,0.63753529491,0.544770019249));
#3357 = ORIENTED_EDGE('',*,*,#3358,.T.);
#3358 = EDGE_CURVE('',#3349,#3359,#3361,.T.);
#3359 = VERTEX_POINT('',#3360);
#3360 = CARTESIAN_POINT('',(4.88,-0.12,-3.4));
#3361 = LINE('',#3362,#3363);
#3362 = CARTESIAN_POINT('',(4.88,0.32,-3.4));
#3363 = VECTOR('',#3364,1.);
#3364 = DIRECTION('',(-1.224646799147E-16,-1.,0.));
#3365 = ORIENTED_EDGE('',*,*,#3366,.T.);
#3366 = EDGE_CURVE('',#3359,#3367,#3369,.T.);
#3367 = VERTEX_POINT('',#3368);
#3368 = CARTESIAN_POINT('',(4.682447406934,-0.288807485305,
    -3.202447406934));
#3369 = LINE('',#3370,#3371);
#3370 = CARTESIAN_POINT('',(4.961511443392,-5.034896900541E-02,
    -3.481511443392));
#3371 = VECTOR('',#3372,1.);
#3372 = DIRECTION('',(-0.605209817607,-0.517148096144,0.605209817607));
#3373 = ORIENTED_EDGE('',*,*,#3374,.T.);
#3374 = EDGE_CURVE('',#3367,#2641,#3375,.T.);
#3375 = LINE('',#3376,#3377);
#3376 = CARTESIAN_POINT('',(4.914309165527,-0.325417236662,
    -3.434309165527));
#3377 = VECTOR('',#3378,1.);
#3378 = DIRECTION('',(-0.702740385383,0.110959008218,0.702740385383));
#3379 = ORIENTED_EDGE('',*,*,#2638,.F.);
#3380 = ORIENTED_EDGE('',*,*,#3381,.F.);
#3381 = EDGE_CURVE('',#3351,#2639,#3382,.T.);
#3382 = LINE('',#3383,#3384);
#3383 = CARTESIAN_POINT('',(4.458413132695,0.386566347469,
    -2.978413132695));
#3384 = VECTOR('',#3385,1.);
#3385 = DIRECTION('',(-0.702740385383,0.110959008218,0.702740385383));
#3386 = PLANE('',#3387);
#3387 = AXIS2_PLACEMENT_3D('',#3388,#3389,#3390);
#3388 = CARTESIAN_POINT('',(4.78,0.32,-3.3));
#3389 = DIRECTION('',(0.707106781187,-8.833102285013E-17,0.707106781187)
  );
#3390 = DIRECTION('',(1.236918052038E-16,1.,1.227125289097E-18));
#3391 = ADVANCED_FACE('',(#3392),#3417,.F.);
#3392 = FACE_BOUND('',#3393,.F.);
#3393 = EDGE_LOOP('',(#3394,#3395,#3401,#3402,#3403,#3411));
#3394 = ORIENTED_EDGE('',*,*,#2767,.F.);
#3395 = ORIENTED_EDGE('',*,*,#3396,.T.);
#3396 = EDGE_CURVE('',#2760,#2680,#3397,.T.);
#3397 = LINE('',#3398,#3399);
#3398 = CARTESIAN_POINT('',(5.32,0.62,-1.5));
#3399 = VECTOR('',#3400,1.);
#3400 = DIRECTION('',(-1.,1.224646799147E-16,0.));
#3401 = ORIENTED_EDGE('',*,*,#2687,.T.);
#3402 = ORIENTED_EDGE('',*,*,#3381,.F.);
#3403 = ORIENTED_EDGE('',*,*,#3404,.F.);
#3404 = EDGE_CURVE('',#3405,#3351,#3407,.T.);
#3405 = VERTEX_POINT('',#3406);
#3406 = CARTESIAN_POINT('',(5.317552593066,0.351192514695,
    -3.202447406934));
#3407 = LINE('',#3408,#3409);
#3408 = CARTESIAN_POINT('',(5.32,0.351192514695,-3.202447406934));
#3409 = VECTOR('',#3410,1.);
#3410 = DIRECTION('',(-1.,1.224646799147E-16,0.));
#3411 = ORIENTED_EDGE('',*,*,#3412,.T.);
#3412 = EDGE_CURVE('',#3405,#2726,#3413,.T.);
#3413 = LINE('',#3414,#3415);
#3414 = CARTESIAN_POINT('',(5.699616963064,0.411518467852,
    -2.820383036936));
#3415 = VECTOR('',#3416,1.);
#3416 = DIRECTION('',(0.702740385383,0.110959008218,0.702740385383));
#3417 = PLANE('',#3418);
#3418 = AXIS2_PLACEMENT_3D('',#3419,#3420,#3421);
#3419 = CARTESIAN_POINT('',(5.32,0.62,-1.5));
#3420 = DIRECTION('',(-1.209660753807E-16,-0.987762965329,0.155962573473
    ));
#3421 = DIRECTION('',(-1.909990663905E-17,-0.155962573473,
    -0.987762965329));
#3422 = ADVANCED_FACE('',(#3423),#3429,.F.);
#3423 = FACE_BOUND('',#3424,.F.);
#3424 = EDGE_LOOP('',(#3425,#3426,#3427,#3428));
#3425 = ORIENTED_EDGE('',*,*,#2784,.T.);
#3426 = ORIENTED_EDGE('',*,*,#2679,.T.);
#3427 = ORIENTED_EDGE('',*,*,#3396,.F.);
#3428 = ORIENTED_EDGE('',*,*,#2759,.F.);
#3429 = PLANE('',#3430);
#3430 = AXIS2_PLACEMENT_3D('',#3431,#3432,#3433);
#3431 = CARTESIAN_POINT('',(5.32,0.32,-0.9));
#3432 = DIRECTION('',(-1.095357396528E-16,-0.894427191,-0.4472135955));
#3433 = DIRECTION('',(5.476786982641E-17,0.4472135955,-0.894427191));
#3434 = ADVANCED_FACE('',(#3435),#3446,.F.);
#3435 = FACE_BOUND('',#3436,.F.);
#3436 = EDGE_LOOP('',(#3437,#3443,#3444,#3445));
#3437 = ORIENTED_EDGE('',*,*,#3438,.T.);
#3438 = EDGE_CURVE('',#2736,#2649,#3439,.T.);
#3439 = LINE('',#3440,#3441);
#3440 = CARTESIAN_POINT('',(5.32,-2.E-02,-1.5));
#3441 = VECTOR('',#3442,1.);
#3442 = DIRECTION('',(-1.,1.224646799147E-16,0.));
#3443 = ORIENTED_EDGE('',*,*,#2656,.T.);
#3444 = ORIENTED_EDGE('',*,*,#2709,.F.);
#3445 = ORIENTED_EDGE('',*,*,#2743,.F.);
#3446 = PLANE('',#3447);
#3447 = AXIS2_PLACEMENT_3D('',#3448,#3449,#3450);
#3448 = CARTESIAN_POINT('',(5.32,-2.E-02,-1.5));
#3449 = DIRECTION('',(1.095357396528E-16,0.894427191,0.4472135955));
#3450 = DIRECTION('',(-5.476786982641E-17,-0.4472135955,0.894427191));
#3451 = ADVANCED_FACE('',(#3452),#3472,.F.);
#3452 = FACE_BOUND('',#3453,.F.);
#3453 = EDGE_LOOP('',(#3454,#3455,#3463,#3469,#3470,#3471));
#3454 = ORIENTED_EDGE('',*,*,#2735,.F.);
#3455 = ORIENTED_EDGE('',*,*,#3456,.F.);
#3456 = EDGE_CURVE('',#3457,#2728,#3459,.T.);
#3457 = VERTEX_POINT('',#3458);
#3458 = CARTESIAN_POINT('',(5.317552593066,-0.288807485305,
    -3.202447406934));
#3459 = LINE('',#3460,#3461);
#3460 = CARTESIAN_POINT('',(5.243720930233,-0.300465116279,
    -3.276279069767));
#3461 = VECTOR('',#3462,1.);
#3462 = DIRECTION('',(0.702740385383,0.110959008218,0.702740385383));
#3463 = ORIENTED_EDGE('',*,*,#3464,.T.);
#3464 = EDGE_CURVE('',#3457,#3367,#3465,.T.);
#3465 = LINE('',#3466,#3467);
#3466 = CARTESIAN_POINT('',(5.32,-0.288807485305,-3.202447406934));
#3467 = VECTOR('',#3468,1.);
#3468 = DIRECTION('',(-1.,1.224646799147E-16,0.));
#3469 = ORIENTED_EDGE('',*,*,#3374,.T.);
#3470 = ORIENTED_EDGE('',*,*,#2648,.T.);
#3471 = ORIENTED_EDGE('',*,*,#3438,.F.);
#3472 = PLANE('',#3473);
#3473 = AXIS2_PLACEMENT_3D('',#3474,#3475,#3476);
#3474 = CARTESIAN_POINT('',(5.32,-0.32,-3.4));
#3475 = DIRECTION('',(1.209660753807E-16,0.987762965329,-0.155962573473)
  );
#3476 = DIRECTION('',(1.909990663905E-17,0.155962573473,0.987762965329)
  );
#3477 = ADVANCED_FACE('',(#3478),#3505,.T.);
#3478 = FACE_BOUND('',#3479,.F.);
#3479 = EDGE_LOOP('',(#3480,#3488,#3496,#3502,#3503,#3504));
#3480 = ORIENTED_EDGE('',*,*,#3481,.F.);
#3481 = EDGE_CURVE('',#3482,#3405,#3484,.T.);
#3482 = VERTEX_POINT('',#3483);
#3483 = CARTESIAN_POINT('',(5.12,0.12,-3.4));
#3484 = LINE('',#3485,#3486);
#3485 = CARTESIAN_POINT('',(5.24881689775,0.270752273427,-3.27118310225)
  );
#3486 = VECTOR('',#3487,1.);
#3487 = DIRECTION('',(0.544770019249,0.63753529491,0.544770019249));
#3488 = ORIENTED_EDGE('',*,*,#3489,.T.);
#3489 = EDGE_CURVE('',#3482,#3490,#3492,.T.);
#3490 = VERTEX_POINT('',#3491);
#3491 = CARTESIAN_POINT('',(5.12,-0.12,-3.4));
#3492 = LINE('',#3493,#3494);
#3493 = CARTESIAN_POINT('',(5.12,0.32,-3.4));
#3494 = VECTOR('',#3495,1.);
#3495 = DIRECTION('',(-1.224646799147E-16,-1.,0.));
#3496 = ORIENTED_EDGE('',*,*,#3497,.T.);
#3497 = EDGE_CURVE('',#3490,#3457,#3498,.T.);
#3498 = LINE('',#3499,#3500);
#3499 = CARTESIAN_POINT('',(5.155697812072,-0.150503562587,
    -3.364302187928));
#3500 = VECTOR('',#3501,1.);
#3501 = DIRECTION('',(0.605209817607,-0.517148096144,0.605209817607));
#3502 = ORIENTED_EDGE('',*,*,#3456,.T.);
#3503 = ORIENTED_EDGE('',*,*,#2725,.F.);
#3504 = ORIENTED_EDGE('',*,*,#3412,.F.);
#3505 = PLANE('',#3506);
#3506 = AXIS2_PLACEMENT_3D('',#3507,#3508,#3509);
#3507 = CARTESIAN_POINT('',(5.22,0.32,-3.3));
#3508 = DIRECTION('',(0.707106781187,-8.486018839685E-17,-0.707106781187
    ));
#3509 = DIRECTION('',(1.212375546256E-16,1.,1.227125289196E-18));
#3510 = ADVANCED_FACE('',(#3511),#3517,.F.);
#3511 = FACE_BOUND('',#3512,.F.);
#3512 = EDGE_LOOP('',(#3513,#3514,#3515,#3516));
#3513 = ORIENTED_EDGE('',*,*,#2806,.T.);
#3514 = ORIENTED_EDGE('',*,*,#2878,.F.);
#3515 = ORIENTED_EDGE('',*,*,#2854,.F.);
#3516 = ORIENTED_EDGE('',*,*,#2839,.T.);
#3517 = PLANE('',#3518);
#3518 = AXIS2_PLACEMENT_3D('',#3519,#3520,#3521);
#3519 = CARTESIAN_POINT('',(0.32,-0.32,6.5));
#3520 = DIRECTION('',(-0.,0.,-1.));
#3521 = DIRECTION('',(1.224646799147E-16,1.,0.));
#3522 = ADVANCED_FACE('',(#3523),#3529,.F.);
#3523 = FACE_BOUND('',#3524,.F.);
#3524 = EDGE_LOOP('',(#3525,#3526,#3527,#3528));
#3525 = ORIENTED_EDGE('',*,*,#2902,.T.);
#3526 = ORIENTED_EDGE('',*,*,#2974,.F.);
#3527 = ORIENTED_EDGE('',*,*,#2950,.F.);
#3528 = ORIENTED_EDGE('',*,*,#2935,.T.);
#3529 = PLANE('',#3530);
#3530 = AXIS2_PLACEMENT_3D('',#3531,#3532,#3533);
#3531 = CARTESIAN_POINT('',(5.32,-0.32,6.5));
#3532 = DIRECTION('',(-0.,0.,-1.));
#3533 = DIRECTION('',(1.224646799147E-16,1.,0.));
#3534 = ADVANCED_FACE('',(#3535),#3541,.F.);
#3535 = FACE_BOUND('',#3536,.F.);
#3536 = EDGE_LOOP('',(#3537,#3538,#3539,#3540));
#3537 = ORIENTED_EDGE('',*,*,#3070,.F.);
#3538 = ORIENTED_EDGE('',*,*,#3046,.F.);
#3539 = ORIENTED_EDGE('',*,*,#3031,.T.);
#3540 = ORIENTED_EDGE('',*,*,#2998,.T.);
#3541 = PLANE('',#3542);
#3542 = AXIS2_PLACEMENT_3D('',#3543,#3544,#3545);
#3543 = CARTESIAN_POINT('',(2.82,-0.32,6.5));
#3544 = DIRECTION('',(-0.,0.,-1.));
#3545 = DIRECTION('',(1.224646799147E-16,1.,0.));
#3546 = ADVANCED_FACE('',(#3547),#3558,.T.);
#3547 = FACE_BOUND('',#3548,.T.);
#3548 = EDGE_LOOP('',(#3549,#3550,#3556,#3557));
#3549 = ORIENTED_EDGE('',*,*,#3219,.F.);
#3550 = ORIENTED_EDGE('',*,*,#3551,.T.);
#3551 = EDGE_CURVE('',#3220,#3087,#3552,.T.);
#3552 = LINE('',#3553,#3554);
#3553 = CARTESIAN_POINT('',(0.32,0.12,-3.4));
#3554 = VECTOR('',#3555,1.);
#3555 = DIRECTION('',(-1.,1.224646799147E-16,0.));
#3556 = ORIENTED_EDGE('',*,*,#3086,.T.);
#3557 = ORIENTED_EDGE('',*,*,#3142,.F.);
#3558 = PLANE('',#3559);
#3559 = AXIS2_PLACEMENT_3D('',#3560,#3561,#3562);
#3560 = CARTESIAN_POINT('',(0.32,0.235596257347,-3.301223703467));
#3561 = DIRECTION('',(8.302774088379E-17,0.64962967394,-0.760250805153)
  );
#3562 = DIRECTION('',(-1.,1.247195775152E-16,-2.638869166629E-18));
#3563 = ADVANCED_FACE('',(#3564),#3575,.F.);
#3564 = FACE_BOUND('',#3565,.F.);
#3565 = EDGE_LOOP('',(#3566,#3567,#3568,#3574));
#3566 = ORIENTED_EDGE('',*,*,#3551,.T.);
#3567 = ORIENTED_EDGE('',*,*,#3096,.T.);
#3568 = ORIENTED_EDGE('',*,*,#3569,.F.);
#3569 = EDGE_CURVE('',#3228,#3097,#3570,.T.);
#3570 = LINE('',#3571,#3572);
#3571 = CARTESIAN_POINT('',(0.32,-0.12,-3.4));
#3572 = VECTOR('',#3573,1.);
#3573 = DIRECTION('',(-1.,1.224646799147E-16,0.));
#3574 = ORIENTED_EDGE('',*,*,#3227,.F.);
#3575 = PLANE('',#3576);
#3576 = AXIS2_PLACEMENT_3D('',#3577,#3578,#3579);
#3577 = CARTESIAN_POINT('',(0.32,0.32,-3.4));
#3578 = DIRECTION('',(0.,0.,1.));
#3579 = DIRECTION('',(-1.224646799147E-16,-1.,0.));
#3580 = ADVANCED_FACE('',(#3581),#3587,.T.);
#3581 = FACE_BOUND('',#3582,.F.);
#3582 = EDGE_LOOP('',(#3583,#3584,#3585,#3586));
#3583 = ORIENTED_EDGE('',*,*,#3235,.F.);
#3584 = ORIENTED_EDGE('',*,*,#3569,.T.);
#3585 = ORIENTED_EDGE('',*,*,#3104,.T.);
#3586 = ORIENTED_EDGE('',*,*,#3202,.F.);
#3587 = PLANE('',#3588);
#3588 = AXIS2_PLACEMENT_3D('',#3589,#3590,#3591);
#3589 = CARTESIAN_POINT('',(0.32,-0.204403742653,-3.301223703467));
#3590 = DIRECTION('',(-9.310387150808E-17,-0.760250805153,-0.64962967394
    ));
#3591 = DIRECTION('',(1.,-1.224646799148E-16,-5.515863360725E-29));
#3592 = ADVANCED_FACE('',(#3593),#3599,.F.);
#3593 = FACE_BOUND('',#3594,.F.);
#3594 = EDGE_LOOP('',(#3595,#3596,#3597,#3598));
#3595 = ORIENTED_EDGE('',*,*,#3315,.F.);
#3596 = ORIENTED_EDGE('',*,*,#3332,.T.);
#3597 = ORIENTED_EDGE('',*,*,#3260,.T.);
#3598 = ORIENTED_EDGE('',*,*,#3291,.F.);
#3599 = PLANE('',#3600);
#3600 = AXIS2_PLACEMENT_3D('',#3601,#3602,#3603);
#3601 = CARTESIAN_POINT('',(2.82,0.32,-3.4));
#3602 = DIRECTION('',(0.,0.,1.));
#3603 = DIRECTION('',(-1.224646799147E-16,-1.,0.));
#3604 = ADVANCED_FACE('',(#3605),#3616,.T.);
#3605 = FACE_BOUND('',#3606,.T.);
#3606 = EDGE_LOOP('',(#3607,#3608,#3614,#3615));
#3607 = ORIENTED_EDGE('',*,*,#3481,.F.);
#3608 = ORIENTED_EDGE('',*,*,#3609,.T.);
#3609 = EDGE_CURVE('',#3482,#3349,#3610,.T.);
#3610 = LINE('',#3611,#3612);
#3611 = CARTESIAN_POINT('',(5.32,0.12,-3.4));
#3612 = VECTOR('',#3613,1.);
#3613 = DIRECTION('',(-1.,1.224646799147E-16,0.));
#3614 = ORIENTED_EDGE('',*,*,#3348,.T.);
#3615 = ORIENTED_EDGE('',*,*,#3404,.F.);
#3616 = PLANE('',#3617);
#3617 = AXIS2_PLACEMENT_3D('',#3618,#3619,#3620);
#3618 = CARTESIAN_POINT('',(5.32,0.235596257347,-3.301223703467));
#3619 = DIRECTION('',(8.302774088379E-17,0.64962967394,-0.760250805153)
  );
#3620 = DIRECTION('',(-1.,1.247195775152E-16,-2.638869166629E-18));
#3621 = ADVANCED_FACE('',(#3622),#3633,.F.);
#3622 = FACE_BOUND('',#3623,.F.);
#3623 = EDGE_LOOP('',(#3624,#3625,#3626,#3632));
#3624 = ORIENTED_EDGE('',*,*,#3609,.T.);
#3625 = ORIENTED_EDGE('',*,*,#3358,.T.);
#3626 = ORIENTED_EDGE('',*,*,#3627,.F.);
#3627 = EDGE_CURVE('',#3490,#3359,#3628,.T.);
#3628 = LINE('',#3629,#3630);
#3629 = CARTESIAN_POINT('',(5.32,-0.12,-3.4));
#3630 = VECTOR('',#3631,1.);
#3631 = DIRECTION('',(-1.,1.224646799147E-16,0.));
#3632 = ORIENTED_EDGE('',*,*,#3489,.F.);
#3633 = PLANE('',#3634);
#3634 = AXIS2_PLACEMENT_3D('',#3635,#3636,#3637);
#3635 = CARTESIAN_POINT('',(5.32,0.32,-3.4));
#3636 = DIRECTION('',(0.,0.,1.));
#3637 = DIRECTION('',(-1.224646799147E-16,-1.,0.));
#3638 = ADVANCED_FACE('',(#3639),#3645,.T.);
#3639 = FACE_BOUND('',#3640,.F.);
#3640 = EDGE_LOOP('',(#3641,#3642,#3643,#3644));
#3641 = ORIENTED_EDGE('',*,*,#3497,.F.);
#3642 = ORIENTED_EDGE('',*,*,#3627,.T.);
#3643 = ORIENTED_EDGE('',*,*,#3366,.T.);
#3644 = ORIENTED_EDGE('',*,*,#3464,.F.);
#3645 = PLANE('',#3646);
#3646 = AXIS2_PLACEMENT_3D('',#3647,#3648,#3649);
#3647 = CARTESIAN_POINT('',(5.32,-0.204403742653,-3.301223703467));
#3648 = DIRECTION('',(-9.310387150808E-17,-0.760250805153,-0.64962967394
    ));
#3649 = DIRECTION('',(1.,-1.224646799148E-16,-5.515863360725E-29));
#3650 = ( GEOMETRIC_REPRESENTATION_CONTEXT(3) 
GLOBAL_UNCERTAINTY_ASSIGNED_CONTEXT((#3654)) 
GLOBAL_UNIT_ASSIGNED_CONTEXT((#3651,#3652,#3653)) REPRESENTATION_CONTEXT
('Context #1','3D Context with UNIT and UNCERTAINTY') );
#3651 = ( LENGTH_UNIT() NAMED_UNIT(*) SI_UNIT(.MILLI.,.METRE.) );
#3652 = ( NAMED_UNIT(*) PLANE_ANGLE_UNIT() SI_UNIT($,.RADIAN.) );
#3653 = ( NAMED_UNIT(*) SI_UNIT($,.STERADIAN.) SOLID_ANGLE_UNIT() );
#3654 = UNCERTAINTY_MEASURE_WITH_UNIT(LENGTH_MEASURE(1.E-07),#3651,
  'distance_accuracy_value','confusion accuracy');
#3655 = CONTEXT_DEPENDENT_SHAPE_REPRESENTATION(#3656,#3658);
#3656 = ( REPRESENTATION_RELATIONSHIP('','',#128,#10) 
REPRESENTATION_RELATIONSHIP_WITH_TRANSFORMATION(#3657) 
SHAPE_REPRESENTATION_RELATIONSHIP() );
#3657 = ITEM_DEFINED_TRANSFORMATION('','',#11,#15);
#3658 = PRODUCT_DEFINITION_SHAPE('Placement','Placement of an item',
  #3659);
#3659 = NEXT_ASSEMBLY_USAGE_OCCURRENCE('1','J1','',#5,#123,$);
#3660 = PRODUCT_RELATED_PRODUCT_CATEGORY('part',$,(#125));
#3661 = SHAPE_DEFINITION_REPRESENTATION(#3662,#3668);
#3662 = PRODUCT_DEFINITION_SHAPE('','',#3663);
#3663 = PRODUCT_DEFINITION('design','',#3664,#3667);
#3664 = PRODUCT_DEFINITION_FORMATION('','',#3665);
#3665 = PRODUCT('JST_XH_B2B-XH-A_1x02_P2.50mm_Vertical',
  'JST_XH_B2B-XH-A_1x02_P2.50mm_Vertical','',(#3666));
#3666 = PRODUCT_CONTEXT('',#2,'mechanical');
#3667 = PRODUCT_DEFINITION_CONTEXT('part definition',#2,'design');
#3668 = ADVANCED_BREP_SHAPE_REPRESENTATION('',(#11,#3669),#6384);
#3669 = MANIFOLD_SOLID_BREP('',#3670);
#3670 = CLOSED_SHELL('',(#3671,#3743,#3782,#3806,#3871,#3895,#3983,#4007
    ,#4072,#4097,#4146,#4163,#4187,#4204,#4342,#4366,#4536,#4560,#4593,
    #4617,#4648,#4665,#4698,#4722,#4753,#4765,#4798,#4815,#4832,#4844,
    #4924,#4941,#4958,#4975,#4992,#5009,#5026,#5043,#5060,#5077,#5094,
    #5106,#5123,#5140,#5186,#5232,#5263,#5287,#5311,#5328,#5359,#5383,
    #5407,#5424,#5487,#5511,#5567,#5584,#5647,#5671,#5727,#5744,#5775,
    #5799,#5823,#5840,#5871,#5895,#5919,#5936,#5983,#6014,#6026,#6043,
    #6069,#6102,#6149,#6180,#6192,#6209,#6235,#6268,#6280,#6292,#6309,
    #6326,#6338,#6355,#6372));
#3671 = ADVANCED_FACE('',(#3672),#3738,.T.);
#3672 = FACE_BOUND('',#3673,.T.);
#3673 = EDGE_LOOP('',(#3674,#3684,#3692,#3700,#3708,#3716,#3724,#3732));
#3674 = ORIENTED_EDGE('',*,*,#3675,.T.);
#3675 = EDGE_CURVE('',#3676,#3678,#3680,.T.);
#3676 = VERTEX_POINT('',#3677);
#3677 = CARTESIAN_POINT('',(-1.8,0.5,7.));
#3678 = VERTEX_POINT('',#3679);
#3679 = CARTESIAN_POINT('',(-2.45,0.5,7.));
#3680 = LINE('',#3681,#3682);
#3681 = CARTESIAN_POINT('',(4.95,0.5,7.));
#3682 = VECTOR('',#3683,1.);
#3683 = DIRECTION('',(-1.,1.224646799147E-16,0.));
#3684 = ORIENTED_EDGE('',*,*,#3685,.T.);
#3685 = EDGE_CURVE('',#3678,#3686,#3688,.T.);
#3686 = VERTEX_POINT('',#3687);
#3687 = CARTESIAN_POINT('',(-2.45,-3.4,7.));
#3688 = LINE('',#3689,#3690);
#3689 = CARTESIAN_POINT('',(-2.45,2.35,7.));
#3690 = VECTOR('',#3691,1.);
#3691 = DIRECTION('',(-1.224646799147E-16,-1.,0.));
#3692 = ORIENTED_EDGE('',*,*,#3693,.T.);
#3693 = EDGE_CURVE('',#3686,#3694,#3696,.T.);
#3694 = VERTEX_POINT('',#3695);
#3695 = CARTESIAN_POINT('',(4.95,-3.4,7.));
#3696 = LINE('',#3697,#3698);
#3697 = CARTESIAN_POINT('',(-2.45,-3.4,7.));
#3698 = VECTOR('',#3699,1.);
#3699 = DIRECTION('',(1.,-1.224646799147E-16,0.));
#3700 = ORIENTED_EDGE('',*,*,#3701,.T.);
#3701 = EDGE_CURVE('',#3694,#3702,#3704,.T.);
#3702 = VERTEX_POINT('',#3703);
#3703 = CARTESIAN_POINT('',(4.95,0.5,7.));
#3704 = LINE('',#3705,#3706);
#3705 = CARTESIAN_POINT('',(4.95,-3.4,7.));
#3706 = VECTOR('',#3707,1.);
#3707 = DIRECTION('',(1.224646799147E-16,1.,0.));
#3708 = ORIENTED_EDGE('',*,*,#3709,.T.);
#3709 = EDGE_CURVE('',#3702,#3710,#3712,.T.);
#3710 = VERTEX_POINT('',#3711);
#3711 = CARTESIAN_POINT('',(4.3,0.5,7.));
#3712 = LINE('',#3713,#3714);
#3713 = CARTESIAN_POINT('',(4.95,0.5,7.));
#3714 = VECTOR('',#3715,1.);
#3715 = DIRECTION('',(-1.,1.224646799147E-16,0.));
#3716 = ORIENTED_EDGE('',*,*,#3717,.F.);
#3717 = EDGE_CURVE('',#3718,#3710,#3720,.T.);
#3718 = VERTEX_POINT('',#3719);
#3719 = CARTESIAN_POINT('',(4.3,-2.85,7.));
#3720 = LINE('',#3721,#3722);
#3721 = CARTESIAN_POINT('',(4.3,-2.65,7.));
#3722 = VECTOR('',#3723,1.);
#3723 = DIRECTION('',(1.224646799147E-16,1.,0.));
#3724 = ORIENTED_EDGE('',*,*,#3725,.F.);
#3725 = EDGE_CURVE('',#3726,#3718,#3728,.T.);
#3726 = VERTEX_POINT('',#3727);
#3727 = CARTESIAN_POINT('',(-1.8,-2.85,7.));
#3728 = LINE('',#3729,#3730);
#3729 = CARTESIAN_POINT('',(-1.6,-2.85,7.));
#3730 = VECTOR('',#3731,1.);
#3731 = DIRECTION('',(1.,-1.224646799147E-16,0.));
#3732 = ORIENTED_EDGE('',*,*,#3733,.F.);
#3733 = EDGE_CURVE('',#3676,#3726,#3734,.T.);
#3734 = LINE('',#3735,#3736);
#3735 = CARTESIAN_POINT('',(-1.8,0.5,7.));
#3736 = VECTOR('',#3737,1.);
#3737 = DIRECTION('',(-1.224646799147E-16,-1.,0.));
#3738 = PLANE('',#3739);
#3739 = AXIS2_PLACEMENT_3D('',#3740,#3741,#3742);
#3740 = CARTESIAN_POINT('',(1.25,-0.525,7.));
#3741 = DIRECTION('',(0.,0.,1.));
#3742 = DIRECTION('',(-1.,1.224646799147E-16,0.));
#3743 = ADVANCED_FACE('',(#3744),#3777,.T.);
#3744 = FACE_BOUND('',#3745,.T.);
#3745 = EDGE_LOOP('',(#3746,#3756,#3764,#3770,#3771));
#3746 = ORIENTED_EDGE('',*,*,#3747,.T.);
#3747 = EDGE_CURVE('',#3748,#3750,#3752,.T.);
#3748 = VERTEX_POINT('',#3749);
#3749 = CARTESIAN_POINT('',(-1.6,0.5,6.8));
#3750 = VERTEX_POINT('',#3751);
#3751 = CARTESIAN_POINT('',(-1.6,0.5,3.65));
#3752 = LINE('',#3753,#3754);
#3753 = CARTESIAN_POINT('',(-1.6,0.5,5.325));
#3754 = VECTOR('',#3755,1.);
#3755 = DIRECTION('',(-0.,0.,-1.));
#3756 = ORIENTED_EDGE('',*,*,#3757,.T.);
#3757 = EDGE_CURVE('',#3750,#3758,#3760,.T.);
#3758 = VERTEX_POINT('',#3759);
#3759 = CARTESIAN_POINT('',(-2.45,0.5,3.65));
#3760 = LINE('',#3761,#3762);
#3761 = CARTESIAN_POINT('',(4.95,0.5,3.65));
#3762 = VECTOR('',#3763,1.);
#3763 = DIRECTION('',(-1.,1.224646799147E-16,0.));
#3764 = ORIENTED_EDGE('',*,*,#3765,.T.);
#3765 = EDGE_CURVE('',#3758,#3678,#3766,.T.);
#3766 = LINE('',#3767,#3768);
#3767 = CARTESIAN_POINT('',(-2.45,0.5,1.825));
#3768 = VECTOR('',#3769,1.);
#3769 = DIRECTION('',(0.,0.,1.));
#3770 = ORIENTED_EDGE('',*,*,#3675,.F.);
#3771 = ORIENTED_EDGE('',*,*,#3772,.T.);
#3772 = EDGE_CURVE('',#3676,#3748,#3773,.T.);
#3773 = LINE('',#3774,#3775);
#3774 = CARTESIAN_POINT('',(0.775,0.5,4.425));
#3775 = VECTOR('',#3776,1.);
#3776 = DIRECTION('',(0.707106781187,-8.659560562349E-17,-0.707106781187
    ));
#3777 = PLANE('',#3778);
#3778 = AXIS2_PLACEMENT_3D('',#3779,#3780,#3781);
#3779 = CARTESIAN_POINT('',(4.95,0.5,3.65));
#3780 = DIRECTION('',(1.224646799147E-16,1.,0.));
#3781 = DIRECTION('',(0.,-0.,1.));
#3782 = ADVANCED_FACE('',(#3783),#3801,.F.);
#3783 = FACE_BOUND('',#3784,.T.);
#3784 = EDGE_LOOP('',(#3785,#3786,#3787,#3795));
#3785 = ORIENTED_EDGE('',*,*,#3772,.F.);
#3786 = ORIENTED_EDGE('',*,*,#3733,.T.);
#3787 = ORIENTED_EDGE('',*,*,#3788,.T.);
#3788 = EDGE_CURVE('',#3726,#3789,#3791,.T.);
#3789 = VERTEX_POINT('',#3790);
#3790 = CARTESIAN_POINT('',(-1.6,-2.65,6.8));
#3791 = LINE('',#3792,#3793);
#3792 = CARTESIAN_POINT('',(-1.141666666667,-2.191666666667,
    6.341666666667));
#3793 = VECTOR('',#3794,1.);
#3794 = DIRECTION('',(0.57735026919,0.57735026919,-0.57735026919));
#3795 = ORIENTED_EDGE('',*,*,#3796,.F.);
#3796 = EDGE_CURVE('',#3748,#3789,#3797,.T.);
#3797 = LINE('',#3798,#3799);
#3798 = CARTESIAN_POINT('',(-1.6,0.5,6.8));
#3799 = VECTOR('',#3800,1.);
#3800 = DIRECTION('',(-1.224646799147E-16,-1.,0.));
#3801 = PLANE('',#3802);
#3802 = AXIS2_PLACEMENT_3D('',#3803,#3804,#3805);
#3803 = CARTESIAN_POINT('',(-1.7,0.5,6.9));
#3804 = DIRECTION('',(-0.707106781187,8.659560562349E-17,-0.707106781187
    ));
#3805 = DIRECTION('',(1.224646799147E-16,1.,-2.105272540809E-29));
#3806 = ADVANCED_FACE('',(#3807),#3866,.F.);
#3807 = FACE_BOUND('',#3808,.F.);
#3808 = EDGE_LOOP('',(#3809,#3819,#3827,#3835,#3843,#3852,#3858,#3859,
    #3860));
#3809 = ORIENTED_EDGE('',*,*,#3810,.F.);
#3810 = EDGE_CURVE('',#3811,#3813,#3815,.T.);
#3811 = VERTEX_POINT('',#3812);
#3812 = CARTESIAN_POINT('',(-2.45,2.35,0.));
#3813 = VERTEX_POINT('',#3814);
#3814 = CARTESIAN_POINT('',(-2.45,-3.4,0.));
#3815 = LINE('',#3816,#3817);
#3816 = CARTESIAN_POINT('',(-2.45,2.35,0.));
#3817 = VECTOR('',#3818,1.);
#3818 = DIRECTION('',(-1.224646799147E-16,-1.,0.));
#3819 = ORIENTED_EDGE('',*,*,#3820,.T.);
#3820 = EDGE_CURVE('',#3811,#3821,#3823,.T.);
#3821 = VERTEX_POINT('',#3822);
#3822 = CARTESIAN_POINT('',(-2.45,2.35,7.));
#3823 = LINE('',#3824,#3825);
#3824 = CARTESIAN_POINT('',(-2.45,2.35,0.));
#3825 = VECTOR('',#3826,1.);
#3826 = DIRECTION('',(0.,0.,1.));
#3827 = ORIENTED_EDGE('',*,*,#3828,.T.);
#3828 = EDGE_CURVE('',#3821,#3829,#3831,.T.);
#3829 = VERTEX_POINT('',#3830);
#3830 = CARTESIAN_POINT('',(-2.45,1.5,7.));
#3831 = LINE('',#3832,#3833);
#3832 = CARTESIAN_POINT('',(-2.45,2.35,7.));
#3833 = VECTOR('',#3834,1.);
#3834 = DIRECTION('',(-1.224646799147E-16,-1.,0.));
#3835 = ORIENTED_EDGE('',*,*,#3836,.T.);
#3836 = EDGE_CURVE('',#3829,#3837,#3839,.T.);
#3837 = VERTEX_POINT('',#3838);
#3838 = CARTESIAN_POINT('',(-2.45,1.5,4.15));
#3839 = LINE('',#3840,#3841);
#3840 = CARTESIAN_POINT('',(-2.45,1.5,3.5));
#3841 = VECTOR('',#3842,1.);
#3842 = DIRECTION('',(-0.,0.,-1.));
#3843 = ORIENTED_EDGE('',*,*,#3844,.F.);
#3844 = EDGE_CURVE('',#3845,#3837,#3847,.T.);
#3845 = VERTEX_POINT('',#3846);
#3846 = CARTESIAN_POINT('',(-2.45,1.,3.65));
#3847 = CIRCLE('',#3848,0.5);
#3848 = AXIS2_PLACEMENT_3D('',#3849,#3850,#3851);
#3849 = CARTESIAN_POINT('',(-2.45,1.,4.15));
#3850 = DIRECTION('',(1.,-1.224646799147E-16,0.));
#3851 = DIRECTION('',(1.224646799147E-16,1.,0.));
#3852 = ORIENTED_EDGE('',*,*,#3853,.T.);
#3853 = EDGE_CURVE('',#3845,#3758,#3854,.T.);
#3854 = LINE('',#3855,#3856);
#3855 = CARTESIAN_POINT('',(-2.45,1.675,3.65));
#3856 = VECTOR('',#3857,1.);
#3857 = DIRECTION('',(-1.224646799147E-16,-1.,0.));
#3858 = ORIENTED_EDGE('',*,*,#3765,.T.);
#3859 = ORIENTED_EDGE('',*,*,#3685,.T.);
#3860 = ORIENTED_EDGE('',*,*,#3861,.F.);
#3861 = EDGE_CURVE('',#3813,#3686,#3862,.T.);
#3862 = LINE('',#3863,#3864);
#3863 = CARTESIAN_POINT('',(-2.45,-3.4,0.));
#3864 = VECTOR('',#3865,1.);
#3865 = DIRECTION('',(0.,0.,1.));
#3866 = PLANE('',#3867);
#3867 = AXIS2_PLACEMENT_3D('',#3868,#3869,#3870);
#3868 = CARTESIAN_POINT('',(-2.45,2.35,0.));
#3869 = DIRECTION('',(1.,-1.224646799147E-16,0.));
#3870 = DIRECTION('',(-1.224646799147E-16,-1.,0.));
#3871 = ADVANCED_FACE('',(#3872),#3890,.F.);
#3872 = FACE_BOUND('',#3873,.T.);
#3873 = EDGE_LOOP('',(#3874,#3875,#3876,#3884));
#3874 = ORIENTED_EDGE('',*,*,#3788,.F.);
#3875 = ORIENTED_EDGE('',*,*,#3725,.T.);
#3876 = ORIENTED_EDGE('',*,*,#3877,.T.);
#3877 = EDGE_CURVE('',#3718,#3878,#3880,.T.);
#3878 = VERTEX_POINT('',#3879);
#3879 = CARTESIAN_POINT('',(4.1,-2.65,6.8));
#3880 = LINE('',#3881,#3882);
#3881 = CARTESIAN_POINT('',(3.216666666667,-1.766666666667,
    5.916666666667));
#3882 = VECTOR('',#3883,1.);
#3883 = DIRECTION('',(-0.57735026919,0.57735026919,-0.57735026919));
#3884 = ORIENTED_EDGE('',*,*,#3885,.F.);
#3885 = EDGE_CURVE('',#3789,#3878,#3886,.T.);
#3886 = LINE('',#3887,#3888);
#3887 = CARTESIAN_POINT('',(-1.6,-2.65,6.8));
#3888 = VECTOR('',#3889,1.);
#3889 = DIRECTION('',(1.,-1.224646799147E-16,0.));
#3890 = PLANE('',#3891);
#3891 = AXIS2_PLACEMENT_3D('',#3892,#3893,#3894);
#3892 = CARTESIAN_POINT('',(-1.6,-2.75,6.9));
#3893 = DIRECTION('',(-8.659560562349E-17,-0.707106781187,
    -0.707106781187));
#3894 = DIRECTION('',(-1.,1.224646799147E-16,-2.105272540809E-29));
#3895 = ADVANCED_FACE('',(#3896),#3978,.F.);
#3896 = FACE_BOUND('',#3897,.F.);
#3897 = EDGE_LOOP('',(#3898,#3906,#3907,#3908,#3916,#3924,#3932,#3940,
    #3948,#3956,#3964,#3972));
#3898 = ORIENTED_EDGE('',*,*,#3899,.F.);
#3899 = EDGE_CURVE('',#3813,#3900,#3902,.T.);
#3900 = VERTEX_POINT('',#3901);
#3901 = CARTESIAN_POINT('',(-0.75,-3.4,0.));
#3902 = LINE('',#3903,#3904);
#3903 = CARTESIAN_POINT('',(-2.45,-3.4,0.));
#3904 = VECTOR('',#3905,1.);
#3905 = DIRECTION('',(1.,-1.224646799147E-16,0.));
#3906 = ORIENTED_EDGE('',*,*,#3861,.T.);
#3907 = ORIENTED_EDGE('',*,*,#3693,.T.);
#3908 = ORIENTED_EDGE('',*,*,#3909,.F.);
#3909 = EDGE_CURVE('',#3910,#3694,#3912,.T.);
#3910 = VERTEX_POINT('',#3911);
#3911 = CARTESIAN_POINT('',(4.95,-3.4,0.));
#3912 = LINE('',#3913,#3914);
#3913 = CARTESIAN_POINT('',(4.95,-3.4,0.));
#3914 = VECTOR('',#3915,1.);
#3915 = DIRECTION('',(0.,0.,1.));
#3916 = ORIENTED_EDGE('',*,*,#3917,.F.);
#3917 = EDGE_CURVE('',#3918,#3910,#3920,.T.);
#3918 = VERTEX_POINT('',#3919);
#3919 = CARTESIAN_POINT('',(3.25,-3.4,0.));
#3920 = LINE('',#3921,#3922);
#3921 = CARTESIAN_POINT('',(-2.45,-3.4,0.));
#3922 = VECTOR('',#3923,1.);
#3923 = DIRECTION('',(1.,-1.224646799147E-16,0.));
#3924 = ORIENTED_EDGE('',*,*,#3925,.F.);
#3925 = EDGE_CURVE('',#3926,#3918,#3928,.T.);
#3926 = VERTEX_POINT('',#3927);
#3927 = CARTESIAN_POINT('',(3.25,-3.4,1.));
#3928 = LINE('',#3929,#3930);
#3929 = CARTESIAN_POINT('',(3.25,-3.4,1.));
#3930 = VECTOR('',#3931,1.);
#3931 = DIRECTION('',(-0.,0.,-1.));
#3932 = ORIENTED_EDGE('',*,*,#3933,.T.);
#3933 = EDGE_CURVE('',#3926,#3934,#3936,.T.);
#3934 = VERTEX_POINT('',#3935);
#3935 = CARTESIAN_POINT('',(1.75,-3.4,1.));
#3936 = LINE('',#3937,#3938);
#3937 = CARTESIAN_POINT('',(3.25,-3.4,1.));
#3938 = VECTOR('',#3939,1.);
#3939 = DIRECTION('',(-1.,1.224646799147E-16,0.));
#3940 = ORIENTED_EDGE('',*,*,#3941,.T.);
#3941 = EDGE_CURVE('',#3934,#3942,#3944,.T.);
#3942 = VERTEX_POINT('',#3943);
#3943 = CARTESIAN_POINT('',(1.75,-3.4,0.));
#3944 = LINE('',#3945,#3946);
#3945 = CARTESIAN_POINT('',(1.75,-3.4,1.));
#3946 = VECTOR('',#3947,1.);
#3947 = DIRECTION('',(-0.,0.,-1.));
#3948 = ORIENTED_EDGE('',*,*,#3949,.F.);
#3949 = EDGE_CURVE('',#3950,#3942,#3952,.T.);
#3950 = VERTEX_POINT('',#3951);
#3951 = CARTESIAN_POINT('',(0.75,-3.4,0.));
#3952 = LINE('',#3953,#3954);
#3953 = CARTESIAN_POINT('',(-2.45,-3.4,0.));
#3954 = VECTOR('',#3955,1.);
#3955 = DIRECTION('',(1.,-1.224646799147E-16,0.));
#3956 = ORIENTED_EDGE('',*,*,#3957,.F.);
#3957 = EDGE_CURVE('',#3958,#3950,#3960,.T.);
#3958 = VERTEX_POINT('',#3959);
#3959 = CARTESIAN_POINT('',(0.75,-3.4,1.));
#3960 = LINE('',#3961,#3962);
#3961 = CARTESIAN_POINT('',(0.75,-3.4,1.));
#3962 = VECTOR('',#3963,1.);
#3963 = DIRECTION('',(-0.,0.,-1.));
#3964 = ORIENTED_EDGE('',*,*,#3965,.T.);
#3965 = EDGE_CURVE('',#3958,#3966,#3968,.T.);
#3966 = VERTEX_POINT('',#3967);
#3967 = CARTESIAN_POINT('',(-0.75,-3.4,1.));
#3968 = LINE('',#3969,#3970);
#3969 = CARTESIAN_POINT('',(0.75,-3.4,1.));
#3970 = VECTOR('',#3971,1.);
#3971 = DIRECTION('',(-1.,1.224646799147E-16,0.));
#3972 = ORIENTED_EDGE('',*,*,#3973,.T.);
#3973 = EDGE_CURVE('',#3966,#3900,#3974,.T.);
#3974 = LINE('',#3975,#3976);
#3975 = CARTESIAN_POINT('',(-0.75,-3.4,1.));
#3976 = VECTOR('',#3977,1.);
#3977 = DIRECTION('',(-0.,0.,-1.));
#3978 = PLANE('',#3979);
#3979 = AXIS2_PLACEMENT_3D('',#3980,#3981,#3982);
#3980 = CARTESIAN_POINT('',(-2.45,-3.4,0.));
#3981 = DIRECTION('',(1.224646799147E-16,1.,0.));
#3982 = DIRECTION('',(1.,-1.224646799147E-16,0.));
#3983 = ADVANCED_FACE('',(#3984),#4002,.F.);
#3984 = FACE_BOUND('',#3985,.T.);
#3985 = EDGE_LOOP('',(#3986,#3987,#3988,#3996));
#3986 = ORIENTED_EDGE('',*,*,#3877,.F.);
#3987 = ORIENTED_EDGE('',*,*,#3717,.T.);
#3988 = ORIENTED_EDGE('',*,*,#3989,.T.);
#3989 = EDGE_CURVE('',#3710,#3990,#3992,.T.);
#3990 = VERTEX_POINT('',#3991);
#3991 = CARTESIAN_POINT('',(4.1,0.5,6.8));
#3992 = LINE('',#3993,#3994);
#3993 = CARTESIAN_POINT('',(3.575,0.5,6.275));
#3994 = VECTOR('',#3995,1.);
#3995 = DIRECTION('',(-0.707106781187,8.659560562349E-17,-0.707106781187
    ));
#3996 = ORIENTED_EDGE('',*,*,#3997,.F.);
#3997 = EDGE_CURVE('',#3878,#3990,#3998,.T.);
#3998 = LINE('',#3999,#4000);
#3999 = CARTESIAN_POINT('',(4.1,-2.65,6.8));
#4000 = VECTOR('',#4001,1.);
#4001 = DIRECTION('',(1.224646799147E-16,1.,0.));
#4002 = PLANE('',#4003);
#4003 = AXIS2_PLACEMENT_3D('',#4004,#4005,#4006);
#4004 = CARTESIAN_POINT('',(4.2,-2.65,6.9));
#4005 = DIRECTION('',(0.707106781187,-8.659560562349E-17,-0.707106781187
    ));
#4006 = DIRECTION('',(-1.224646799147E-16,-1.,-2.105272540809E-29));
#4007 = ADVANCED_FACE('',(#4008),#4067,.F.);
#4008 = FACE_BOUND('',#4009,.F.);
#4009 = EDGE_LOOP('',(#4010,#4018,#4019,#4020,#4028,#4036,#4045,#4053,
    #4061));
#4010 = ORIENTED_EDGE('',*,*,#4011,.F.);
#4011 = EDGE_CURVE('',#3910,#4012,#4014,.T.);
#4012 = VERTEX_POINT('',#4013);
#4013 = CARTESIAN_POINT('',(4.95,2.35,0.));
#4014 = LINE('',#4015,#4016);
#4015 = CARTESIAN_POINT('',(4.95,-3.4,0.));
#4016 = VECTOR('',#4017,1.);
#4017 = DIRECTION('',(1.224646799147E-16,1.,0.));
#4018 = ORIENTED_EDGE('',*,*,#3909,.T.);
#4019 = ORIENTED_EDGE('',*,*,#3701,.T.);
#4020 = ORIENTED_EDGE('',*,*,#4021,.F.);
#4021 = EDGE_CURVE('',#4022,#3702,#4024,.T.);
#4022 = VERTEX_POINT('',#4023);
#4023 = CARTESIAN_POINT('',(4.95,0.5,3.65));
#4024 = LINE('',#4025,#4026);
#4025 = CARTESIAN_POINT('',(4.95,0.5,3.65));
#4026 = VECTOR('',#4027,1.);
#4027 = DIRECTION('',(0.,0.,1.));
#4028 = ORIENTED_EDGE('',*,*,#4029,.F.);
#4029 = EDGE_CURVE('',#4030,#4022,#4032,.T.);
#4030 = VERTEX_POINT('',#4031);
#4031 = CARTESIAN_POINT('',(4.95,1.,3.65));
#4032 = LINE('',#4033,#4034);
#4033 = CARTESIAN_POINT('',(4.95,1.,3.65));
#4034 = VECTOR('',#4035,1.);
#4035 = DIRECTION('',(-1.224646799147E-16,-1.,0.));
#4036 = ORIENTED_EDGE('',*,*,#4037,.F.);
#4037 = EDGE_CURVE('',#4038,#4030,#4040,.T.);
#4038 = VERTEX_POINT('',#4039);
#4039 = CARTESIAN_POINT('',(4.95,1.5,4.15));
#4040 = CIRCLE('',#4041,0.5);
#4041 = AXIS2_PLACEMENT_3D('',#4042,#4043,#4044);
#4042 = CARTESIAN_POINT('',(4.95,1.,4.15));
#4043 = DIRECTION('',(-1.,1.224646799147E-16,0.));
#4044 = DIRECTION('',(1.224646799147E-16,1.,0.));
#4045 = ORIENTED_EDGE('',*,*,#4046,.F.);
#4046 = EDGE_CURVE('',#4047,#4038,#4049,.T.);
#4047 = VERTEX_POINT('',#4048);
#4048 = CARTESIAN_POINT('',(4.95,1.5,7.));
#4049 = LINE('',#4050,#4051);
#4050 = CARTESIAN_POINT('',(4.95,1.5,7.));
#4051 = VECTOR('',#4052,1.);
#4052 = DIRECTION('',(-0.,0.,-1.));
#4053 = ORIENTED_EDGE('',*,*,#4054,.T.);
#4054 = EDGE_CURVE('',#4047,#4055,#4057,.T.);
#4055 = VERTEX_POINT('',#4056);
#4056 = CARTESIAN_POINT('',(4.95,2.35,7.));
#4057 = LINE('',#4058,#4059);
#4058 = CARTESIAN_POINT('',(4.95,-3.4,7.));
#4059 = VECTOR('',#4060,1.);
#4060 = DIRECTION('',(1.224646799147E-16,1.,0.));
#4061 = ORIENTED_EDGE('',*,*,#4062,.F.);
#4062 = EDGE_CURVE('',#4012,#4055,#4063,.T.);
#4063 = LINE('',#4064,#4065);
#4064 = CARTESIAN_POINT('',(4.95,2.35,0.));
#4065 = VECTOR('',#4066,1.);
#4066 = DIRECTION('',(0.,0.,1.));
#4067 = PLANE('',#4068);
#4068 = AXIS2_PLACEMENT_3D('',#4069,#4070,#4071);
#4069 = CARTESIAN_POINT('',(4.95,-3.4,0.));
#4070 = DIRECTION('',(-1.,1.224646799147E-16,0.));
#4071 = DIRECTION('',(1.224646799147E-16,1.,0.));
#4072 = ADVANCED_FACE('',(#4073),#4092,.T.);
#4073 = FACE_BOUND('',#4074,.T.);
#4074 = EDGE_LOOP('',(#4075,#4076,#4077,#4085,#4091));
#4075 = ORIENTED_EDGE('',*,*,#3709,.F.);
#4076 = ORIENTED_EDGE('',*,*,#4021,.F.);
#4077 = ORIENTED_EDGE('',*,*,#4078,.T.);
#4078 = EDGE_CURVE('',#4022,#4079,#4081,.T.);
#4079 = VERTEX_POINT('',#4080);
#4080 = CARTESIAN_POINT('',(4.1,0.5,3.65));
#4081 = LINE('',#4082,#4083);
#4082 = CARTESIAN_POINT('',(4.95,0.5,3.65));
#4083 = VECTOR('',#4084,1.);
#4084 = DIRECTION('',(-1.,1.224646799147E-16,0.));
#4085 = ORIENTED_EDGE('',*,*,#4086,.T.);
#4086 = EDGE_CURVE('',#4079,#3990,#4087,.T.);
#4087 = LINE('',#4088,#4089);
#4088 = CARTESIAN_POINT('',(4.1,0.5,5.325));
#4089 = VECTOR('',#4090,1.);
#4090 = DIRECTION('',(0.,0.,1.));
#4091 = ORIENTED_EDGE('',*,*,#3989,.F.);
#4092 = PLANE('',#4093);
#4093 = AXIS2_PLACEMENT_3D('',#4094,#4095,#4096);
#4094 = CARTESIAN_POINT('',(4.95,0.5,3.65));
#4095 = DIRECTION('',(1.224646799147E-16,1.,0.));
#4096 = DIRECTION('',(0.,-0.,1.));
#4097 = ADVANCED_FACE('',(#4098),#4141,.F.);
#4098 = FACE_BOUND('',#4099,.F.);
#4099 = EDGE_LOOP('',(#4100,#4101,#4109,#4118,#4126,#4134,#4140));
#4100 = ORIENTED_EDGE('',*,*,#3747,.T.);
#4101 = ORIENTED_EDGE('',*,*,#4102,.T.);
#4102 = EDGE_CURVE('',#3750,#4103,#4105,.T.);
#4103 = VERTEX_POINT('',#4104);
#4104 = CARTESIAN_POINT('',(-1.6,1.,3.65));
#4105 = LINE('',#4106,#4107);
#4106 = CARTESIAN_POINT('',(-1.6,1.25,3.65));
#4107 = VECTOR('',#4108,1.);
#4108 = DIRECTION('',(1.224646799147E-16,1.,0.));
#4109 = ORIENTED_EDGE('',*,*,#4110,.T.);
#4110 = EDGE_CURVE('',#4103,#4111,#4113,.T.);
#4111 = VERTEX_POINT('',#4112);
#4112 = CARTESIAN_POINT('',(-1.6,1.5,4.15));
#4113 = CIRCLE('',#4114,0.5);
#4114 = AXIS2_PLACEMENT_3D('',#4115,#4116,#4117);
#4115 = CARTESIAN_POINT('',(-1.6,1.,4.15));
#4116 = DIRECTION('',(1.,-1.224646799147E-16,0.));
#4117 = DIRECTION('',(1.224646799147E-16,1.,0.));
#4118 = ORIENTED_EDGE('',*,*,#4119,.T.);
#4119 = EDGE_CURVE('',#4111,#4120,#4122,.T.);
#4120 = VERTEX_POINT('',#4121);
#4121 = CARTESIAN_POINT('',(-1.6,1.5,1.85));
#4122 = LINE('',#4123,#4124);
#4123 = CARTESIAN_POINT('',(-1.6,1.5,7.));
#4124 = VECTOR('',#4125,1.);
#4125 = DIRECTION('',(0.,0.,-1.));
#4126 = ORIENTED_EDGE('',*,*,#4127,.T.);
#4127 = EDGE_CURVE('',#4120,#4128,#4130,.T.);
#4128 = VERTEX_POINT('',#4129);
#4129 = CARTESIAN_POINT('',(-1.6,-2.65,1.85));
#4130 = LINE('',#4131,#4132);
#4131 = CARTESIAN_POINT('',(-1.6,1.5,1.85));
#4132 = VECTOR('',#4133,1.);
#4133 = DIRECTION('',(-1.224646799147E-16,-1.,0.));
#4134 = ORIENTED_EDGE('',*,*,#4135,.F.);
#4135 = EDGE_CURVE('',#3789,#4128,#4136,.T.);
#4136 = LINE('',#4137,#4138);
#4137 = CARTESIAN_POINT('',(-1.6,-2.65,7.));
#4138 = VECTOR('',#4139,1.);
#4139 = DIRECTION('',(0.,0.,-1.));
#4140 = ORIENTED_EDGE('',*,*,#3796,.F.);
#4141 = PLANE('',#4142);
#4142 = AXIS2_PLACEMENT_3D('',#4143,#4144,#4145);
#4143 = CARTESIAN_POINT('',(-1.6,1.5,7.));
#4144 = DIRECTION('',(-1.,1.224646799147E-16,0.));
#4145 = DIRECTION('',(-1.224646799147E-16,-1.,0.));
#4146 = ADVANCED_FACE('',(#4147),#4158,.T.);
#4147 = FACE_BOUND('',#4148,.T.);
#4148 = EDGE_LOOP('',(#4149,#4150,#4156,#4157));
#4149 = ORIENTED_EDGE('',*,*,#4102,.T.);
#4150 = ORIENTED_EDGE('',*,*,#4151,.T.);
#4151 = EDGE_CURVE('',#4103,#3845,#4152,.T.);
#4152 = LINE('',#4153,#4154);
#4153 = CARTESIAN_POINT('',(4.95,1.,3.65));
#4154 = VECTOR('',#4155,1.);
#4155 = DIRECTION('',(-1.,1.224646799147E-16,0.));
#4156 = ORIENTED_EDGE('',*,*,#3853,.T.);
#4157 = ORIENTED_EDGE('',*,*,#3757,.F.);
#4158 = PLANE('',#4159);
#4159 = AXIS2_PLACEMENT_3D('',#4160,#4161,#4162);
#4160 = CARTESIAN_POINT('',(4.95,1.,3.65));
#4161 = DIRECTION('',(0.,0.,1.));
#4162 = DIRECTION('',(-1.224646799147E-16,-1.,0.));
#4163 = ADVANCED_FACE('',(#4164),#4182,.F.);
#4164 = FACE_BOUND('',#4165,.F.);
#4165 = EDGE_LOOP('',(#4166,#4167,#4175,#4181));
#4166 = ORIENTED_EDGE('',*,*,#3899,.T.);
#4167 = ORIENTED_EDGE('',*,*,#4168,.T.);
#4168 = EDGE_CURVE('',#3900,#4169,#4171,.T.);
#4169 = VERTEX_POINT('',#4170);
#4170 = CARTESIAN_POINT('',(-0.75,2.35,0.));
#4171 = LINE('',#4172,#4173);
#4172 = CARTESIAN_POINT('',(-0.75,-3.4,0.));
#4173 = VECTOR('',#4174,1.);
#4174 = DIRECTION('',(1.224646799147E-16,1.,0.));
#4175 = ORIENTED_EDGE('',*,*,#4176,.T.);
#4176 = EDGE_CURVE('',#4169,#3811,#4177,.T.);
#4177 = LINE('',#4178,#4179);
#4178 = CARTESIAN_POINT('',(4.95,2.35,0.));
#4179 = VECTOR('',#4180,1.);
#4180 = DIRECTION('',(-1.,1.224646799147E-16,0.));
#4181 = ORIENTED_EDGE('',*,*,#3810,.T.);
#4182 = PLANE('',#4183);
#4183 = AXIS2_PLACEMENT_3D('',#4184,#4185,#4186);
#4184 = CARTESIAN_POINT('',(1.25,-0.525,0.));
#4185 = DIRECTION('',(0.,0.,1.));
#4186 = DIRECTION('',(-1.,1.224646799147E-16,0.));
#4187 = ADVANCED_FACE('',(#4188),#4199,.F.);
#4188 = FACE_BOUND('',#4189,.F.);
#4189 = EDGE_LOOP('',(#4190,#4191,#4192,#4198));
#4190 = ORIENTED_EDGE('',*,*,#4151,.T.);
#4191 = ORIENTED_EDGE('',*,*,#3844,.T.);
#4192 = ORIENTED_EDGE('',*,*,#4193,.F.);
#4193 = EDGE_CURVE('',#4111,#3837,#4194,.T.);
#4194 = LINE('',#4195,#4196);
#4195 = CARTESIAN_POINT('',(4.95,1.5,4.15));
#4196 = VECTOR('',#4197,1.);
#4197 = DIRECTION('',(-1.,1.224646799147E-16,0.));
#4198 = ORIENTED_EDGE('',*,*,#4110,.F.);
#4199 = CYLINDRICAL_SURFACE('',#4200,0.5);
#4200 = AXIS2_PLACEMENT_3D('',#4201,#4202,#4203);
#4201 = CARTESIAN_POINT('',(4.95,1.,4.15));
#4202 = DIRECTION('',(1.,-1.224646799147E-16,-0.));
#4203 = DIRECTION('',(1.224646799147E-16,1.,0.));
#4204 = ADVANCED_FACE('',(#4205),#4337,.T.);
#4205 = FACE_BOUND('',#4206,.T.);
#4206 = EDGE_LOOP('',(#4207,#4208,#4216,#4224,#4232,#4240,#4248,#4257,
    #4265,#4274,#4282,#4290,#4298,#4306,#4312,#4313,#4314,#4315,#4323,
    #4331));
#4207 = ORIENTED_EDGE('',*,*,#4046,.F.);
#4208 = ORIENTED_EDGE('',*,*,#4209,.T.);
#4209 = EDGE_CURVE('',#4047,#4210,#4212,.T.);
#4210 = VERTEX_POINT('',#4211);
#4211 = CARTESIAN_POINT('',(3.,1.5,7.));
#4212 = LINE('',#4213,#4214);
#4213 = CARTESIAN_POINT('',(4.95,1.5,7.));
#4214 = VECTOR('',#4215,1.);
#4215 = DIRECTION('',(-1.,1.224646799147E-16,0.));
#4216 = ORIENTED_EDGE('',*,*,#4217,.T.);
#4217 = EDGE_CURVE('',#4210,#4218,#4220,.T.);
#4218 = VERTEX_POINT('',#4219);
#4219 = CARTESIAN_POINT('',(3.,1.5,6.1));
#4220 = LINE('',#4221,#4222);
#4221 = CARTESIAN_POINT('',(3.,1.5,5.340388446215));
#4222 = VECTOR('',#4223,1.);
#4223 = DIRECTION('',(-2.467162276945E-16,8.387236609414E-17,-1.));
#4224 = ORIENTED_EDGE('',*,*,#4225,.T.);
#4225 = EDGE_CURVE('',#4218,#4226,#4228,.T.);
#4226 = VERTEX_POINT('',#4227);
#4227 = CARTESIAN_POINT('',(2.75,1.5,5.85));
#4228 = LINE('',#4229,#4230);
#4229 = CARTESIAN_POINT('',(2.057694223108,1.5,5.157694223108));
#4230 = VECTOR('',#4231,1.);
#4231 = DIRECTION('',(-0.707106781187,1.459023244428E-16,-0.707106781187
    ));
#4232 = ORIENTED_EDGE('',*,*,#4233,.T.);
#4233 = EDGE_CURVE('',#4226,#4234,#4236,.T.);
#4234 = VERTEX_POINT('',#4235);
#4235 = CARTESIAN_POINT('',(3.,1.5,5.6));
#4236 = LINE('',#4237,#4238);
#4237 = CARTESIAN_POINT('',(2.817305776892,1.5,5.782694223108));
#4238 = VECTOR('',#4239,1.);
#4239 = DIRECTION('',(0.707106781187,-2.72888868042E-17,-0.707106781187)
  );
#4240 = ORIENTED_EDGE('',*,*,#4241,.T.);
#4241 = EDGE_CURVE('',#4234,#4242,#4244,.T.);
#4242 = VERTEX_POINT('',#4243);
#4243 = CARTESIAN_POINT('',(3.,1.5,3.85));
#4244 = LINE('',#4245,#4246);
#4245 = CARTESIAN_POINT('',(3.,1.5,3.840388446215));
#4246 = VECTOR('',#4247,1.);
#4247 = DIRECTION('',(1.027140246741E-32,8.387236609414E-17,-1.));
#4248 = ORIENTED_EDGE('',*,*,#4249,.F.);
#4249 = EDGE_CURVE('',#4250,#4242,#4252,.T.);
#4250 = VERTEX_POINT('',#4251);
#4251 = CARTESIAN_POINT('',(2.25,1.5,3.1));
#4252 = CIRCLE('',#4253,0.75);
#4253 = AXIS2_PLACEMENT_3D('',#4254,#4255,#4256);
#4254 = CARTESIAN_POINT('',(2.25,1.5,3.85));
#4255 = DIRECTION('',(-1.224646799147E-16,-1.,0.));
#4256 = DIRECTION('',(-0.,0.,-1.));
#4257 = ORIENTED_EDGE('',*,*,#4258,.F.);
#4258 = EDGE_CURVE('',#4259,#4250,#4261,.T.);
#4259 = VERTEX_POINT('',#4260);
#4260 = CARTESIAN_POINT('',(0.25,1.5,3.1));
#4261 = LINE('',#4262,#4263);
#4262 = CARTESIAN_POINT('',(1.25,1.5,3.1));
#4263 = VECTOR('',#4264,1.);
#4264 = DIRECTION('',(1.,-1.224646799147E-16,6.189508478766E-63));
#4265 = ORIENTED_EDGE('',*,*,#4266,.F.);
#4266 = EDGE_CURVE('',#4267,#4259,#4269,.T.);
#4267 = VERTEX_POINT('',#4268);
#4268 = CARTESIAN_POINT('',(-0.5,1.5,3.85));
#4269 = CIRCLE('',#4270,0.75);
#4270 = AXIS2_PLACEMENT_3D('',#4271,#4272,#4273);
#4271 = CARTESIAN_POINT('',(0.25,1.5,3.85));
#4272 = DIRECTION('',(-1.224646799147E-16,-1.,0.));
#4273 = DIRECTION('',(-0.,0.,-1.));
#4274 = ORIENTED_EDGE('',*,*,#4275,.F.);
#4275 = EDGE_CURVE('',#4276,#4267,#4278,.T.);
#4276 = VERTEX_POINT('',#4277);
#4277 = CARTESIAN_POINT('',(-0.5,1.5,5.6));
#4278 = LINE('',#4279,#4280);
#4279 = CARTESIAN_POINT('',(-0.5,1.5,3.840388446215));
#4280 = VECTOR('',#4281,1.);
#4281 = DIRECTION('',(1.027140246741E-32,8.387236609414E-17,-1.));
#4282 = ORIENTED_EDGE('',*,*,#4283,.F.);
#4283 = EDGE_CURVE('',#4284,#4276,#4286,.T.);
#4284 = VERTEX_POINT('',#4285);
#4285 = CARTESIAN_POINT('',(-0.25,1.5,5.85));
#4286 = LINE('',#4287,#4288);
#4287 = CARTESIAN_POINT('',(-0.317305776892,1.5,5.782694223108));
#4288 = VECTOR('',#4289,1.);
#4289 = DIRECTION('',(-0.707106781187,1.459023244428E-16,-0.707106781187
    ));
#4290 = ORIENTED_EDGE('',*,*,#4291,.F.);
#4291 = EDGE_CURVE('',#4292,#4284,#4294,.T.);
#4292 = VERTEX_POINT('',#4293);
#4293 = CARTESIAN_POINT('',(-0.5,1.5,6.1));
#4294 = LINE('',#4295,#4296);
#4295 = CARTESIAN_POINT('',(0.442305776892,1.5,5.157694223108));
#4296 = VECTOR('',#4297,1.);
#4297 = DIRECTION('',(0.707106781187,-2.72888868042E-17,-0.707106781187)
  );
#4298 = ORIENTED_EDGE('',*,*,#4299,.F.);
#4299 = EDGE_CURVE('',#4300,#4292,#4302,.T.);
#4300 = VERTEX_POINT('',#4301);
#4301 = CARTESIAN_POINT('',(-0.5,1.5,7.));
#4302 = LINE('',#4303,#4304);
#4303 = CARTESIAN_POINT('',(-0.5,1.5,5.340388446215));
#4304 = VECTOR('',#4305,1.);
#4305 = DIRECTION('',(1.027140246741E-32,8.387236609414E-17,-1.));
#4306 = ORIENTED_EDGE('',*,*,#4307,.T.);
#4307 = EDGE_CURVE('',#4300,#3829,#4308,.T.);
#4308 = LINE('',#4309,#4310);
#4309 = CARTESIAN_POINT('',(4.95,1.5,7.));
#4310 = VECTOR('',#4311,1.);
#4311 = DIRECTION('',(-1.,1.224646799147E-16,0.));
#4312 = ORIENTED_EDGE('',*,*,#3836,.T.);
#4313 = ORIENTED_EDGE('',*,*,#4193,.F.);
#4314 = ORIENTED_EDGE('',*,*,#4119,.T.);
#4315 = ORIENTED_EDGE('',*,*,#4316,.F.);
#4316 = EDGE_CURVE('',#4317,#4120,#4319,.T.);
#4317 = VERTEX_POINT('',#4318);
#4318 = CARTESIAN_POINT('',(4.1,1.5,1.85));
#4319 = LINE('',#4320,#4321);
#4320 = CARTESIAN_POINT('',(4.1,1.5,1.85));
#4321 = VECTOR('',#4322,1.);
#4322 = DIRECTION('',(-1.,1.224646799147E-16,0.));
#4323 = ORIENTED_EDGE('',*,*,#4324,.F.);
#4324 = EDGE_CURVE('',#4325,#4317,#4327,.T.);
#4325 = VERTEX_POINT('',#4326);
#4326 = CARTESIAN_POINT('',(4.1,1.5,4.15));
#4327 = LINE('',#4328,#4329);
#4328 = CARTESIAN_POINT('',(4.1,1.5,7.));
#4329 = VECTOR('',#4330,1.);
#4330 = DIRECTION('',(0.,0.,-1.));
#4331 = ORIENTED_EDGE('',*,*,#4332,.F.);
#4332 = EDGE_CURVE('',#4038,#4325,#4333,.T.);
#4333 = LINE('',#4334,#4335);
#4334 = CARTESIAN_POINT('',(4.95,1.5,4.15));
#4335 = VECTOR('',#4336,1.);
#4336 = DIRECTION('',(-1.,1.224646799147E-16,0.));
#4337 = PLANE('',#4338);
#4338 = AXIS2_PLACEMENT_3D('',#4339,#4340,#4341);
#4339 = CARTESIAN_POINT('',(1.25,1.5,4.58077689243));
#4340 = DIRECTION('',(-1.224646799147E-16,-1.,-8.387236609414E-17));
#4341 = DIRECTION('',(-1.027140246741E-32,-8.387236609414E-17,1.));
#4342 = ADVANCED_FACE('',(#4343),#4361,.T.);
#4343 = FACE_BOUND('',#4344,.T.);
#4344 = EDGE_LOOP('',(#4345,#4346,#4354,#4360));
#4345 = ORIENTED_EDGE('',*,*,#4307,.F.);
#4346 = ORIENTED_EDGE('',*,*,#4347,.F.);
#4347 = EDGE_CURVE('',#4348,#4300,#4350,.T.);
#4348 = VERTEX_POINT('',#4349);
#4349 = CARTESIAN_POINT('',(-0.5,2.35,7.));
#4350 = LINE('',#4351,#4352);
#4351 = CARTESIAN_POINT('',(-0.5,2.35,7.));
#4352 = VECTOR('',#4353,1.);
#4353 = DIRECTION('',(-1.224646799147E-16,-1.,0.));
#4354 = ORIENTED_EDGE('',*,*,#4355,.T.);
#4355 = EDGE_CURVE('',#4348,#3821,#4356,.T.);
#4356 = LINE('',#4357,#4358);
#4357 = CARTESIAN_POINT('',(4.95,2.35,7.));
#4358 = VECTOR('',#4359,1.);
#4359 = DIRECTION('',(-1.,1.224646799147E-16,0.));
#4360 = ORIENTED_EDGE('',*,*,#3828,.T.);
#4361 = PLANE('',#4362);
#4362 = AXIS2_PLACEMENT_3D('',#4363,#4364,#4365);
#4363 = CARTESIAN_POINT('',(1.25,-0.525,7.));
#4364 = DIRECTION('',(0.,0.,1.));
#4365 = DIRECTION('',(-1.,1.224646799147E-16,0.));
#4366 = ADVANCED_FACE('',(#4367),#4531,.F.);
#4367 = FACE_BOUND('',#4368,.F.);
#4368 = EDGE_LOOP('',(#4369,#4377,#4378,#4386,#4394,#4402,#4410,#4418,
    #4427,#4435,#4444,#4452,#4460,#4468,#4474,#4475,#4476,#4477,#4485,
    #4493,#4501,#4509,#4517,#4525));
#4369 = ORIENTED_EDGE('',*,*,#4370,.F.);
#4370 = EDGE_CURVE('',#4012,#4371,#4373,.T.);
#4371 = VERTEX_POINT('',#4372);
#4372 = CARTESIAN_POINT('',(3.25,2.35,0.));
#4373 = LINE('',#4374,#4375);
#4374 = CARTESIAN_POINT('',(4.95,2.35,0.));
#4375 = VECTOR('',#4376,1.);
#4376 = DIRECTION('',(-1.,1.224646799147E-16,0.));
#4377 = ORIENTED_EDGE('',*,*,#4062,.T.);
#4378 = ORIENTED_EDGE('',*,*,#4379,.T.);
#4379 = EDGE_CURVE('',#4055,#4380,#4382,.T.);
#4380 = VERTEX_POINT('',#4381);
#4381 = CARTESIAN_POINT('',(3.,2.35,7.));
#4382 = LINE('',#4383,#4384);
#4383 = CARTESIAN_POINT('',(4.95,2.35,7.));
#4384 = VECTOR('',#4385,1.);
#4385 = DIRECTION('',(-1.,1.224646799147E-16,0.));
#4386 = ORIENTED_EDGE('',*,*,#4387,.F.);
#4387 = EDGE_CURVE('',#4388,#4380,#4390,.T.);
#4388 = VERTEX_POINT('',#4389);
#4389 = CARTESIAN_POINT('',(3.,2.35,6.1));
#4390 = LINE('',#4391,#4392);
#4391 = CARTESIAN_POINT('',(3.,2.35,6.1));
#4392 = VECTOR('',#4393,1.);
#4393 = DIRECTION('',(2.467162276945E-16,-3.021402385438E-32,1.));
#4394 = ORIENTED_EDGE('',*,*,#4395,.F.);
#4395 = EDGE_CURVE('',#4396,#4388,#4398,.T.);
#4396 = VERTEX_POINT('',#4397);
#4397 = CARTESIAN_POINT('',(2.75,2.35,5.85));
#4398 = LINE('',#4399,#4400);
#4399 = CARTESIAN_POINT('',(2.75,2.35,5.85));
#4400 = VECTOR('',#4401,1.);
#4401 = DIRECTION('',(0.707106781187,-8.659560562349E-17,0.707106781187)
  );
#4402 = ORIENTED_EDGE('',*,*,#4403,.F.);
#4403 = EDGE_CURVE('',#4404,#4396,#4406,.T.);
#4404 = VERTEX_POINT('',#4405);
#4405 = CARTESIAN_POINT('',(3.,2.35,5.6));
#4406 = LINE('',#4407,#4408);
#4407 = CARTESIAN_POINT('',(3.,2.35,5.6));
#4408 = VECTOR('',#4409,1.);
#4409 = DIRECTION('',(-0.707106781187,8.659560562349E-17,0.707106781187)
  );
#4410 = ORIENTED_EDGE('',*,*,#4411,.F.);
#4411 = EDGE_CURVE('',#4412,#4404,#4414,.T.);
#4412 = VERTEX_POINT('',#4413);
#4413 = CARTESIAN_POINT('',(3.,2.35,3.85));
#4414 = LINE('',#4415,#4416);
#4415 = CARTESIAN_POINT('',(3.,2.35,3.1));
#4416 = VECTOR('',#4417,1.);
#4417 = DIRECTION('',(0.,0.,1.));
#4418 = ORIENTED_EDGE('',*,*,#4419,.F.);
#4419 = EDGE_CURVE('',#4420,#4412,#4422,.T.);
#4420 = VERTEX_POINT('',#4421);
#4421 = CARTESIAN_POINT('',(2.25,2.35,3.1));
#4422 = CIRCLE('',#4423,0.75);
#4423 = AXIS2_PLACEMENT_3D('',#4424,#4425,#4426);
#4424 = CARTESIAN_POINT('',(2.25,2.35,3.85));
#4425 = DIRECTION('',(-1.224646799147E-16,-1.,0.));
#4426 = DIRECTION('',(0.,0.,1.));
#4427 = ORIENTED_EDGE('',*,*,#4428,.F.);
#4428 = EDGE_CURVE('',#4429,#4420,#4431,.T.);
#4429 = VERTEX_POINT('',#4430);
#4430 = CARTESIAN_POINT('',(0.25,2.35,3.1));
#4431 = LINE('',#4432,#4433);
#4432 = CARTESIAN_POINT('',(1.25,2.35,3.1));
#4433 = VECTOR('',#4434,1.);
#4434 = DIRECTION('',(1.,-1.224646799147E-16,0.));
#4435 = ORIENTED_EDGE('',*,*,#4436,.T.);
#4436 = EDGE_CURVE('',#4429,#4437,#4439,.T.);
#4437 = VERTEX_POINT('',#4438);
#4438 = CARTESIAN_POINT('',(-0.5,2.35,3.85));
#4439 = CIRCLE('',#4440,0.75);
#4440 = AXIS2_PLACEMENT_3D('',#4441,#4442,#4443);
#4441 = CARTESIAN_POINT('',(0.25,2.35,3.85));
#4442 = DIRECTION('',(1.224646799147E-16,1.,-0.));
#4443 = DIRECTION('',(0.,0.,1.));
#4444 = ORIENTED_EDGE('',*,*,#4445,.T.);
#4445 = EDGE_CURVE('',#4437,#4446,#4448,.T.);
#4446 = VERTEX_POINT('',#4447);
#4447 = CARTESIAN_POINT('',(-0.5,2.35,5.6));
#4448 = LINE('',#4449,#4450);
#4449 = CARTESIAN_POINT('',(-0.5,2.35,3.1));
#4450 = VECTOR('',#4451,1.);
#4451 = DIRECTION('',(0.,0.,1.));
#4452 = ORIENTED_EDGE('',*,*,#4453,.T.);
#4453 = EDGE_CURVE('',#4446,#4454,#4456,.T.);
#4454 = VERTEX_POINT('',#4455);
#4455 = CARTESIAN_POINT('',(-0.25,2.35,5.85));
#4456 = LINE('',#4457,#4458);
#4457 = CARTESIAN_POINT('',(-0.5,2.35,5.6));
#4458 = VECTOR('',#4459,1.);
#4459 = DIRECTION('',(0.707106781187,-8.659560562349E-17,0.707106781187)
  );
#4460 = ORIENTED_EDGE('',*,*,#4461,.T.);
#4461 = EDGE_CURVE('',#4454,#4462,#4464,.T.);
#4462 = VERTEX_POINT('',#4463);
#4463 = CARTESIAN_POINT('',(-0.5,2.35,6.1));
#4464 = LINE('',#4465,#4466);
#4465 = CARTESIAN_POINT('',(-0.25,2.35,5.85));
#4466 = VECTOR('',#4467,1.);
#4467 = DIRECTION('',(-0.707106781187,8.659560562349E-17,0.707106781187)
  );
#4468 = ORIENTED_EDGE('',*,*,#4469,.T.);
#4469 = EDGE_CURVE('',#4462,#4348,#4470,.T.);
#4470 = LINE('',#4471,#4472);
#4471 = CARTESIAN_POINT('',(-0.5,2.35,6.1));
#4472 = VECTOR('',#4473,1.);
#4473 = DIRECTION('',(0.,0.,1.));
#4474 = ORIENTED_EDGE('',*,*,#4355,.T.);
#4475 = ORIENTED_EDGE('',*,*,#3820,.F.);
#4476 = ORIENTED_EDGE('',*,*,#4176,.F.);
#4477 = ORIENTED_EDGE('',*,*,#4478,.T.);
#4478 = EDGE_CURVE('',#4169,#4479,#4481,.T.);
#4479 = VERTEX_POINT('',#4480);
#4480 = CARTESIAN_POINT('',(-0.75,2.35,1.));
#4481 = LINE('',#4482,#4483);
#4482 = CARTESIAN_POINT('',(-0.75,2.35,0.));
#4483 = VECTOR('',#4484,1.);
#4484 = DIRECTION('',(0.,0.,1.));
#4485 = ORIENTED_EDGE('',*,*,#4486,.F.);
#4486 = EDGE_CURVE('',#4487,#4479,#4489,.T.);
#4487 = VERTEX_POINT('',#4488);
#4488 = CARTESIAN_POINT('',(0.75,2.35,1.));
#4489 = LINE('',#4490,#4491);
#4490 = CARTESIAN_POINT('',(0.75,2.35,1.));
#4491 = VECTOR('',#4492,1.);
#4492 = DIRECTION('',(-1.,1.224646799147E-16,0.));
#4493 = ORIENTED_EDGE('',*,*,#4494,.F.);
#4494 = EDGE_CURVE('',#4495,#4487,#4497,.T.);
#4495 = VERTEX_POINT('',#4496);
#4496 = CARTESIAN_POINT('',(0.75,2.35,0.));
#4497 = LINE('',#4498,#4499);
#4498 = CARTESIAN_POINT('',(0.75,2.35,0.));
#4499 = VECTOR('',#4500,1.);
#4500 = DIRECTION('',(0.,0.,1.));
#4501 = ORIENTED_EDGE('',*,*,#4502,.F.);
#4502 = EDGE_CURVE('',#4503,#4495,#4505,.T.);
#4503 = VERTEX_POINT('',#4504);
#4504 = CARTESIAN_POINT('',(1.75,2.35,0.));
#4505 = LINE('',#4506,#4507);
#4506 = CARTESIAN_POINT('',(4.95,2.35,0.));
#4507 = VECTOR('',#4508,1.);
#4508 = DIRECTION('',(-1.,1.224646799147E-16,0.));
#4509 = ORIENTED_EDGE('',*,*,#4510,.T.);
#4510 = EDGE_CURVE('',#4503,#4511,#4513,.T.);
#4511 = VERTEX_POINT('',#4512);
#4512 = CARTESIAN_POINT('',(1.75,2.35,1.));
#4513 = LINE('',#4514,#4515);
#4514 = CARTESIAN_POINT('',(1.75,2.35,0.));
#4515 = VECTOR('',#4516,1.);
#4516 = DIRECTION('',(0.,0.,1.));
#4517 = ORIENTED_EDGE('',*,*,#4518,.F.);
#4518 = EDGE_CURVE('',#4519,#4511,#4521,.T.);
#4519 = VERTEX_POINT('',#4520);
#4520 = CARTESIAN_POINT('',(3.25,2.35,1.));
#4521 = LINE('',#4522,#4523);
#4522 = CARTESIAN_POINT('',(3.25,2.35,1.));
#4523 = VECTOR('',#4524,1.);
#4524 = DIRECTION('',(-1.,1.224646799147E-16,0.));
#4525 = ORIENTED_EDGE('',*,*,#4526,.F.);
#4526 = EDGE_CURVE('',#4371,#4519,#4527,.T.);
#4527 = LINE('',#4528,#4529);
#4528 = CARTESIAN_POINT('',(3.25,2.35,0.));
#4529 = VECTOR('',#4530,1.);
#4530 = DIRECTION('',(0.,0.,1.));
#4531 = PLANE('',#4532);
#4532 = AXIS2_PLACEMENT_3D('',#4533,#4534,#4535);
#4533 = CARTESIAN_POINT('',(4.95,2.35,0.));
#4534 = DIRECTION('',(-1.224646799147E-16,-1.,0.));
#4535 = DIRECTION('',(-1.,1.224646799147E-16,0.));
#4536 = ADVANCED_FACE('',(#4537),#4555,.F.);
#4537 = FACE_BOUND('',#4538,.F.);
#4538 = EDGE_LOOP('',(#4539,#4540,#4548,#4554));
#4539 = ORIENTED_EDGE('',*,*,#4135,.T.);
#4540 = ORIENTED_EDGE('',*,*,#4541,.T.);
#4541 = EDGE_CURVE('',#4128,#4542,#4544,.T.);
#4542 = VERTEX_POINT('',#4543);
#4543 = CARTESIAN_POINT('',(4.1,-2.65,1.85));
#4544 = LINE('',#4545,#4546);
#4545 = CARTESIAN_POINT('',(-1.6,-2.65,1.85));
#4546 = VECTOR('',#4547,1.);
#4547 = DIRECTION('',(1.,-1.224646799147E-16,0.));
#4548 = ORIENTED_EDGE('',*,*,#4549,.F.);
#4549 = EDGE_CURVE('',#3878,#4542,#4550,.T.);
#4550 = LINE('',#4551,#4552);
#4551 = CARTESIAN_POINT('',(4.1,-2.65,7.));
#4552 = VECTOR('',#4553,1.);
#4553 = DIRECTION('',(0.,0.,-1.));
#4554 = ORIENTED_EDGE('',*,*,#3885,.F.);
#4555 = PLANE('',#4556);
#4556 = AXIS2_PLACEMENT_3D('',#4557,#4558,#4559);
#4557 = CARTESIAN_POINT('',(-1.6,-2.65,7.));
#4558 = DIRECTION('',(-1.224646799147E-16,-1.,0.));
#4559 = DIRECTION('',(1.,-1.224646799147E-16,0.));
#4560 = ADVANCED_FACE('',(#4561),#4588,.T.);
#4561 = FACE_BOUND('',#4562,.T.);
#4562 = EDGE_LOOP('',(#4563,#4564,#4572,#4580,#4586,#4587));
#4563 = ORIENTED_EDGE('',*,*,#4478,.T.);
#4564 = ORIENTED_EDGE('',*,*,#4565,.T.);
#4565 = EDGE_CURVE('',#4479,#4566,#4568,.T.);
#4566 = VERTEX_POINT('',#4567);
#4567 = CARTESIAN_POINT('',(-0.75,0.5,0.3));
#4568 = LINE('',#4569,#4570);
#4569 = CARTESIAN_POINT('',(-0.75,2.35,1.));
#4570 = VECTOR('',#4571,1.);
#4571 = DIRECTION('',(-1.14539532148E-16,-0.935286257456,-0.353892097416
    ));
#4572 = ORIENTED_EDGE('',*,*,#4573,.T.);
#4573 = EDGE_CURVE('',#4566,#4574,#4576,.T.);
#4574 = VERTEX_POINT('',#4575);
#4575 = CARTESIAN_POINT('',(-0.75,-0.5,0.3));
#4576 = LINE('',#4577,#4578);
#4577 = CARTESIAN_POINT('',(-0.75,0.5,0.3));
#4578 = VECTOR('',#4579,1.);
#4579 = DIRECTION('',(-1.224646799147E-16,-1.,0.));
#4580 = ORIENTED_EDGE('',*,*,#4581,.T.);
#4581 = EDGE_CURVE('',#4574,#3966,#4582,.T.);
#4582 = LINE('',#4583,#4584);
#4583 = CARTESIAN_POINT('',(-0.75,-0.5,0.3));
#4584 = VECTOR('',#4585,1.);
#4585 = DIRECTION('',(-1.190457365237E-16,-0.972082208573,0.234640533104
    ));
#4586 = ORIENTED_EDGE('',*,*,#3973,.T.);
#4587 = ORIENTED_EDGE('',*,*,#4168,.T.);
#4588 = PLANE('',#4589);
#4589 = AXIS2_PLACEMENT_3D('',#4590,#4591,#4592);
#4590 = CARTESIAN_POINT('',(-0.75,-0.515451356496,0.330008245993));
#4591 = DIRECTION('',(1.,-1.224646799147E-16,-1.256256073143E-32));
#4592 = DIRECTION('',(-1.256256073143E-32,1.538469978883E-48,-1.));
#4593 = ADVANCED_FACE('',(#4594),#4612,.F.);
#4594 = FACE_BOUND('',#4595,.F.);
#4595 = EDGE_LOOP('',(#4596,#4604,#4605,#4606));
#4596 = ORIENTED_EDGE('',*,*,#4597,.T.);
#4597 = EDGE_CURVE('',#4598,#4574,#4600,.T.);
#4598 = VERTEX_POINT('',#4599);
#4599 = CARTESIAN_POINT('',(0.75,-0.5,0.3));
#4600 = LINE('',#4601,#4602);
#4601 = CARTESIAN_POINT('',(0.75,-0.5,0.3));
#4602 = VECTOR('',#4603,1.);
#4603 = DIRECTION('',(-1.,1.224646799147E-16,0.));
#4604 = ORIENTED_EDGE('',*,*,#4581,.T.);
#4605 = ORIENTED_EDGE('',*,*,#3965,.F.);
#4606 = ORIENTED_EDGE('',*,*,#4607,.F.);
#4607 = EDGE_CURVE('',#4598,#3958,#4608,.T.);
#4608 = LINE('',#4609,#4610);
#4609 = CARTESIAN_POINT('',(0.75,-0.5,0.3));
#4610 = VECTOR('',#4611,1.);
#4611 = DIRECTION('',(-1.190457365237E-16,-0.972082208573,0.234640533104
    ));
#4612 = PLANE('',#4613);
#4613 = AXIS2_PLACEMENT_3D('',#4614,#4615,#4616);
#4614 = CARTESIAN_POINT('',(0.75,-0.5,0.3));
#4615 = DIRECTION('',(2.87351777816E-17,0.234640533104,0.972082208573));
#4616 = DIRECTION('',(-1.190457365237E-16,-0.972082208573,0.234640533104
    ));
#4617 = ADVANCED_FACE('',(#4618),#4643,.F.);
#4618 = FACE_BOUND('',#4619,.F.);
#4619 = EDGE_LOOP('',(#4620,#4621,#4629,#4635,#4636,#4637));
#4620 = ORIENTED_EDGE('',*,*,#4494,.T.);
#4621 = ORIENTED_EDGE('',*,*,#4622,.T.);
#4622 = EDGE_CURVE('',#4487,#4623,#4625,.T.);
#4623 = VERTEX_POINT('',#4624);
#4624 = CARTESIAN_POINT('',(0.75,0.5,0.3));
#4625 = LINE('',#4626,#4627);
#4626 = CARTESIAN_POINT('',(0.75,2.35,1.));
#4627 = VECTOR('',#4628,1.);
#4628 = DIRECTION('',(-1.14539532148E-16,-0.935286257456,-0.353892097416
    ));
#4629 = ORIENTED_EDGE('',*,*,#4630,.T.);
#4630 = EDGE_CURVE('',#4623,#4598,#4631,.T.);
#4631 = LINE('',#4632,#4633);
#4632 = CARTESIAN_POINT('',(0.75,0.5,0.3));
#4633 = VECTOR('',#4634,1.);
#4634 = DIRECTION('',(-1.224646799147E-16,-1.,0.));
#4635 = ORIENTED_EDGE('',*,*,#4607,.T.);
#4636 = ORIENTED_EDGE('',*,*,#3957,.T.);
#4637 = ORIENTED_EDGE('',*,*,#4638,.T.);
#4638 = EDGE_CURVE('',#3950,#4495,#4639,.T.);
#4639 = LINE('',#4640,#4641);
#4640 = CARTESIAN_POINT('',(0.75,-3.4,0.));
#4641 = VECTOR('',#4642,1.);
#4642 = DIRECTION('',(1.224646799147E-16,1.,0.));
#4643 = PLANE('',#4644);
#4644 = AXIS2_PLACEMENT_3D('',#4645,#4646,#4647);
#4645 = CARTESIAN_POINT('',(0.75,-0.515451356496,0.330008245993));
#4646 = DIRECTION('',(1.,-1.224646799147E-16,-1.256256073143E-32));
#4647 = DIRECTION('',(-1.256256073143E-32,1.538469978883E-48,-1.));
#4648 = ADVANCED_FACE('',(#4649),#4660,.F.);
#4649 = FACE_BOUND('',#4650,.F.);
#4650 = EDGE_LOOP('',(#4651,#4652,#4658,#4659));
#4651 = ORIENTED_EDGE('',*,*,#3949,.T.);
#4652 = ORIENTED_EDGE('',*,*,#4653,.T.);
#4653 = EDGE_CURVE('',#3942,#4503,#4654,.T.);
#4654 = LINE('',#4655,#4656);
#4655 = CARTESIAN_POINT('',(1.75,-3.4,0.));
#4656 = VECTOR('',#4657,1.);
#4657 = DIRECTION('',(1.224646799147E-16,1.,0.));
#4658 = ORIENTED_EDGE('',*,*,#4502,.T.);
#4659 = ORIENTED_EDGE('',*,*,#4638,.F.);
#4660 = PLANE('',#4661);
#4661 = AXIS2_PLACEMENT_3D('',#4662,#4663,#4664);
#4662 = CARTESIAN_POINT('',(1.25,-0.525,0.));
#4663 = DIRECTION('',(0.,0.,1.));
#4664 = DIRECTION('',(-1.,1.224646799147E-16,0.));
#4665 = ADVANCED_FACE('',(#4666),#4693,.T.);
#4666 = FACE_BOUND('',#4667,.T.);
#4667 = EDGE_LOOP('',(#4668,#4669,#4677,#4685,#4691,#4692));
#4668 = ORIENTED_EDGE('',*,*,#4510,.T.);
#4669 = ORIENTED_EDGE('',*,*,#4670,.T.);
#4670 = EDGE_CURVE('',#4511,#4671,#4673,.T.);
#4671 = VERTEX_POINT('',#4672);
#4672 = CARTESIAN_POINT('',(1.75,0.5,0.3));
#4673 = LINE('',#4674,#4675);
#4674 = CARTESIAN_POINT('',(1.75,2.35,1.));
#4675 = VECTOR('',#4676,1.);
#4676 = DIRECTION('',(-1.14539532148E-16,-0.935286257456,-0.353892097416
    ));
#4677 = ORIENTED_EDGE('',*,*,#4678,.T.);
#4678 = EDGE_CURVE('',#4671,#4679,#4681,.T.);
#4679 = VERTEX_POINT('',#4680);
#4680 = CARTESIAN_POINT('',(1.75,-0.5,0.3));
#4681 = LINE('',#4682,#4683);
#4682 = CARTESIAN_POINT('',(1.75,0.5,0.3));
#4683 = VECTOR('',#4684,1.);
#4684 = DIRECTION('',(-1.224646799147E-16,-1.,0.));
#4685 = ORIENTED_EDGE('',*,*,#4686,.T.);
#4686 = EDGE_CURVE('',#4679,#3934,#4687,.T.);
#4687 = LINE('',#4688,#4689);
#4688 = CARTESIAN_POINT('',(1.75,-0.5,0.3));
#4689 = VECTOR('',#4690,1.);
#4690 = DIRECTION('',(-1.190457365237E-16,-0.972082208573,0.234640533104
    ));
#4691 = ORIENTED_EDGE('',*,*,#3941,.T.);
#4692 = ORIENTED_EDGE('',*,*,#4653,.T.);
#4693 = PLANE('',#4694);
#4694 = AXIS2_PLACEMENT_3D('',#4695,#4696,#4697);
#4695 = CARTESIAN_POINT('',(1.75,-0.515451356496,0.330008245993));
#4696 = DIRECTION('',(1.,-1.224646799147E-16,-1.256256073143E-32));
#4697 = DIRECTION('',(-1.256256073143E-32,1.538469978883E-48,-1.));
#4698 = ADVANCED_FACE('',(#4699),#4717,.F.);
#4699 = FACE_BOUND('',#4700,.F.);
#4700 = EDGE_LOOP('',(#4701,#4709,#4710,#4711));
#4701 = ORIENTED_EDGE('',*,*,#4702,.T.);
#4702 = EDGE_CURVE('',#4703,#4679,#4705,.T.);
#4703 = VERTEX_POINT('',#4704);
#4704 = CARTESIAN_POINT('',(3.25,-0.5,0.3));
#4705 = LINE('',#4706,#4707);
#4706 = CARTESIAN_POINT('',(3.25,-0.5,0.3));
#4707 = VECTOR('',#4708,1.);
#4708 = DIRECTION('',(-1.,1.224646799147E-16,0.));
#4709 = ORIENTED_EDGE('',*,*,#4686,.T.);
#4710 = ORIENTED_EDGE('',*,*,#3933,.F.);
#4711 = ORIENTED_EDGE('',*,*,#4712,.F.);
#4712 = EDGE_CURVE('',#4703,#3926,#4713,.T.);
#4713 = LINE('',#4714,#4715);
#4714 = CARTESIAN_POINT('',(3.25,-0.5,0.3));
#4715 = VECTOR('',#4716,1.);
#4716 = DIRECTION('',(-1.190457365237E-16,-0.972082208573,0.234640533104
    ));
#4717 = PLANE('',#4718);
#4718 = AXIS2_PLACEMENT_3D('',#4719,#4720,#4721);
#4719 = CARTESIAN_POINT('',(3.25,-0.5,0.3));
#4720 = DIRECTION('',(2.87351777816E-17,0.234640533104,0.972082208573));
#4721 = DIRECTION('',(-1.190457365237E-16,-0.972082208573,0.234640533104
    ));
#4722 = ADVANCED_FACE('',(#4723),#4748,.F.);
#4723 = FACE_BOUND('',#4724,.F.);
#4724 = EDGE_LOOP('',(#4725,#4726,#4734,#4740,#4741,#4742));
#4725 = ORIENTED_EDGE('',*,*,#4526,.T.);
#4726 = ORIENTED_EDGE('',*,*,#4727,.T.);
#4727 = EDGE_CURVE('',#4519,#4728,#4730,.T.);
#4728 = VERTEX_POINT('',#4729);
#4729 = CARTESIAN_POINT('',(3.25,0.5,0.3));
#4730 = LINE('',#4731,#4732);
#4731 = CARTESIAN_POINT('',(3.25,2.35,1.));
#4732 = VECTOR('',#4733,1.);
#4733 = DIRECTION('',(-1.14539532148E-16,-0.935286257456,-0.353892097416
    ));
#4734 = ORIENTED_EDGE('',*,*,#4735,.T.);
#4735 = EDGE_CURVE('',#4728,#4703,#4736,.T.);
#4736 = LINE('',#4737,#4738);
#4737 = CARTESIAN_POINT('',(3.25,0.5,0.3));
#4738 = VECTOR('',#4739,1.);
#4739 = DIRECTION('',(-1.224646799147E-16,-1.,0.));
#4740 = ORIENTED_EDGE('',*,*,#4712,.T.);
#4741 = ORIENTED_EDGE('',*,*,#3925,.T.);
#4742 = ORIENTED_EDGE('',*,*,#4743,.T.);
#4743 = EDGE_CURVE('',#3918,#4371,#4744,.T.);
#4744 = LINE('',#4745,#4746);
#4745 = CARTESIAN_POINT('',(3.25,-3.4,0.));
#4746 = VECTOR('',#4747,1.);
#4747 = DIRECTION('',(1.224646799147E-16,1.,0.));
#4748 = PLANE('',#4749);
#4749 = AXIS2_PLACEMENT_3D('',#4750,#4751,#4752);
#4750 = CARTESIAN_POINT('',(3.25,-0.515451356496,0.330008245993));
#4751 = DIRECTION('',(1.,-1.224646799147E-16,-1.256256073143E-32));
#4752 = DIRECTION('',(-1.256256073143E-32,1.538469978883E-48,-1.));
#4753 = ADVANCED_FACE('',(#4754),#4760,.F.);
#4754 = FACE_BOUND('',#4755,.F.);
#4755 = EDGE_LOOP('',(#4756,#4757,#4758,#4759));
#4756 = ORIENTED_EDGE('',*,*,#4011,.T.);
#4757 = ORIENTED_EDGE('',*,*,#4370,.T.);
#4758 = ORIENTED_EDGE('',*,*,#4743,.F.);
#4759 = ORIENTED_EDGE('',*,*,#3917,.T.);
#4760 = PLANE('',#4761);
#4761 = AXIS2_PLACEMENT_3D('',#4762,#4763,#4764);
#4762 = CARTESIAN_POINT('',(1.25,-0.525,0.));
#4763 = DIRECTION('',(0.,0.,1.));
#4764 = DIRECTION('',(-1.,1.224646799147E-16,0.));
#4765 = ADVANCED_FACE('',(#4766),#4793,.F.);
#4766 = FACE_BOUND('',#4767,.F.);
#4767 = EDGE_LOOP('',(#4768,#4769,#4770,#4771,#4777,#4778,#4787));
#4768 = ORIENTED_EDGE('',*,*,#4086,.T.);
#4769 = ORIENTED_EDGE('',*,*,#3997,.F.);
#4770 = ORIENTED_EDGE('',*,*,#4549,.T.);
#4771 = ORIENTED_EDGE('',*,*,#4772,.T.);
#4772 = EDGE_CURVE('',#4542,#4317,#4773,.T.);
#4773 = LINE('',#4774,#4775);
#4774 = CARTESIAN_POINT('',(4.1,-2.65,1.85));
#4775 = VECTOR('',#4776,1.);
#4776 = DIRECTION('',(1.224646799147E-16,1.,0.));
#4777 = ORIENTED_EDGE('',*,*,#4324,.F.);
#4778 = ORIENTED_EDGE('',*,*,#4779,.F.);
#4779 = EDGE_CURVE('',#4780,#4325,#4782,.T.);
#4780 = VERTEX_POINT('',#4781);
#4781 = CARTESIAN_POINT('',(4.1,1.,3.65));
#4782 = CIRCLE('',#4783,0.5);
#4783 = AXIS2_PLACEMENT_3D('',#4784,#4785,#4786);
#4784 = CARTESIAN_POINT('',(4.1,1.,4.15));
#4785 = DIRECTION('',(1.,-1.224646799147E-16,0.));
#4786 = DIRECTION('',(1.224646799147E-16,1.,0.));
#4787 = ORIENTED_EDGE('',*,*,#4788,.T.);
#4788 = EDGE_CURVE('',#4780,#4079,#4789,.T.);
#4789 = LINE('',#4790,#4791);
#4790 = CARTESIAN_POINT('',(4.1,-0.825,3.65));
#4791 = VECTOR('',#4792,1.);
#4792 = DIRECTION('',(-1.224646799147E-16,-1.,0.));
#4793 = PLANE('',#4794);
#4794 = AXIS2_PLACEMENT_3D('',#4795,#4796,#4797);
#4795 = CARTESIAN_POINT('',(4.1,-2.65,7.));
#4796 = DIRECTION('',(1.,-1.224646799147E-16,0.));
#4797 = DIRECTION('',(1.224646799147E-16,1.,0.));
#4798 = ADVANCED_FACE('',(#4799),#4810,.T.);
#4799 = FACE_BOUND('',#4800,.T.);
#4800 = EDGE_LOOP('',(#4801,#4802,#4803,#4804));
#4801 = ORIENTED_EDGE('',*,*,#4209,.F.);
#4802 = ORIENTED_EDGE('',*,*,#4054,.T.);
#4803 = ORIENTED_EDGE('',*,*,#4379,.T.);
#4804 = ORIENTED_EDGE('',*,*,#4805,.T.);
#4805 = EDGE_CURVE('',#4380,#4210,#4806,.T.);
#4806 = LINE('',#4807,#4808);
#4807 = CARTESIAN_POINT('',(3.,2.35,7.));
#4808 = VECTOR('',#4809,1.);
#4809 = DIRECTION('',(-1.224646799147E-16,-1.,0.));
#4810 = PLANE('',#4811);
#4811 = AXIS2_PLACEMENT_3D('',#4812,#4813,#4814);
#4812 = CARTESIAN_POINT('',(1.25,-0.525,7.));
#4813 = DIRECTION('',(0.,0.,1.));
#4814 = DIRECTION('',(-1.,1.224646799147E-16,0.));
#4815 = ADVANCED_FACE('',(#4816),#4827,.F.);
#4816 = FACE_BOUND('',#4817,.F.);
#4817 = EDGE_LOOP('',(#4818,#4824,#4825,#4826));
#4818 = ORIENTED_EDGE('',*,*,#4819,.T.);
#4819 = EDGE_CURVE('',#4030,#4780,#4820,.T.);
#4820 = LINE('',#4821,#4822);
#4821 = CARTESIAN_POINT('',(4.95,1.,3.65));
#4822 = VECTOR('',#4823,1.);
#4823 = DIRECTION('',(-1.,1.224646799147E-16,0.));
#4824 = ORIENTED_EDGE('',*,*,#4779,.T.);
#4825 = ORIENTED_EDGE('',*,*,#4332,.F.);
#4826 = ORIENTED_EDGE('',*,*,#4037,.T.);
#4827 = CYLINDRICAL_SURFACE('',#4828,0.5);
#4828 = AXIS2_PLACEMENT_3D('',#4829,#4830,#4831);
#4829 = CARTESIAN_POINT('',(4.95,1.,4.15));
#4830 = DIRECTION('',(1.,-1.224646799147E-16,-0.));
#4831 = DIRECTION('',(1.224646799147E-16,1.,0.));
#4832 = ADVANCED_FACE('',(#4833),#4839,.T.);
#4833 = FACE_BOUND('',#4834,.T.);
#4834 = EDGE_LOOP('',(#4835,#4836,#4837,#4838));
#4835 = ORIENTED_EDGE('',*,*,#4029,.F.);
#4836 = ORIENTED_EDGE('',*,*,#4819,.T.);
#4837 = ORIENTED_EDGE('',*,*,#4788,.T.);
#4838 = ORIENTED_EDGE('',*,*,#4078,.F.);
#4839 = PLANE('',#4840);
#4840 = AXIS2_PLACEMENT_3D('',#4841,#4842,#4843);
#4841 = CARTESIAN_POINT('',(4.95,1.,3.65));
#4842 = DIRECTION('',(0.,0.,1.));
#4843 = DIRECTION('',(-1.224646799147E-16,-1.,0.));
#4844 = ADVANCED_FACE('',(#4845,#4851,#4885),#4919,.T.);
#4845 = FACE_BOUND('',#4846,.T.);
#4846 = EDGE_LOOP('',(#4847,#4848,#4849,#4850));
#4847 = ORIENTED_EDGE('',*,*,#4316,.T.);
#4848 = ORIENTED_EDGE('',*,*,#4127,.T.);
#4849 = ORIENTED_EDGE('',*,*,#4541,.T.);
#4850 = ORIENTED_EDGE('',*,*,#4772,.T.);
#4851 = FACE_BOUND('',#4852,.T.);
#4852 = EDGE_LOOP('',(#4853,#4863,#4871,#4879));
#4853 = ORIENTED_EDGE('',*,*,#4854,.F.);
#4854 = EDGE_CURVE('',#4855,#4857,#4859,.T.);
#4855 = VERTEX_POINT('',#4856);
#4856 = CARTESIAN_POINT('',(-0.32,0.32,1.85));
#4857 = VERTEX_POINT('',#4858);
#4858 = CARTESIAN_POINT('',(-0.32,-0.32,1.85));
#4859 = LINE('',#4860,#4861);
#4860 = CARTESIAN_POINT('',(-0.32,-0.26920299558,1.85));
#4861 = VECTOR('',#4862,1.);
#4862 = DIRECTION('',(-1.224646799147E-16,-1.,0.));
#4863 = ORIENTED_EDGE('',*,*,#4864,.T.);
#4864 = EDGE_CURVE('',#4855,#4865,#4867,.T.);
#4865 = VERTEX_POINT('',#4866);
#4866 = CARTESIAN_POINT('',(0.32,0.32,1.85));
#4867 = LINE('',#4868,#4869);
#4868 = CARTESIAN_POINT('',(0.785,0.32,1.85));
#4869 = VECTOR('',#4870,1.);
#4870 = DIRECTION('',(1.,-1.224646799147E-16,0.));
#4871 = ORIENTED_EDGE('',*,*,#4872,.T.);
#4872 = EDGE_CURVE('',#4865,#4873,#4875,.T.);
#4873 = VERTEX_POINT('',#4874);
#4874 = CARTESIAN_POINT('',(0.32,-0.32,1.85));
#4875 = LINE('',#4876,#4877);
#4876 = CARTESIAN_POINT('',(0.32,-0.26920299558,1.85));
#4877 = VECTOR('',#4878,1.);
#4878 = DIRECTION('',(-1.224646799147E-16,-1.,0.));
#4879 = ORIENTED_EDGE('',*,*,#4880,.T.);
#4880 = EDGE_CURVE('',#4873,#4857,#4881,.T.);
#4881 = LINE('',#4882,#4883);
#4882 = CARTESIAN_POINT('',(0.785,-0.32,1.85));
#4883 = VECTOR('',#4884,1.);
#4884 = DIRECTION('',(-1.,1.224646799147E-16,0.));
#4885 = FACE_BOUND('',#4886,.T.);
#4886 = EDGE_LOOP('',(#4887,#4897,#4905,#4913));
#4887 = ORIENTED_EDGE('',*,*,#4888,.F.);
#4888 = EDGE_CURVE('',#4889,#4891,#4893,.T.);
#4889 = VERTEX_POINT('',#4890);
#4890 = CARTESIAN_POINT('',(2.18,0.32,1.85));
#4891 = VERTEX_POINT('',#4892);
#4892 = CARTESIAN_POINT('',(2.18,-0.32,1.85));
#4893 = LINE('',#4894,#4895);
#4894 = CARTESIAN_POINT('',(2.18,-0.26920299558,1.85));
#4895 = VECTOR('',#4896,1.);
#4896 = DIRECTION('',(-1.224646799147E-16,-1.,0.));
#4897 = ORIENTED_EDGE('',*,*,#4898,.T.);
#4898 = EDGE_CURVE('',#4889,#4899,#4901,.T.);
#4899 = VERTEX_POINT('',#4900);
#4900 = CARTESIAN_POINT('',(2.82,0.32,1.85));
#4901 = LINE('',#4902,#4903);
#4902 = CARTESIAN_POINT('',(2.035,0.32,1.85));
#4903 = VECTOR('',#4904,1.);
#4904 = DIRECTION('',(1.,-1.224646799147E-16,0.));
#4905 = ORIENTED_EDGE('',*,*,#4906,.T.);
#4906 = EDGE_CURVE('',#4899,#4907,#4909,.T.);
#4907 = VERTEX_POINT('',#4908);
#4908 = CARTESIAN_POINT('',(2.82,-0.32,1.85));
#4909 = LINE('',#4910,#4911);
#4910 = CARTESIAN_POINT('',(2.82,-0.26920299558,1.85));
#4911 = VECTOR('',#4912,1.);
#4912 = DIRECTION('',(-1.224646799147E-16,-1.,0.));
#4913 = ORIENTED_EDGE('',*,*,#4914,.T.);
#4914 = EDGE_CURVE('',#4907,#4891,#4915,.T.);
#4915 = LINE('',#4916,#4917);
#4916 = CARTESIAN_POINT('',(2.035,-0.32,1.85));
#4917 = VECTOR('',#4918,1.);
#4918 = DIRECTION('',(-1.,1.224646799147E-16,0.));
#4919 = PLANE('',#4920);
#4920 = AXIS2_PLACEMENT_3D('',#4921,#4922,#4923);
#4921 = CARTESIAN_POINT('',(1.25,-0.575,1.85));
#4922 = DIRECTION('',(0.,0.,1.));
#4923 = DIRECTION('',(-1.,1.224646799147E-16,0.));
#4924 = ADVANCED_FACE('',(#4925),#4936,.F.);
#4925 = FACE_BOUND('',#4926,.F.);
#4926 = EDGE_LOOP('',(#4927,#4928,#4934,#4935));
#4927 = ORIENTED_EDGE('',*,*,#4469,.F.);
#4928 = ORIENTED_EDGE('',*,*,#4929,.T.);
#4929 = EDGE_CURVE('',#4462,#4292,#4930,.T.);
#4930 = LINE('',#4931,#4932);
#4931 = CARTESIAN_POINT('',(-0.5,2.35,6.1));
#4932 = VECTOR('',#4933,1.);
#4933 = DIRECTION('',(-1.224646799147E-16,-1.,0.));
#4934 = ORIENTED_EDGE('',*,*,#4299,.F.);
#4935 = ORIENTED_EDGE('',*,*,#4347,.F.);
#4936 = PLANE('',#4937);
#4937 = AXIS2_PLACEMENT_3D('',#4938,#4939,#4940);
#4938 = CARTESIAN_POINT('',(-0.5,2.35,6.1));
#4939 = DIRECTION('',(-1.,1.224646799147E-16,0.));
#4940 = DIRECTION('',(0.,0.,1.));
#4941 = ADVANCED_FACE('',(#4942),#4953,.F.);
#4942 = FACE_BOUND('',#4943,.F.);
#4943 = EDGE_LOOP('',(#4944,#4945,#4951,#4952));
#4944 = ORIENTED_EDGE('',*,*,#4461,.F.);
#4945 = ORIENTED_EDGE('',*,*,#4946,.T.);
#4946 = EDGE_CURVE('',#4454,#4284,#4947,.T.);
#4947 = LINE('',#4948,#4949);
#4948 = CARTESIAN_POINT('',(-0.25,2.35,5.85));
#4949 = VECTOR('',#4950,1.);
#4950 = DIRECTION('',(-1.224646799147E-16,-1.,0.));
#4951 = ORIENTED_EDGE('',*,*,#4291,.F.);
#4952 = ORIENTED_EDGE('',*,*,#4929,.F.);
#4953 = PLANE('',#4954);
#4954 = AXIS2_PLACEMENT_3D('',#4955,#4956,#4957);
#4955 = CARTESIAN_POINT('',(-0.25,2.35,5.85));
#4956 = DIRECTION('',(-0.707106781187,8.659560562349E-17,-0.707106781187
    ));
#4957 = DIRECTION('',(-0.707106781187,8.659560562349E-17,0.707106781187)
  );
#4958 = ADVANCED_FACE('',(#4959),#4970,.F.);
#4959 = FACE_BOUND('',#4960,.F.);
#4960 = EDGE_LOOP('',(#4961,#4962,#4968,#4969));
#4961 = ORIENTED_EDGE('',*,*,#4453,.F.);
#4962 = ORIENTED_EDGE('',*,*,#4963,.T.);
#4963 = EDGE_CURVE('',#4446,#4276,#4964,.T.);
#4964 = LINE('',#4965,#4966);
#4965 = CARTESIAN_POINT('',(-0.5,2.35,5.6));
#4966 = VECTOR('',#4967,1.);
#4967 = DIRECTION('',(-1.224646799147E-16,-1.,0.));
#4968 = ORIENTED_EDGE('',*,*,#4283,.F.);
#4969 = ORIENTED_EDGE('',*,*,#4946,.F.);
#4970 = PLANE('',#4971);
#4971 = AXIS2_PLACEMENT_3D('',#4972,#4973,#4974);
#4972 = CARTESIAN_POINT('',(-0.5,2.35,5.6));
#4973 = DIRECTION('',(-0.707106781187,8.659560562349E-17,0.707106781187)
  );
#4974 = DIRECTION('',(0.707106781187,-8.659560562349E-17,0.707106781187)
  );
#4975 = ADVANCED_FACE('',(#4976),#4987,.F.);
#4976 = FACE_BOUND('',#4977,.F.);
#4977 = EDGE_LOOP('',(#4978,#4979,#4985,#4986));
#4978 = ORIENTED_EDGE('',*,*,#4445,.F.);
#4979 = ORIENTED_EDGE('',*,*,#4980,.T.);
#4980 = EDGE_CURVE('',#4437,#4267,#4981,.T.);
#4981 = LINE('',#4982,#4983);
#4982 = CARTESIAN_POINT('',(-0.5,2.35,3.85));
#4983 = VECTOR('',#4984,1.);
#4984 = DIRECTION('',(-1.224646799147E-16,-1.,0.));
#4985 = ORIENTED_EDGE('',*,*,#4275,.F.);
#4986 = ORIENTED_EDGE('',*,*,#4963,.F.);
#4987 = PLANE('',#4988);
#4988 = AXIS2_PLACEMENT_3D('',#4989,#4990,#4991);
#4989 = CARTESIAN_POINT('',(-0.5,2.35,3.1));
#4990 = DIRECTION('',(-1.,1.224646799147E-16,0.));
#4991 = DIRECTION('',(0.,0.,1.));
#4992 = ADVANCED_FACE('',(#4993),#5004,.F.);
#4993 = FACE_BOUND('',#4994,.F.);
#4994 = EDGE_LOOP('',(#4995,#4996,#4997,#4998));
#4995 = ORIENTED_EDGE('',*,*,#4266,.F.);
#4996 = ORIENTED_EDGE('',*,*,#4980,.F.);
#4997 = ORIENTED_EDGE('',*,*,#4436,.F.);
#4998 = ORIENTED_EDGE('',*,*,#4999,.T.);
#4999 = EDGE_CURVE('',#4429,#4259,#5000,.T.);
#5000 = LINE('',#5001,#5002);
#5001 = CARTESIAN_POINT('',(0.25,2.35,3.1));
#5002 = VECTOR('',#5003,1.);
#5003 = DIRECTION('',(-1.224646799147E-16,-1.,0.));
#5004 = CYLINDRICAL_SURFACE('',#5005,0.75);
#5005 = AXIS2_PLACEMENT_3D('',#5006,#5007,#5008);
#5006 = CARTESIAN_POINT('',(0.25,2.35,3.85));
#5007 = DIRECTION('',(-1.224646799147E-16,-1.,0.));
#5008 = DIRECTION('',(-0.,0.,-1.));
#5009 = ADVANCED_FACE('',(#5010),#5021,.F.);
#5010 = FACE_BOUND('',#5011,.F.);
#5011 = EDGE_LOOP('',(#5012,#5013,#5014,#5020));
#5012 = ORIENTED_EDGE('',*,*,#4999,.F.);
#5013 = ORIENTED_EDGE('',*,*,#4428,.T.);
#5014 = ORIENTED_EDGE('',*,*,#5015,.T.);
#5015 = EDGE_CURVE('',#4420,#4250,#5016,.T.);
#5016 = LINE('',#5017,#5018);
#5017 = CARTESIAN_POINT('',(2.25,2.35,3.1));
#5018 = VECTOR('',#5019,1.);
#5019 = DIRECTION('',(-1.224646799147E-16,-1.,0.));
#5020 = ORIENTED_EDGE('',*,*,#4258,.F.);
#5021 = PLANE('',#5022);
#5022 = AXIS2_PLACEMENT_3D('',#5023,#5024,#5025);
#5023 = CARTESIAN_POINT('',(1.25,1.85,3.1));
#5024 = DIRECTION('',(1.288101310069E-46,1.051814540295E-30,-1.));
#5025 = DIRECTION('',(1.224646799147E-16,1.,1.051814540295E-30));
#5026 = ADVANCED_FACE('',(#5027),#5038,.F.);
#5027 = FACE_BOUND('',#5028,.F.);
#5028 = EDGE_LOOP('',(#5029,#5030,#5031,#5037));
#5029 = ORIENTED_EDGE('',*,*,#5015,.F.);
#5030 = ORIENTED_EDGE('',*,*,#4419,.T.);
#5031 = ORIENTED_EDGE('',*,*,#5032,.T.);
#5032 = EDGE_CURVE('',#4412,#4242,#5033,.T.);
#5033 = LINE('',#5034,#5035);
#5034 = CARTESIAN_POINT('',(3.,2.35,3.85));
#5035 = VECTOR('',#5036,1.);
#5036 = DIRECTION('',(-1.224646799147E-16,-1.,0.));
#5037 = ORIENTED_EDGE('',*,*,#4249,.F.);
#5038 = CYLINDRICAL_SURFACE('',#5039,0.75);
#5039 = AXIS2_PLACEMENT_3D('',#5040,#5041,#5042);
#5040 = CARTESIAN_POINT('',(2.25,2.35,3.85));
#5041 = DIRECTION('',(-1.224646799147E-16,-1.,0.));
#5042 = DIRECTION('',(0.,-0.,-1.));
#5043 = ADVANCED_FACE('',(#5044),#5055,.T.);
#5044 = FACE_BOUND('',#5045,.T.);
#5045 = EDGE_LOOP('',(#5046,#5047,#5048,#5049));
#5046 = ORIENTED_EDGE('',*,*,#4411,.F.);
#5047 = ORIENTED_EDGE('',*,*,#5032,.T.);
#5048 = ORIENTED_EDGE('',*,*,#4241,.F.);
#5049 = ORIENTED_EDGE('',*,*,#5050,.F.);
#5050 = EDGE_CURVE('',#4404,#4234,#5051,.T.);
#5051 = LINE('',#5052,#5053);
#5052 = CARTESIAN_POINT('',(3.,2.35,5.6));
#5053 = VECTOR('',#5054,1.);
#5054 = DIRECTION('',(-1.224646799147E-16,-1.,0.));
#5055 = PLANE('',#5056);
#5056 = AXIS2_PLACEMENT_3D('',#5057,#5058,#5059);
#5057 = CARTESIAN_POINT('',(3.,2.35,3.1));
#5058 = DIRECTION('',(-1.,1.224646799147E-16,0.));
#5059 = DIRECTION('',(0.,0.,1.));
#5060 = ADVANCED_FACE('',(#5061),#5072,.T.);
#5061 = FACE_BOUND('',#5062,.T.);
#5062 = EDGE_LOOP('',(#5063,#5064,#5065,#5066));
#5063 = ORIENTED_EDGE('',*,*,#4403,.F.);
#5064 = ORIENTED_EDGE('',*,*,#5050,.T.);
#5065 = ORIENTED_EDGE('',*,*,#4233,.F.);
#5066 = ORIENTED_EDGE('',*,*,#5067,.F.);
#5067 = EDGE_CURVE('',#4396,#4226,#5068,.T.);
#5068 = LINE('',#5069,#5070);
#5069 = CARTESIAN_POINT('',(2.75,2.35,5.85));
#5070 = VECTOR('',#5071,1.);
#5071 = DIRECTION('',(-1.224646799147E-16,-1.,0.));
#5072 = PLANE('',#5073);
#5073 = AXIS2_PLACEMENT_3D('',#5074,#5075,#5076);
#5074 = CARTESIAN_POINT('',(3.,2.35,5.6));
#5075 = DIRECTION('',(-0.707106781187,8.659560562349E-17,-0.707106781187
    ));
#5076 = DIRECTION('',(-0.707106781187,8.659560562349E-17,0.707106781187)
  );
#5077 = ADVANCED_FACE('',(#5078),#5089,.T.);
#5078 = FACE_BOUND('',#5079,.T.);
#5079 = EDGE_LOOP('',(#5080,#5081,#5082,#5083));
#5080 = ORIENTED_EDGE('',*,*,#4395,.F.);
#5081 = ORIENTED_EDGE('',*,*,#5067,.T.);
#5082 = ORIENTED_EDGE('',*,*,#4225,.F.);
#5083 = ORIENTED_EDGE('',*,*,#5084,.F.);
#5084 = EDGE_CURVE('',#4388,#4218,#5085,.T.);
#5085 = LINE('',#5086,#5087);
#5086 = CARTESIAN_POINT('',(3.,2.35,6.1));
#5087 = VECTOR('',#5088,1.);
#5088 = DIRECTION('',(-1.224646799147E-16,-1.,0.));
#5089 = PLANE('',#5090);
#5090 = AXIS2_PLACEMENT_3D('',#5091,#5092,#5093);
#5091 = CARTESIAN_POINT('',(2.75,2.35,5.85));
#5092 = DIRECTION('',(-0.707106781187,8.659560562349E-17,0.707106781187)
  );
#5093 = DIRECTION('',(0.707106781187,-8.659560562349E-17,0.707106781187)
  );
#5094 = ADVANCED_FACE('',(#5095),#5101,.T.);
#5095 = FACE_BOUND('',#5096,.T.);
#5096 = EDGE_LOOP('',(#5097,#5098,#5099,#5100));
#5097 = ORIENTED_EDGE('',*,*,#4387,.F.);
#5098 = ORIENTED_EDGE('',*,*,#5084,.T.);
#5099 = ORIENTED_EDGE('',*,*,#4217,.F.);
#5100 = ORIENTED_EDGE('',*,*,#4805,.F.);
#5101 = PLANE('',#5102);
#5102 = AXIS2_PLACEMENT_3D('',#5103,#5104,#5105);
#5103 = CARTESIAN_POINT('',(3.,2.35,6.1));
#5104 = DIRECTION('',(-1.,1.224646799147E-16,2.467162276945E-16));
#5105 = DIRECTION('',(2.467162276945E-16,-3.021402385438E-32,1.));
#5106 = ADVANCED_FACE('',(#5107),#5118,.F.);
#5107 = FACE_BOUND('',#5108,.F.);
#5108 = EDGE_LOOP('',(#5109,#5110,#5111,#5117));
#5109 = ORIENTED_EDGE('',*,*,#4518,.T.);
#5110 = ORIENTED_EDGE('',*,*,#4670,.T.);
#5111 = ORIENTED_EDGE('',*,*,#5112,.F.);
#5112 = EDGE_CURVE('',#4728,#4671,#5113,.T.);
#5113 = LINE('',#5114,#5115);
#5114 = CARTESIAN_POINT('',(3.25,0.5,0.3));
#5115 = VECTOR('',#5116,1.);
#5116 = DIRECTION('',(-1.,1.224646799147E-16,0.));
#5117 = ORIENTED_EDGE('',*,*,#4727,.F.);
#5118 = PLANE('',#5119);
#5119 = AXIS2_PLACEMENT_3D('',#5120,#5121,#5122);
#5120 = CARTESIAN_POINT('',(3.25,2.35,1.));
#5121 = DIRECTION('',(-4.33392824344E-17,-0.353892097416,0.935286257456)
  );
#5122 = DIRECTION('',(-1.14539532148E-16,-0.935286257456,-0.353892097416
    ));
#5123 = ADVANCED_FACE('',(#5124),#5135,.F.);
#5124 = FACE_BOUND('',#5125,.F.);
#5125 = EDGE_LOOP('',(#5126,#5127,#5128,#5134));
#5126 = ORIENTED_EDGE('',*,*,#4486,.T.);
#5127 = ORIENTED_EDGE('',*,*,#4565,.T.);
#5128 = ORIENTED_EDGE('',*,*,#5129,.F.);
#5129 = EDGE_CURVE('',#4623,#4566,#5130,.T.);
#5130 = LINE('',#5131,#5132);
#5131 = CARTESIAN_POINT('',(0.75,0.5,0.3));
#5132 = VECTOR('',#5133,1.);
#5133 = DIRECTION('',(-1.,1.224646799147E-16,0.));
#5134 = ORIENTED_EDGE('',*,*,#4622,.F.);
#5135 = PLANE('',#5136);
#5136 = AXIS2_PLACEMENT_3D('',#5137,#5138,#5139);
#5137 = CARTESIAN_POINT('',(0.75,2.35,1.));
#5138 = DIRECTION('',(-4.33392824344E-17,-0.353892097416,0.935286257456)
  );
#5139 = DIRECTION('',(-1.14539532148E-16,-0.935286257456,-0.353892097416
    ));
#5140 = ADVANCED_FACE('',(#5141,#5147),#5181,.F.);
#5141 = FACE_BOUND('',#5142,.F.);
#5142 = EDGE_LOOP('',(#5143,#5144,#5145,#5146));
#5143 = ORIENTED_EDGE('',*,*,#5129,.T.);
#5144 = ORIENTED_EDGE('',*,*,#4573,.T.);
#5145 = ORIENTED_EDGE('',*,*,#4597,.F.);
#5146 = ORIENTED_EDGE('',*,*,#4630,.F.);
#5147 = FACE_BOUND('',#5148,.F.);
#5148 = EDGE_LOOP('',(#5149,#5159,#5167,#5175));
#5149 = ORIENTED_EDGE('',*,*,#5150,.F.);
#5150 = EDGE_CURVE('',#5151,#5153,#5155,.T.);
#5151 = VERTEX_POINT('',#5152);
#5152 = CARTESIAN_POINT('',(-0.32,0.32,0.3));
#5153 = VERTEX_POINT('',#5154);
#5154 = CARTESIAN_POINT('',(-0.32,-0.32,0.3));
#5155 = LINE('',#5156,#5157);
#5156 = CARTESIAN_POINT('',(-0.32,0.26829700442,0.3));
#5157 = VECTOR('',#5158,1.);
#5158 = DIRECTION('',(-1.224646799147E-16,-1.,0.));
#5159 = ORIENTED_EDGE('',*,*,#5160,.T.);
#5160 = EDGE_CURVE('',#5151,#5161,#5163,.T.);
#5161 = VERTEX_POINT('',#5162);
#5162 = CARTESIAN_POINT('',(0.32,0.32,0.3));
#5163 = LINE('',#5164,#5165);
#5164 = CARTESIAN_POINT('',(0.535,0.32,0.3));
#5165 = VECTOR('',#5166,1.);
#5166 = DIRECTION('',(1.,-1.224646799147E-16,0.));
#5167 = ORIENTED_EDGE('',*,*,#5168,.T.);
#5168 = EDGE_CURVE('',#5161,#5169,#5171,.T.);
#5169 = VERTEX_POINT('',#5170);
#5170 = CARTESIAN_POINT('',(0.32,-0.32,0.3));
#5171 = LINE('',#5172,#5173);
#5172 = CARTESIAN_POINT('',(0.32,0.26829700442,0.3));
#5173 = VECTOR('',#5174,1.);
#5174 = DIRECTION('',(-1.224646799147E-16,-1.,0.));
#5175 = ORIENTED_EDGE('',*,*,#5176,.T.);
#5176 = EDGE_CURVE('',#5169,#5153,#5177,.T.);
#5177 = LINE('',#5178,#5179);
#5178 = CARTESIAN_POINT('',(0.535,-0.32,0.3));
#5179 = VECTOR('',#5180,1.);
#5180 = DIRECTION('',(-1.,1.224646799147E-16,0.));
#5181 = PLANE('',#5182);
#5182 = AXIS2_PLACEMENT_3D('',#5183,#5184,#5185);
#5183 = CARTESIAN_POINT('',(0.75,0.5,0.3));
#5184 = DIRECTION('',(0.,0.,1.));
#5185 = DIRECTION('',(-1.224646799147E-16,-1.,0.));
#5186 = ADVANCED_FACE('',(#5187,#5193),#5227,.F.);
#5187 = FACE_BOUND('',#5188,.F.);
#5188 = EDGE_LOOP('',(#5189,#5190,#5191,#5192));
#5189 = ORIENTED_EDGE('',*,*,#5112,.T.);
#5190 = ORIENTED_EDGE('',*,*,#4678,.T.);
#5191 = ORIENTED_EDGE('',*,*,#4702,.F.);
#5192 = ORIENTED_EDGE('',*,*,#4735,.F.);
#5193 = FACE_BOUND('',#5194,.F.);
#5194 = EDGE_LOOP('',(#5195,#5205,#5213,#5221));
#5195 = ORIENTED_EDGE('',*,*,#5196,.F.);
#5196 = EDGE_CURVE('',#5197,#5199,#5201,.T.);
#5197 = VERTEX_POINT('',#5198);
#5198 = CARTESIAN_POINT('',(2.18,0.32,0.3));
#5199 = VERTEX_POINT('',#5200);
#5200 = CARTESIAN_POINT('',(2.18,-0.32,0.3));
#5201 = LINE('',#5202,#5203);
#5202 = CARTESIAN_POINT('',(2.18,0.26829700442,0.3));
#5203 = VECTOR('',#5204,1.);
#5204 = DIRECTION('',(-1.224646799147E-16,-1.,0.));
#5205 = ORIENTED_EDGE('',*,*,#5206,.T.);
#5206 = EDGE_CURVE('',#5197,#5207,#5209,.T.);
#5207 = VERTEX_POINT('',#5208);
#5208 = CARTESIAN_POINT('',(2.82,0.32,0.3));
#5209 = LINE('',#5210,#5211);
#5210 = CARTESIAN_POINT('',(3.035,0.32,0.3));
#5211 = VECTOR('',#5212,1.);
#5212 = DIRECTION('',(1.,-1.224646799147E-16,0.));
#5213 = ORIENTED_EDGE('',*,*,#5214,.T.);
#5214 = EDGE_CURVE('',#5207,#5215,#5217,.T.);
#5215 = VERTEX_POINT('',#5216);
#5216 = CARTESIAN_POINT('',(2.82,-0.32,0.3));
#5217 = LINE('',#5218,#5219);
#5218 = CARTESIAN_POINT('',(2.82,0.26829700442,0.3));
#5219 = VECTOR('',#5220,1.);
#5220 = DIRECTION('',(-1.224646799147E-16,-1.,0.));
#5221 = ORIENTED_EDGE('',*,*,#5222,.T.);
#5222 = EDGE_CURVE('',#5215,#5199,#5223,.T.);
#5223 = LINE('',#5224,#5225);
#5224 = CARTESIAN_POINT('',(3.035,-0.32,0.3));
#5225 = VECTOR('',#5226,1.);
#5226 = DIRECTION('',(-1.,1.224646799147E-16,0.));
#5227 = PLANE('',#5228);
#5228 = AXIS2_PLACEMENT_3D('',#5229,#5230,#5231);
#5229 = CARTESIAN_POINT('',(3.25,0.5,0.3));
#5230 = DIRECTION('',(0.,0.,1.));
#5231 = DIRECTION('',(-1.224646799147E-16,-1.,0.));
#5232 = ADVANCED_FACE('',(#5233),#5258,.T.);
#5233 = FACE_BOUND('',#5234,.T.);
#5234 = EDGE_LOOP('',(#5235,#5236,#5244,#5252));
#5235 = ORIENTED_EDGE('',*,*,#4854,.T.);
#5236 = ORIENTED_EDGE('',*,*,#5237,.T.);
#5237 = EDGE_CURVE('',#4857,#5238,#5240,.T.);
#5238 = VERTEX_POINT('',#5239);
#5239 = CARTESIAN_POINT('',(-0.32,-0.32,6.3));
#5240 = LINE('',#5241,#5242);
#5241 = CARTESIAN_POINT('',(-0.32,-0.32,-0.9));
#5242 = VECTOR('',#5243,1.);
#5243 = DIRECTION('',(0.,0.,1.));
#5244 = ORIENTED_EDGE('',*,*,#5245,.T.);
#5245 = EDGE_CURVE('',#5238,#5246,#5248,.T.);
#5246 = VERTEX_POINT('',#5247);
#5247 = CARTESIAN_POINT('',(-0.32,0.32,6.3));
#5248 = LINE('',#5249,#5250);
#5249 = CARTESIAN_POINT('',(-0.32,-0.32,6.3));
#5250 = VECTOR('',#5251,1.);
#5251 = DIRECTION('',(1.224646799147E-16,1.,0.));
#5252 = ORIENTED_EDGE('',*,*,#5253,.T.);
#5253 = EDGE_CURVE('',#5246,#4855,#5254,.T.);
#5254 = LINE('',#5255,#5256);
#5255 = CARTESIAN_POINT('',(-0.32,0.32,6.5));
#5256 = VECTOR('',#5257,1.);
#5257 = DIRECTION('',(-0.,0.,-1.));
#5258 = PLANE('',#5259);
#5259 = AXIS2_PLACEMENT_3D('',#5260,#5261,#5262);
#5260 = CARTESIAN_POINT('',(-0.32,3.65940088399E-02,1.522832428212));
#5261 = DIRECTION('',(-1.,1.224646799147E-16,0.));
#5262 = DIRECTION('',(0.,0.,1.));
#5263 = ADVANCED_FACE('',(#5264),#5282,.F.);
#5264 = FACE_BOUND('',#5265,.F.);
#5265 = EDGE_LOOP('',(#5266,#5274,#5275,#5276));
#5266 = ORIENTED_EDGE('',*,*,#5267,.F.);
#5267 = EDGE_CURVE('',#4873,#5268,#5270,.T.);
#5268 = VERTEX_POINT('',#5269);
#5269 = CARTESIAN_POINT('',(0.32,-0.32,6.3));
#5270 = LINE('',#5271,#5272);
#5271 = CARTESIAN_POINT('',(0.32,-0.32,-0.9));
#5272 = VECTOR('',#5273,1.);
#5273 = DIRECTION('',(0.,0.,1.));
#5274 = ORIENTED_EDGE('',*,*,#4880,.T.);
#5275 = ORIENTED_EDGE('',*,*,#5237,.T.);
#5276 = ORIENTED_EDGE('',*,*,#5277,.F.);
#5277 = EDGE_CURVE('',#5268,#5238,#5278,.T.);
#5278 = LINE('',#5279,#5280);
#5279 = CARTESIAN_POINT('',(0.32,-0.32,6.3));
#5280 = VECTOR('',#5281,1.);
#5281 = DIRECTION('',(-1.,1.224646799147E-16,0.));
#5282 = PLANE('',#5283);
#5283 = AXIS2_PLACEMENT_3D('',#5284,#5285,#5286);
#5284 = CARTESIAN_POINT('',(0.32,-0.32,-0.9));
#5285 = DIRECTION('',(1.224646799147E-16,1.,0.));
#5286 = DIRECTION('',(0.,-0.,1.));
#5287 = ADVANCED_FACE('',(#5288),#5306,.F.);
#5288 = FACE_BOUND('',#5289,.F.);
#5289 = EDGE_LOOP('',(#5290,#5291,#5292,#5300));
#5290 = ORIENTED_EDGE('',*,*,#4872,.T.);
#5291 = ORIENTED_EDGE('',*,*,#5267,.T.);
#5292 = ORIENTED_EDGE('',*,*,#5293,.T.);
#5293 = EDGE_CURVE('',#5268,#5294,#5296,.T.);
#5294 = VERTEX_POINT('',#5295);
#5295 = CARTESIAN_POINT('',(0.32,0.32,6.3));
#5296 = LINE('',#5297,#5298);
#5297 = CARTESIAN_POINT('',(0.32,-0.32,6.3));
#5298 = VECTOR('',#5299,1.);
#5299 = DIRECTION('',(1.224646799147E-16,1.,0.));
#5300 = ORIENTED_EDGE('',*,*,#5301,.T.);
#5301 = EDGE_CURVE('',#5294,#4865,#5302,.T.);
#5302 = LINE('',#5303,#5304);
#5303 = CARTESIAN_POINT('',(0.32,0.32,6.5));
#5304 = VECTOR('',#5305,1.);
#5305 = DIRECTION('',(-0.,0.,-1.));
#5306 = PLANE('',#5307);
#5307 = AXIS2_PLACEMENT_3D('',#5308,#5309,#5310);
#5308 = CARTESIAN_POINT('',(0.32,3.65940088399E-02,1.522832428212));
#5309 = DIRECTION('',(-1.,1.224646799147E-16,0.));
#5310 = DIRECTION('',(0.,0.,1.));
#5311 = ADVANCED_FACE('',(#5312),#5323,.F.);
#5312 = FACE_BOUND('',#5313,.F.);
#5313 = EDGE_LOOP('',(#5314,#5315,#5321,#5322));
#5314 = ORIENTED_EDGE('',*,*,#5301,.F.);
#5315 = ORIENTED_EDGE('',*,*,#5316,.T.);
#5316 = EDGE_CURVE('',#5294,#5246,#5317,.T.);
#5317 = LINE('',#5318,#5319);
#5318 = CARTESIAN_POINT('',(0.32,0.32,6.3));
#5319 = VECTOR('',#5320,1.);
#5320 = DIRECTION('',(-1.,1.224646799147E-16,0.));
#5321 = ORIENTED_EDGE('',*,*,#5253,.T.);
#5322 = ORIENTED_EDGE('',*,*,#4864,.T.);
#5323 = PLANE('',#5324);
#5324 = AXIS2_PLACEMENT_3D('',#5325,#5326,#5327);
#5325 = CARTESIAN_POINT('',(0.32,0.32,6.5));
#5326 = DIRECTION('',(-1.224646799147E-16,-1.,0.));
#5327 = DIRECTION('',(-0.,0.,-1.));
#5328 = ADVANCED_FACE('',(#5329),#5354,.T.);
#5329 = FACE_BOUND('',#5330,.T.);
#5330 = EDGE_LOOP('',(#5331,#5332,#5340,#5348));
#5331 = ORIENTED_EDGE('',*,*,#4888,.T.);
#5332 = ORIENTED_EDGE('',*,*,#5333,.T.);
#5333 = EDGE_CURVE('',#4891,#5334,#5336,.T.);
#5334 = VERTEX_POINT('',#5335);
#5335 = CARTESIAN_POINT('',(2.18,-0.32,6.3));
#5336 = LINE('',#5337,#5338);
#5337 = CARTESIAN_POINT('',(2.18,-0.32,-0.9));
#5338 = VECTOR('',#5339,1.);
#5339 = DIRECTION('',(0.,0.,1.));
#5340 = ORIENTED_EDGE('',*,*,#5341,.T.);
#5341 = EDGE_CURVE('',#5334,#5342,#5344,.T.);
#5342 = VERTEX_POINT('',#5343);
#5343 = CARTESIAN_POINT('',(2.18,0.32,6.3));
#5344 = LINE('',#5345,#5346);
#5345 = CARTESIAN_POINT('',(2.18,-0.32,6.3));
#5346 = VECTOR('',#5347,1.);
#5347 = DIRECTION('',(1.224646799147E-16,1.,0.));
#5348 = ORIENTED_EDGE('',*,*,#5349,.T.);
#5349 = EDGE_CURVE('',#5342,#4889,#5350,.T.);
#5350 = LINE('',#5351,#5352);
#5351 = CARTESIAN_POINT('',(2.18,0.32,6.5));
#5352 = VECTOR('',#5353,1.);
#5353 = DIRECTION('',(-0.,0.,-1.));
#5354 = PLANE('',#5355);
#5355 = AXIS2_PLACEMENT_3D('',#5356,#5357,#5358);
#5356 = CARTESIAN_POINT('',(2.18,3.65940088399E-02,1.522832428212));
#5357 = DIRECTION('',(-1.,1.224646799147E-16,0.));
#5358 = DIRECTION('',(0.,0.,1.));
#5359 = ADVANCED_FACE('',(#5360),#5378,.F.);
#5360 = FACE_BOUND('',#5361,.F.);
#5361 = EDGE_LOOP('',(#5362,#5370,#5371,#5372));
#5362 = ORIENTED_EDGE('',*,*,#5363,.F.);
#5363 = EDGE_CURVE('',#4907,#5364,#5366,.T.);
#5364 = VERTEX_POINT('',#5365);
#5365 = CARTESIAN_POINT('',(2.82,-0.32,6.3));
#5366 = LINE('',#5367,#5368);
#5367 = CARTESIAN_POINT('',(2.82,-0.32,-0.9));
#5368 = VECTOR('',#5369,1.);
#5369 = DIRECTION('',(0.,0.,1.));
#5370 = ORIENTED_EDGE('',*,*,#4914,.T.);
#5371 = ORIENTED_EDGE('',*,*,#5333,.T.);
#5372 = ORIENTED_EDGE('',*,*,#5373,.F.);
#5373 = EDGE_CURVE('',#5364,#5334,#5374,.T.);
#5374 = LINE('',#5375,#5376);
#5375 = CARTESIAN_POINT('',(2.82,-0.32,6.3));
#5376 = VECTOR('',#5377,1.);
#5377 = DIRECTION('',(-1.,1.224646799147E-16,0.));
#5378 = PLANE('',#5379);
#5379 = AXIS2_PLACEMENT_3D('',#5380,#5381,#5382);
#5380 = CARTESIAN_POINT('',(2.82,-0.32,-0.9));
#5381 = DIRECTION('',(1.224646799147E-16,1.,0.));
#5382 = DIRECTION('',(0.,-0.,1.));
#5383 = ADVANCED_FACE('',(#5384),#5402,.F.);
#5384 = FACE_BOUND('',#5385,.F.);
#5385 = EDGE_LOOP('',(#5386,#5387,#5388,#5396));
#5386 = ORIENTED_EDGE('',*,*,#4906,.T.);
#5387 = ORIENTED_EDGE('',*,*,#5363,.T.);
#5388 = ORIENTED_EDGE('',*,*,#5389,.T.);
#5389 = EDGE_CURVE('',#5364,#5390,#5392,.T.);
#5390 = VERTEX_POINT('',#5391);
#5391 = CARTESIAN_POINT('',(2.82,0.32,6.3));
#5392 = LINE('',#5393,#5394);
#5393 = CARTESIAN_POINT('',(2.82,-0.32,6.3));
#5394 = VECTOR('',#5395,1.);
#5395 = DIRECTION('',(1.224646799147E-16,1.,0.));
#5396 = ORIENTED_EDGE('',*,*,#5397,.T.);
#5397 = EDGE_CURVE('',#5390,#4899,#5398,.T.);
#5398 = LINE('',#5399,#5400);
#5399 = CARTESIAN_POINT('',(2.82,0.32,6.5));
#5400 = VECTOR('',#5401,1.);
#5401 = DIRECTION('',(-0.,0.,-1.));
#5402 = PLANE('',#5403);
#5403 = AXIS2_PLACEMENT_3D('',#5404,#5405,#5406);
#5404 = CARTESIAN_POINT('',(2.82,3.65940088399E-02,1.522832428212));
#5405 = DIRECTION('',(-1.,1.224646799147E-16,0.));
#5406 = DIRECTION('',(0.,0.,1.));
#5407 = ADVANCED_FACE('',(#5408),#5419,.F.);
#5408 = FACE_BOUND('',#5409,.F.);
#5409 = EDGE_LOOP('',(#5410,#5411,#5417,#5418));
#5410 = ORIENTED_EDGE('',*,*,#5397,.F.);
#5411 = ORIENTED_EDGE('',*,*,#5412,.T.);
#5412 = EDGE_CURVE('',#5390,#5342,#5413,.T.);
#5413 = LINE('',#5414,#5415);
#5414 = CARTESIAN_POINT('',(2.82,0.32,6.3));
#5415 = VECTOR('',#5416,1.);
#5416 = DIRECTION('',(-1.,1.224646799147E-16,0.));
#5417 = ORIENTED_EDGE('',*,*,#5349,.T.);
#5418 = ORIENTED_EDGE('',*,*,#4898,.T.);
#5419 = PLANE('',#5420);
#5420 = AXIS2_PLACEMENT_3D('',#5421,#5422,#5423);
#5421 = CARTESIAN_POINT('',(2.82,0.32,6.5));
#5422 = DIRECTION('',(-1.224646799147E-16,-1.,0.));
#5423 = DIRECTION('',(-0.,0.,-1.));
#5424 = ADVANCED_FACE('',(#5425),#5482,.T.);
#5425 = FACE_BOUND('',#5426,.T.);
#5426 = EDGE_LOOP('',(#5427,#5437,#5445,#5453,#5459,#5460,#5468,#5476));
#5427 = ORIENTED_EDGE('',*,*,#5428,.T.);
#5428 = EDGE_CURVE('',#5429,#5431,#5433,.T.);
#5429 = VERTEX_POINT('',#5430);
#5430 = CARTESIAN_POINT('',(-0.32,0.351578947368,-3.2));
#5431 = VERTEX_POINT('',#5432);
#5432 = CARTESIAN_POINT('',(-0.32,-0.288421052632,-3.2));
#5433 = LINE('',#5434,#5435);
#5434 = CARTESIAN_POINT('',(-0.32,0.32,-3.2));
#5435 = VECTOR('',#5436,1.);
#5436 = DIRECTION('',(-1.224646799147E-16,-1.,0.));
#5437 = ORIENTED_EDGE('',*,*,#5438,.T.);
#5438 = EDGE_CURVE('',#5431,#5439,#5441,.T.);
#5439 = VERTEX_POINT('',#5440);
#5440 = CARTESIAN_POINT('',(-0.32,-2.E-02,-1.5));
#5441 = LINE('',#5442,#5443);
#5442 = CARTESIAN_POINT('',(-0.32,-0.32,-3.4));
#5443 = VECTOR('',#5444,1.);
#5444 = DIRECTION('',(1.909990663905E-17,0.155962573473,0.987762965329)
  );
#5445 = ORIENTED_EDGE('',*,*,#5446,.T.);
#5446 = EDGE_CURVE('',#5439,#5447,#5449,.T.);
#5447 = VERTEX_POINT('',#5448);
#5448 = CARTESIAN_POINT('',(-0.32,-0.32,-0.9));
#5449 = LINE('',#5450,#5451);
#5450 = CARTESIAN_POINT('',(-0.32,-2.E-02,-1.5));
#5451 = VECTOR('',#5452,1.);
#5452 = DIRECTION('',(-5.476786982641E-17,-0.4472135955,0.894427191));
#5453 = ORIENTED_EDGE('',*,*,#5454,.T.);
#5454 = EDGE_CURVE('',#5447,#5153,#5455,.T.);
#5455 = LINE('',#5456,#5457);
#5456 = CARTESIAN_POINT('',(-0.32,-0.32,-0.9));
#5457 = VECTOR('',#5458,1.);
#5458 = DIRECTION('',(0.,0.,1.));
#5459 = ORIENTED_EDGE('',*,*,#5150,.F.);
#5460 = ORIENTED_EDGE('',*,*,#5461,.T.);
#5461 = EDGE_CURVE('',#5151,#5462,#5464,.T.);
#5462 = VERTEX_POINT('',#5463);
#5463 = CARTESIAN_POINT('',(-0.32,0.32,-0.9));
#5464 = LINE('',#5465,#5466);
#5465 = CARTESIAN_POINT('',(-0.32,0.32,6.5));
#5466 = VECTOR('',#5467,1.);
#5467 = DIRECTION('',(-0.,0.,-1.));
#5468 = ORIENTED_EDGE('',*,*,#5469,.T.);
#5469 = EDGE_CURVE('',#5462,#5470,#5472,.T.);
#5470 = VERTEX_POINT('',#5471);
#5471 = CARTESIAN_POINT('',(-0.32,0.62,-1.5));
#5472 = LINE('',#5473,#5474);
#5473 = CARTESIAN_POINT('',(-0.32,0.32,-0.9));
#5474 = VECTOR('',#5475,1.);
#5475 = DIRECTION('',(5.476786982641E-17,0.4472135955,-0.894427191));
#5476 = ORIENTED_EDGE('',*,*,#5477,.T.);
#5477 = EDGE_CURVE('',#5470,#5429,#5478,.T.);
#5478 = LINE('',#5479,#5480);
#5479 = CARTESIAN_POINT('',(-0.32,0.62,-1.5));
#5480 = VECTOR('',#5481,1.);
#5481 = DIRECTION('',(-1.909990663905E-17,-0.155962573473,
    -0.987762965329));
#5482 = PLANE('',#5483);
#5483 = AXIS2_PLACEMENT_3D('',#5484,#5485,#5486);
#5484 = CARTESIAN_POINT('',(-0.32,3.65940088399E-02,1.522832428212));
#5485 = DIRECTION('',(-1.,1.224646799147E-16,0.));
#5486 = DIRECTION('',(0.,0.,1.));
#5487 = ADVANCED_FACE('',(#5488),#5506,.F.);
#5488 = FACE_BOUND('',#5489,.F.);
#5489 = EDGE_LOOP('',(#5490,#5498,#5504,#5505));
#5490 = ORIENTED_EDGE('',*,*,#5491,.F.);
#5491 = EDGE_CURVE('',#5492,#5169,#5494,.T.);
#5492 = VERTEX_POINT('',#5493);
#5493 = CARTESIAN_POINT('',(0.32,-0.32,-0.9));
#5494 = LINE('',#5495,#5496);
#5495 = CARTESIAN_POINT('',(0.32,-0.32,-0.9));
#5496 = VECTOR('',#5497,1.);
#5497 = DIRECTION('',(0.,0.,1.));
#5498 = ORIENTED_EDGE('',*,*,#5499,.T.);
#5499 = EDGE_CURVE('',#5492,#5447,#5500,.T.);
#5500 = LINE('',#5501,#5502);
#5501 = CARTESIAN_POINT('',(0.32,-0.32,-0.9));
#5502 = VECTOR('',#5503,1.);
#5503 = DIRECTION('',(-1.,1.224646799147E-16,0.));
#5504 = ORIENTED_EDGE('',*,*,#5454,.T.);
#5505 = ORIENTED_EDGE('',*,*,#5176,.F.);
#5506 = PLANE('',#5507);
#5507 = AXIS2_PLACEMENT_3D('',#5508,#5509,#5510);
#5508 = CARTESIAN_POINT('',(0.32,-0.32,-0.9));
#5509 = DIRECTION('',(1.224646799147E-16,1.,0.));
#5510 = DIRECTION('',(0.,-0.,1.));
#5511 = ADVANCED_FACE('',(#5512),#5562,.F.);
#5512 = FACE_BOUND('',#5513,.F.);
#5513 = EDGE_LOOP('',(#5514,#5524,#5532,#5538,#5539,#5540,#5548,#5556));
#5514 = ORIENTED_EDGE('',*,*,#5515,.T.);
#5515 = EDGE_CURVE('',#5516,#5518,#5520,.T.);
#5516 = VERTEX_POINT('',#5517);
#5517 = CARTESIAN_POINT('',(0.32,0.351578947368,-3.2));
#5518 = VERTEX_POINT('',#5519);
#5519 = CARTESIAN_POINT('',(0.32,-0.288421052632,-3.2));
#5520 = LINE('',#5521,#5522);
#5521 = CARTESIAN_POINT('',(0.32,0.32,-3.2));
#5522 = VECTOR('',#5523,1.);
#5523 = DIRECTION('',(-1.224646799147E-16,-1.,0.));
#5524 = ORIENTED_EDGE('',*,*,#5525,.T.);
#5525 = EDGE_CURVE('',#5518,#5526,#5528,.T.);
#5526 = VERTEX_POINT('',#5527);
#5527 = CARTESIAN_POINT('',(0.32,-2.E-02,-1.5));
#5528 = LINE('',#5529,#5530);
#5529 = CARTESIAN_POINT('',(0.32,-0.32,-3.4));
#5530 = VECTOR('',#5531,1.);
#5531 = DIRECTION('',(1.909990663905E-17,0.155962573473,0.987762965329)
  );
#5532 = ORIENTED_EDGE('',*,*,#5533,.T.);
#5533 = EDGE_CURVE('',#5526,#5492,#5534,.T.);
#5534 = LINE('',#5535,#5536);
#5535 = CARTESIAN_POINT('',(0.32,-2.E-02,-1.5));
#5536 = VECTOR('',#5537,1.);
#5537 = DIRECTION('',(-5.476786982641E-17,-0.4472135955,0.894427191));
#5538 = ORIENTED_EDGE('',*,*,#5491,.T.);
#5539 = ORIENTED_EDGE('',*,*,#5168,.F.);
#5540 = ORIENTED_EDGE('',*,*,#5541,.T.);
#5541 = EDGE_CURVE('',#5161,#5542,#5544,.T.);
#5542 = VERTEX_POINT('',#5543);
#5543 = CARTESIAN_POINT('',(0.32,0.32,-0.9));
#5544 = LINE('',#5545,#5546);
#5545 = CARTESIAN_POINT('',(0.32,0.32,6.5));
#5546 = VECTOR('',#5547,1.);
#5547 = DIRECTION('',(-0.,0.,-1.));
#5548 = ORIENTED_EDGE('',*,*,#5549,.T.);
#5549 = EDGE_CURVE('',#5542,#5550,#5552,.T.);
#5550 = VERTEX_POINT('',#5551);
#5551 = CARTESIAN_POINT('',(0.32,0.62,-1.5));
#5552 = LINE('',#5553,#5554);
#5553 = CARTESIAN_POINT('',(0.32,0.32,-0.9));
#5554 = VECTOR('',#5555,1.);
#5555 = DIRECTION('',(5.476786982641E-17,0.4472135955,-0.894427191));
#5556 = ORIENTED_EDGE('',*,*,#5557,.T.);
#5557 = EDGE_CURVE('',#5550,#5516,#5558,.T.);
#5558 = LINE('',#5559,#5560);
#5559 = CARTESIAN_POINT('',(0.32,0.62,-1.5));
#5560 = VECTOR('',#5561,1.);
#5561 = DIRECTION('',(-1.909990663905E-17,-0.155962573473,
    -0.987762965329));
#5562 = PLANE('',#5563);
#5563 = AXIS2_PLACEMENT_3D('',#5564,#5565,#5566);
#5564 = CARTESIAN_POINT('',(0.32,3.65940088399E-02,1.522832428212));
#5565 = DIRECTION('',(-1.,1.224646799147E-16,0.));
#5566 = DIRECTION('',(0.,0.,1.));
#5567 = ADVANCED_FACE('',(#5568),#5579,.F.);
#5568 = FACE_BOUND('',#5569,.F.);
#5569 = EDGE_LOOP('',(#5570,#5571,#5572,#5573));
#5570 = ORIENTED_EDGE('',*,*,#5541,.F.);
#5571 = ORIENTED_EDGE('',*,*,#5160,.F.);
#5572 = ORIENTED_EDGE('',*,*,#5461,.T.);
#5573 = ORIENTED_EDGE('',*,*,#5574,.F.);
#5574 = EDGE_CURVE('',#5542,#5462,#5575,.T.);
#5575 = LINE('',#5576,#5577);
#5576 = CARTESIAN_POINT('',(0.32,0.32,-0.9));
#5577 = VECTOR('',#5578,1.);
#5578 = DIRECTION('',(-1.,1.224646799147E-16,0.));
#5579 = PLANE('',#5580);
#5580 = AXIS2_PLACEMENT_3D('',#5581,#5582,#5583);
#5581 = CARTESIAN_POINT('',(0.32,0.32,6.5));
#5582 = DIRECTION('',(-1.224646799147E-16,-1.,0.));
#5583 = DIRECTION('',(-0.,0.,-1.));
#5584 = ADVANCED_FACE('',(#5585),#5642,.T.);
#5585 = FACE_BOUND('',#5586,.T.);
#5586 = EDGE_LOOP('',(#5587,#5597,#5605,#5613,#5619,#5620,#5628,#5636));
#5587 = ORIENTED_EDGE('',*,*,#5588,.T.);
#5588 = EDGE_CURVE('',#5589,#5591,#5593,.T.);
#5589 = VERTEX_POINT('',#5590);
#5590 = CARTESIAN_POINT('',(2.18,0.351578947368,-3.2));
#5591 = VERTEX_POINT('',#5592);
#5592 = CARTESIAN_POINT('',(2.18,-0.288421052632,-3.2));
#5593 = LINE('',#5594,#5595);
#5594 = CARTESIAN_POINT('',(2.18,0.32,-3.2));
#5595 = VECTOR('',#5596,1.);
#5596 = DIRECTION('',(-1.224646799147E-16,-1.,0.));
#5597 = ORIENTED_EDGE('',*,*,#5598,.T.);
#5598 = EDGE_CURVE('',#5591,#5599,#5601,.T.);
#5599 = VERTEX_POINT('',#5600);
#5600 = CARTESIAN_POINT('',(2.18,-2.E-02,-1.5));
#5601 = LINE('',#5602,#5603);
#5602 = CARTESIAN_POINT('',(2.18,-0.32,-3.4));
#5603 = VECTOR('',#5604,1.);
#5604 = DIRECTION('',(1.909990663905E-17,0.155962573473,0.987762965329)
  );
#5605 = ORIENTED_EDGE('',*,*,#5606,.T.);
#5606 = EDGE_CURVE('',#5599,#5607,#5609,.T.);
#5607 = VERTEX_POINT('',#5608);
#5608 = CARTESIAN_POINT('',(2.18,-0.32,-0.9));
#5609 = LINE('',#5610,#5611);
#5610 = CARTESIAN_POINT('',(2.18,-2.E-02,-1.5));
#5611 = VECTOR('',#5612,1.);
#5612 = DIRECTION('',(-5.476786982641E-17,-0.4472135955,0.894427191));
#5613 = ORIENTED_EDGE('',*,*,#5614,.T.);
#5614 = EDGE_CURVE('',#5607,#5199,#5615,.T.);
#5615 = LINE('',#5616,#5617);
#5616 = CARTESIAN_POINT('',(2.18,-0.32,-0.9));
#5617 = VECTOR('',#5618,1.);
#5618 = DIRECTION('',(0.,0.,1.));
#5619 = ORIENTED_EDGE('',*,*,#5196,.F.);
#5620 = ORIENTED_EDGE('',*,*,#5621,.T.);
#5621 = EDGE_CURVE('',#5197,#5622,#5624,.T.);
#5622 = VERTEX_POINT('',#5623);
#5623 = CARTESIAN_POINT('',(2.18,0.32,-0.9));
#5624 = LINE('',#5625,#5626);
#5625 = CARTESIAN_POINT('',(2.18,0.32,6.5));
#5626 = VECTOR('',#5627,1.);
#5627 = DIRECTION('',(-0.,0.,-1.));
#5628 = ORIENTED_EDGE('',*,*,#5629,.T.);
#5629 = EDGE_CURVE('',#5622,#5630,#5632,.T.);
#5630 = VERTEX_POINT('',#5631);
#5631 = CARTESIAN_POINT('',(2.18,0.62,-1.5));
#5632 = LINE('',#5633,#5634);
#5633 = CARTESIAN_POINT('',(2.18,0.32,-0.9));
#5634 = VECTOR('',#5635,1.);
#5635 = DIRECTION('',(5.476786982641E-17,0.4472135955,-0.894427191));
#5636 = ORIENTED_EDGE('',*,*,#5637,.T.);
#5637 = EDGE_CURVE('',#5630,#5589,#5638,.T.);
#5638 = LINE('',#5639,#5640);
#5639 = CARTESIAN_POINT('',(2.18,0.62,-1.5));
#5640 = VECTOR('',#5641,1.);
#5641 = DIRECTION('',(-1.909990663905E-17,-0.155962573473,
    -0.987762965329));
#5642 = PLANE('',#5643);
#5643 = AXIS2_PLACEMENT_3D('',#5644,#5645,#5646);
#5644 = CARTESIAN_POINT('',(2.18,3.65940088399E-02,1.522832428212));
#5645 = DIRECTION('',(-1.,1.224646799147E-16,0.));
#5646 = DIRECTION('',(0.,0.,1.));
#5647 = ADVANCED_FACE('',(#5648),#5666,.F.);
#5648 = FACE_BOUND('',#5649,.F.);
#5649 = EDGE_LOOP('',(#5650,#5658,#5664,#5665));
#5650 = ORIENTED_EDGE('',*,*,#5651,.F.);
#5651 = EDGE_CURVE('',#5652,#5215,#5654,.T.);
#5652 = VERTEX_POINT('',#5653);
#5653 = CARTESIAN_POINT('',(2.82,-0.32,-0.9));
#5654 = LINE('',#5655,#5656);
#5655 = CARTESIAN_POINT('',(2.82,-0.32,-0.9));
#5656 = VECTOR('',#5657,1.);
#5657 = DIRECTION('',(0.,0.,1.));
#5658 = ORIENTED_EDGE('',*,*,#5659,.T.);
#5659 = EDGE_CURVE('',#5652,#5607,#5660,.T.);
#5660 = LINE('',#5661,#5662);
#5661 = CARTESIAN_POINT('',(2.82,-0.32,-0.9));
#5662 = VECTOR('',#5663,1.);
#5663 = DIRECTION('',(-1.,1.224646799147E-16,0.));
#5664 = ORIENTED_EDGE('',*,*,#5614,.T.);
#5665 = ORIENTED_EDGE('',*,*,#5222,.F.);
#5666 = PLANE('',#5667);
#5667 = AXIS2_PLACEMENT_3D('',#5668,#5669,#5670);
#5668 = CARTESIAN_POINT('',(2.82,-0.32,-0.9));
#5669 = DIRECTION('',(1.224646799147E-16,1.,0.));
#5670 = DIRECTION('',(0.,-0.,1.));
#5671 = ADVANCED_FACE('',(#5672),#5722,.F.);
#5672 = FACE_BOUND('',#5673,.F.);
#5673 = EDGE_LOOP('',(#5674,#5684,#5692,#5698,#5699,#5700,#5708,#5716));
#5674 = ORIENTED_EDGE('',*,*,#5675,.T.);
#5675 = EDGE_CURVE('',#5676,#5678,#5680,.T.);
#5676 = VERTEX_POINT('',#5677);
#5677 = CARTESIAN_POINT('',(2.82,0.351578947368,-3.2));
#5678 = VERTEX_POINT('',#5679);
#5679 = CARTESIAN_POINT('',(2.82,-0.288421052632,-3.2));
#5680 = LINE('',#5681,#5682);
#5681 = CARTESIAN_POINT('',(2.82,0.32,-3.2));
#5682 = VECTOR('',#5683,1.);
#5683 = DIRECTION('',(-1.224646799147E-16,-1.,0.));
#5684 = ORIENTED_EDGE('',*,*,#5685,.T.);
#5685 = EDGE_CURVE('',#5678,#5686,#5688,.T.);
#5686 = VERTEX_POINT('',#5687);
#5687 = CARTESIAN_POINT('',(2.82,-2.E-02,-1.5));
#5688 = LINE('',#5689,#5690);
#5689 = CARTESIAN_POINT('',(2.82,-0.32,-3.4));
#5690 = VECTOR('',#5691,1.);
#5691 = DIRECTION('',(1.909990663905E-17,0.155962573473,0.987762965329)
  );
#5692 = ORIENTED_EDGE('',*,*,#5693,.T.);
#5693 = EDGE_CURVE('',#5686,#5652,#5694,.T.);
#5694 = LINE('',#5695,#5696);
#5695 = CARTESIAN_POINT('',(2.82,-2.E-02,-1.5));
#5696 = VECTOR('',#5697,1.);
#5697 = DIRECTION('',(-5.476786982641E-17,-0.4472135955,0.894427191));
#5698 = ORIENTED_EDGE('',*,*,#5651,.T.);
#5699 = ORIENTED_EDGE('',*,*,#5214,.F.);
#5700 = ORIENTED_EDGE('',*,*,#5701,.T.);
#5701 = EDGE_CURVE('',#5207,#5702,#5704,.T.);
#5702 = VERTEX_POINT('',#5703);
#5703 = CARTESIAN_POINT('',(2.82,0.32,-0.9));
#5704 = LINE('',#5705,#5706);
#5705 = CARTESIAN_POINT('',(2.82,0.32,6.5));
#5706 = VECTOR('',#5707,1.);
#5707 = DIRECTION('',(-0.,0.,-1.));
#5708 = ORIENTED_EDGE('',*,*,#5709,.T.);
#5709 = EDGE_CURVE('',#5702,#5710,#5712,.T.);
#5710 = VERTEX_POINT('',#5711);
#5711 = CARTESIAN_POINT('',(2.82,0.62,-1.5));
#5712 = LINE('',#5713,#5714);
#5713 = CARTESIAN_POINT('',(2.82,0.32,-0.9));
#5714 = VECTOR('',#5715,1.);
#5715 = DIRECTION('',(5.476786982641E-17,0.4472135955,-0.894427191));
#5716 = ORIENTED_EDGE('',*,*,#5717,.T.);
#5717 = EDGE_CURVE('',#5710,#5676,#5718,.T.);
#5718 = LINE('',#5719,#5720);
#5719 = CARTESIAN_POINT('',(2.82,0.62,-1.5));
#5720 = VECTOR('',#5721,1.);
#5721 = DIRECTION('',(-1.909990663905E-17,-0.155962573473,
    -0.987762965329));
#5722 = PLANE('',#5723);
#5723 = AXIS2_PLACEMENT_3D('',#5724,#5725,#5726);
#5724 = CARTESIAN_POINT('',(2.82,3.65940088399E-02,1.522832428212));
#5725 = DIRECTION('',(-1.,1.224646799147E-16,0.));
#5726 = DIRECTION('',(0.,0.,1.));
#5727 = ADVANCED_FACE('',(#5728),#5739,.F.);
#5728 = FACE_BOUND('',#5729,.F.);
#5729 = EDGE_LOOP('',(#5730,#5731,#5732,#5733));
#5730 = ORIENTED_EDGE('',*,*,#5701,.F.);
#5731 = ORIENTED_EDGE('',*,*,#5206,.F.);
#5732 = ORIENTED_EDGE('',*,*,#5621,.T.);
#5733 = ORIENTED_EDGE('',*,*,#5734,.F.);
#5734 = EDGE_CURVE('',#5702,#5622,#5735,.T.);
#5735 = LINE('',#5736,#5737);
#5736 = CARTESIAN_POINT('',(2.82,0.32,-0.9));
#5737 = VECTOR('',#5738,1.);
#5738 = DIRECTION('',(-1.,1.224646799147E-16,0.));
#5739 = PLANE('',#5740);
#5740 = AXIS2_PLACEMENT_3D('',#5741,#5742,#5743);
#5741 = CARTESIAN_POINT('',(2.82,0.32,6.5));
#5742 = DIRECTION('',(-1.224646799147E-16,-1.,0.));
#5743 = DIRECTION('',(-0.,0.,-1.));
#5744 = ADVANCED_FACE('',(#5745),#5770,.F.);
#5745 = FACE_BOUND('',#5746,.T.);
#5746 = EDGE_LOOP('',(#5747,#5755,#5763,#5769));
#5747 = ORIENTED_EDGE('',*,*,#5748,.F.);
#5748 = EDGE_CURVE('',#5749,#5238,#5751,.T.);
#5749 = VERTEX_POINT('',#5750);
#5750 = CARTESIAN_POINT('',(-0.12,-0.12,6.5));
#5751 = LINE('',#5752,#5753);
#5752 = CARTESIAN_POINT('',(-0.146666666667,-0.146666666667,
    6.473333333333));
#5753 = VECTOR('',#5754,1.);
#5754 = DIRECTION('',(-0.57735026919,-0.57735026919,-0.57735026919));
#5755 = ORIENTED_EDGE('',*,*,#5756,.T.);
#5756 = EDGE_CURVE('',#5749,#5757,#5759,.T.);
#5757 = VERTEX_POINT('',#5758);
#5758 = CARTESIAN_POINT('',(-0.12,0.12,6.5));
#5759 = LINE('',#5760,#5761);
#5760 = CARTESIAN_POINT('',(-0.12,-0.32,6.5));
#5761 = VECTOR('',#5762,1.);
#5762 = DIRECTION('',(1.224646799147E-16,1.,0.));
#5763 = ORIENTED_EDGE('',*,*,#5764,.T.);
#5764 = EDGE_CURVE('',#5757,#5246,#5765,.T.);
#5765 = LINE('',#5766,#5767);
#5766 = CARTESIAN_POINT('',(-4.E-02,4.E-02,6.58));
#5767 = VECTOR('',#5768,1.);
#5768 = DIRECTION('',(-0.57735026919,0.57735026919,-0.57735026919));
#5769 = ORIENTED_EDGE('',*,*,#5245,.F.);
#5770 = PLANE('',#5771);
#5771 = AXIS2_PLACEMENT_3D('',#5772,#5773,#5774);
#5772 = CARTESIAN_POINT('',(-0.22,-0.32,6.4));
#5773 = DIRECTION('',(0.707106781187,-8.486018839685E-17,-0.707106781187
    ));
#5774 = DIRECTION('',(-1.212375546256E-16,-1.,-1.227125289196E-18));
#5775 = ADVANCED_FACE('',(#5776),#5794,.T.);
#5776 = FACE_BOUND('',#5777,.F.);
#5777 = EDGE_LOOP('',(#5778,#5786,#5787,#5788));
#5778 = ORIENTED_EDGE('',*,*,#5779,.T.);
#5779 = EDGE_CURVE('',#5780,#5268,#5782,.T.);
#5780 = VERTEX_POINT('',#5781);
#5781 = CARTESIAN_POINT('',(0.12,-0.12,6.5));
#5782 = LINE('',#5783,#5784);
#5783 = CARTESIAN_POINT('',(0.253333333333,-0.253333333333,
    6.366666666667));
#5784 = VECTOR('',#5785,1.);
#5785 = DIRECTION('',(0.57735026919,-0.57735026919,-0.57735026919));
#5786 = ORIENTED_EDGE('',*,*,#5277,.T.);
#5787 = ORIENTED_EDGE('',*,*,#5748,.F.);
#5788 = ORIENTED_EDGE('',*,*,#5789,.F.);
#5789 = EDGE_CURVE('',#5780,#5749,#5790,.T.);
#5790 = LINE('',#5791,#5792);
#5791 = CARTESIAN_POINT('',(0.32,-0.12,6.5));
#5792 = VECTOR('',#5793,1.);
#5793 = DIRECTION('',(-1.,1.224646799147E-16,0.));
#5794 = PLANE('',#5795);
#5795 = AXIS2_PLACEMENT_3D('',#5796,#5797,#5798);
#5796 = CARTESIAN_POINT('',(0.32,-0.22,6.4));
#5797 = DIRECTION('',(-8.833102285013E-17,-0.707106781187,0.707106781187
    ));
#5798 = DIRECTION('',(1.,-1.236918052038E-16,1.227125289097E-18));
#5799 = ADVANCED_FACE('',(#5800),#5818,.T.);
#5800 = FACE_BOUND('',#5801,.F.);
#5801 = EDGE_LOOP('',(#5802,#5803,#5811,#5817));
#5802 = ORIENTED_EDGE('',*,*,#5779,.F.);
#5803 = ORIENTED_EDGE('',*,*,#5804,.T.);
#5804 = EDGE_CURVE('',#5780,#5805,#5807,.T.);
#5805 = VERTEX_POINT('',#5806);
#5806 = CARTESIAN_POINT('',(0.12,0.12,6.5));
#5807 = LINE('',#5808,#5809);
#5808 = CARTESIAN_POINT('',(0.12,-0.32,6.5));
#5809 = VECTOR('',#5810,1.);
#5810 = DIRECTION('',(1.224646799147E-16,1.,0.));
#5811 = ORIENTED_EDGE('',*,*,#5812,.T.);
#5812 = EDGE_CURVE('',#5805,#5294,#5813,.T.);
#5813 = LINE('',#5814,#5815);
#5814 = CARTESIAN_POINT('',(0.146666666667,0.146666666667,6.473333333333
    ));
#5815 = VECTOR('',#5816,1.);
#5816 = DIRECTION('',(0.57735026919,0.57735026919,-0.57735026919));
#5817 = ORIENTED_EDGE('',*,*,#5293,.F.);
#5818 = PLANE('',#5819);
#5819 = AXIS2_PLACEMENT_3D('',#5820,#5821,#5822);
#5820 = CARTESIAN_POINT('',(0.22,-0.32,6.4));
#5821 = DIRECTION('',(0.707106781187,-8.833102285013E-17,0.707106781187)
  );
#5822 = DIRECTION('',(-1.236918052038E-16,-1.,-1.227125289097E-18));
#5823 = ADVANCED_FACE('',(#5824),#5835,.T.);
#5824 = FACE_BOUND('',#5825,.F.);
#5825 = EDGE_LOOP('',(#5826,#5827,#5833,#5834));
#5826 = ORIENTED_EDGE('',*,*,#5812,.F.);
#5827 = ORIENTED_EDGE('',*,*,#5828,.T.);
#5828 = EDGE_CURVE('',#5805,#5757,#5829,.T.);
#5829 = LINE('',#5830,#5831);
#5830 = CARTESIAN_POINT('',(0.32,0.12,6.5));
#5831 = VECTOR('',#5832,1.);
#5832 = DIRECTION('',(-1.,1.224646799147E-16,0.));
#5833 = ORIENTED_EDGE('',*,*,#5764,.T.);
#5834 = ORIENTED_EDGE('',*,*,#5316,.F.);
#5835 = PLANE('',#5836);
#5836 = AXIS2_PLACEMENT_3D('',#5837,#5838,#5839);
#5837 = CARTESIAN_POINT('',(0.32,0.22,6.4));
#5838 = DIRECTION('',(8.833102285013E-17,0.707106781187,0.707106781187)
  );
#5839 = DIRECTION('',(1.,-1.236918052038E-16,-1.227125289097E-18));
#5840 = ADVANCED_FACE('',(#5841),#5866,.F.);
#5841 = FACE_BOUND('',#5842,.T.);
#5842 = EDGE_LOOP('',(#5843,#5851,#5859,#5865));
#5843 = ORIENTED_EDGE('',*,*,#5844,.F.);
#5844 = EDGE_CURVE('',#5845,#5334,#5847,.T.);
#5845 = VERTEX_POINT('',#5846);
#5846 = CARTESIAN_POINT('',(2.38,-0.12,6.5));
#5847 = LINE('',#5848,#5849);
#5848 = CARTESIAN_POINT('',(2.353333333333,-0.146666666667,
    6.473333333333));
#5849 = VECTOR('',#5850,1.);
#5850 = DIRECTION('',(-0.57735026919,-0.57735026919,-0.57735026919));
#5851 = ORIENTED_EDGE('',*,*,#5852,.T.);
#5852 = EDGE_CURVE('',#5845,#5853,#5855,.T.);
#5853 = VERTEX_POINT('',#5854);
#5854 = CARTESIAN_POINT('',(2.38,0.12,6.5));
#5855 = LINE('',#5856,#5857);
#5856 = CARTESIAN_POINT('',(2.38,-0.32,6.5));
#5857 = VECTOR('',#5858,1.);
#5858 = DIRECTION('',(1.224646799147E-16,1.,0.));
#5859 = ORIENTED_EDGE('',*,*,#5860,.T.);
#5860 = EDGE_CURVE('',#5853,#5342,#5861,.T.);
#5861 = LINE('',#5862,#5863);
#5862 = CARTESIAN_POINT('',(2.46,4.E-02,6.58));
#5863 = VECTOR('',#5864,1.);
#5864 = DIRECTION('',(-0.57735026919,0.57735026919,-0.57735026919));
#5865 = ORIENTED_EDGE('',*,*,#5341,.F.);
#5866 = PLANE('',#5867);
#5867 = AXIS2_PLACEMENT_3D('',#5868,#5869,#5870);
#5868 = CARTESIAN_POINT('',(2.28,-0.32,6.4));
#5869 = DIRECTION('',(0.707106781187,-8.486018839685E-17,-0.707106781187
    ));
#5870 = DIRECTION('',(-1.212375546256E-16,-1.,-1.227125289196E-18));
#5871 = ADVANCED_FACE('',(#5872),#5890,.T.);
#5872 = FACE_BOUND('',#5873,.F.);
#5873 = EDGE_LOOP('',(#5874,#5882,#5883,#5884));
#5874 = ORIENTED_EDGE('',*,*,#5875,.T.);
#5875 = EDGE_CURVE('',#5876,#5364,#5878,.T.);
#5876 = VERTEX_POINT('',#5877);
#5877 = CARTESIAN_POINT('',(2.62,-0.12,6.5));
#5878 = LINE('',#5879,#5880);
#5879 = CARTESIAN_POINT('',(2.753333333333,-0.253333333333,
    6.366666666667));
#5880 = VECTOR('',#5881,1.);
#5881 = DIRECTION('',(0.57735026919,-0.57735026919,-0.57735026919));
#5882 = ORIENTED_EDGE('',*,*,#5373,.T.);
#5883 = ORIENTED_EDGE('',*,*,#5844,.F.);
#5884 = ORIENTED_EDGE('',*,*,#5885,.F.);
#5885 = EDGE_CURVE('',#5876,#5845,#5886,.T.);
#5886 = LINE('',#5887,#5888);
#5887 = CARTESIAN_POINT('',(2.82,-0.12,6.5));
#5888 = VECTOR('',#5889,1.);
#5889 = DIRECTION('',(-1.,1.224646799147E-16,0.));
#5890 = PLANE('',#5891);
#5891 = AXIS2_PLACEMENT_3D('',#5892,#5893,#5894);
#5892 = CARTESIAN_POINT('',(2.82,-0.22,6.4));
#5893 = DIRECTION('',(-8.833102285013E-17,-0.707106781187,0.707106781187
    ));
#5894 = DIRECTION('',(1.,-1.236918052038E-16,1.227125289097E-18));
#5895 = ADVANCED_FACE('',(#5896),#5914,.T.);
#5896 = FACE_BOUND('',#5897,.F.);
#5897 = EDGE_LOOP('',(#5898,#5899,#5907,#5913));
#5898 = ORIENTED_EDGE('',*,*,#5875,.F.);
#5899 = ORIENTED_EDGE('',*,*,#5900,.T.);
#5900 = EDGE_CURVE('',#5876,#5901,#5903,.T.);
#5901 = VERTEX_POINT('',#5902);
#5902 = CARTESIAN_POINT('',(2.62,0.12,6.5));
#5903 = LINE('',#5904,#5905);
#5904 = CARTESIAN_POINT('',(2.62,-0.32,6.5));
#5905 = VECTOR('',#5906,1.);
#5906 = DIRECTION('',(1.224646799147E-16,1.,0.));
#5907 = ORIENTED_EDGE('',*,*,#5908,.T.);
#5908 = EDGE_CURVE('',#5901,#5390,#5909,.T.);
#5909 = LINE('',#5910,#5911);
#5910 = CARTESIAN_POINT('',(2.646666666667,0.146666666667,6.473333333333
    ));
#5911 = VECTOR('',#5912,1.);
#5912 = DIRECTION('',(0.57735026919,0.57735026919,-0.57735026919));
#5913 = ORIENTED_EDGE('',*,*,#5389,.F.);
#5914 = PLANE('',#5915);
#5915 = AXIS2_PLACEMENT_3D('',#5916,#5917,#5918);
#5916 = CARTESIAN_POINT('',(2.72,-0.32,6.4));
#5917 = DIRECTION('',(0.707106781187,-8.833102285013E-17,0.707106781187)
  );
#5918 = DIRECTION('',(-1.236918052038E-16,-1.,-1.227125289097E-18));
#5919 = ADVANCED_FACE('',(#5920),#5931,.T.);
#5920 = FACE_BOUND('',#5921,.F.);
#5921 = EDGE_LOOP('',(#5922,#5923,#5929,#5930));
#5922 = ORIENTED_EDGE('',*,*,#5908,.F.);
#5923 = ORIENTED_EDGE('',*,*,#5924,.T.);
#5924 = EDGE_CURVE('',#5901,#5853,#5925,.T.);
#5925 = LINE('',#5926,#5927);
#5926 = CARTESIAN_POINT('',(2.82,0.12,6.5));
#5927 = VECTOR('',#5928,1.);
#5928 = DIRECTION('',(-1.,1.224646799147E-16,0.));
#5929 = ORIENTED_EDGE('',*,*,#5860,.T.);
#5930 = ORIENTED_EDGE('',*,*,#5412,.F.);
#5931 = PLANE('',#5932);
#5932 = AXIS2_PLACEMENT_3D('',#5933,#5934,#5935);
#5933 = CARTESIAN_POINT('',(2.82,0.22,6.4));
#5934 = DIRECTION('',(8.833102285013E-17,0.707106781187,0.707106781187)
  );
#5935 = DIRECTION('',(1.,-1.236918052038E-16,-1.227125289097E-18));
#5936 = ADVANCED_FACE('',(#5937),#5978,.F.);
#5937 = FACE_BOUND('',#5938,.T.);
#5938 = EDGE_LOOP('',(#5939,#5949,#5955,#5956,#5964,#5972));
#5939 = ORIENTED_EDGE('',*,*,#5940,.T.);
#5940 = EDGE_CURVE('',#5941,#5943,#5945,.T.);
#5941 = VERTEX_POINT('',#5942);
#5942 = CARTESIAN_POINT('',(-0.12,-0.12,-3.4));
#5943 = VERTEX_POINT('',#5944);
#5944 = CARTESIAN_POINT('',(-0.317552593066,-0.288807485305,
    -3.202447406934));
#5945 = LINE('',#5946,#5947);
#5946 = CARTESIAN_POINT('',(-3.848855660758E-02,-5.034896900541E-02,
    -3.481511443392));
#5947 = VECTOR('',#5948,1.);
#5948 = DIRECTION('',(-0.605209817607,-0.517148096144,0.605209817607));
#5949 = ORIENTED_EDGE('',*,*,#5950,.T.);
#5950 = EDGE_CURVE('',#5943,#5431,#5951,.T.);
#5951 = LINE('',#5952,#5953);
#5952 = CARTESIAN_POINT('',(-8.569083447332E-02,-0.325417236662,
    -3.434309165527));
#5953 = VECTOR('',#5954,1.);
#5954 = DIRECTION('',(-0.702740385383,0.110959008218,0.702740385383));
#5955 = ORIENTED_EDGE('',*,*,#5428,.F.);
#5956 = ORIENTED_EDGE('',*,*,#5957,.F.);
#5957 = EDGE_CURVE('',#5958,#5429,#5960,.T.);
#5958 = VERTEX_POINT('',#5959);
#5959 = CARTESIAN_POINT('',(-0.317552593066,0.351192514695,
    -3.202447406934));
#5960 = LINE('',#5961,#5962);
#5961 = CARTESIAN_POINT('',(-0.541586867305,0.386566347469,
    -2.978413132695));
#5962 = VECTOR('',#5963,1.);
#5963 = DIRECTION('',(-0.702740385383,0.110959008218,0.702740385383));
#5964 = ORIENTED_EDGE('',*,*,#5965,.F.);
#5965 = EDGE_CURVE('',#5966,#5958,#5968,.T.);
#5966 = VERTEX_POINT('',#5967);
#5967 = CARTESIAN_POINT('',(-0.12,0.12,-3.4));
#5968 = LINE('',#5969,#5970);
#5969 = CARTESIAN_POINT('',(-0.153849098111,0.159613036666,
    -3.366150901889));
#5970 = VECTOR('',#5971,1.);
#5971 = DIRECTION('',(-0.544770019249,0.63753529491,0.544770019249));
#5972 = ORIENTED_EDGE('',*,*,#5973,.T.);
#5973 = EDGE_CURVE('',#5966,#5941,#5974,.T.);
#5974 = LINE('',#5975,#5976);
#5975 = CARTESIAN_POINT('',(-0.12,0.32,-3.4));
#5976 = VECTOR('',#5977,1.);
#5977 = DIRECTION('',(-1.224646799147E-16,-1.,0.));
#5978 = PLANE('',#5979);
#5979 = AXIS2_PLACEMENT_3D('',#5980,#5981,#5982);
#5980 = CARTESIAN_POINT('',(-0.22,0.32,-3.3));
#5981 = DIRECTION('',(0.707106781187,-8.833102285013E-17,0.707106781187)
  );
#5982 = DIRECTION('',(1.236918052038E-16,1.,1.227125289097E-18));
#5983 = ADVANCED_FACE('',(#5984),#6009,.F.);
#5984 = FACE_BOUND('',#5985,.F.);
#5985 = EDGE_LOOP('',(#5986,#5987,#5993,#5994,#5995,#6003));
#5986 = ORIENTED_EDGE('',*,*,#5557,.F.);
#5987 = ORIENTED_EDGE('',*,*,#5988,.T.);
#5988 = EDGE_CURVE('',#5550,#5470,#5989,.T.);
#5989 = LINE('',#5990,#5991);
#5990 = CARTESIAN_POINT('',(0.32,0.62,-1.5));
#5991 = VECTOR('',#5992,1.);
#5992 = DIRECTION('',(-1.,1.224646799147E-16,0.));
#5993 = ORIENTED_EDGE('',*,*,#5477,.T.);
#5994 = ORIENTED_EDGE('',*,*,#5957,.F.);
#5995 = ORIENTED_EDGE('',*,*,#5996,.F.);
#5996 = EDGE_CURVE('',#5997,#5958,#5999,.T.);
#5997 = VERTEX_POINT('',#5998);
#5998 = CARTESIAN_POINT('',(0.317552593066,0.351192514695,
    -3.202447406934));
#5999 = LINE('',#6000,#6001);
#6000 = CARTESIAN_POINT('',(0.32,0.351192514695,-3.202447406934));
#6001 = VECTOR('',#6002,1.);
#6002 = DIRECTION('',(-1.,1.224646799147E-16,0.));
#6003 = ORIENTED_EDGE('',*,*,#6004,.T.);
#6004 = EDGE_CURVE('',#5997,#5516,#6005,.T.);
#6005 = LINE('',#6006,#6007);
#6006 = CARTESIAN_POINT('',(0.699616963064,0.411518467852,
    -2.820383036936));
#6007 = VECTOR('',#6008,1.);
#6008 = DIRECTION('',(0.702740385383,0.110959008218,0.702740385383));
#6009 = PLANE('',#6010);
#6010 = AXIS2_PLACEMENT_3D('',#6011,#6012,#6013);
#6011 = CARTESIAN_POINT('',(0.32,0.62,-1.5));
#6012 = DIRECTION('',(-1.209660753807E-16,-0.987762965329,0.155962573473
    ));
#6013 = DIRECTION('',(-1.909990663905E-17,-0.155962573473,
    -0.987762965329));
#6014 = ADVANCED_FACE('',(#6015),#6021,.F.);
#6015 = FACE_BOUND('',#6016,.F.);
#6016 = EDGE_LOOP('',(#6017,#6018,#6019,#6020));
#6017 = ORIENTED_EDGE('',*,*,#5574,.T.);
#6018 = ORIENTED_EDGE('',*,*,#5469,.T.);
#6019 = ORIENTED_EDGE('',*,*,#5988,.F.);
#6020 = ORIENTED_EDGE('',*,*,#5549,.F.);
#6021 = PLANE('',#6022);
#6022 = AXIS2_PLACEMENT_3D('',#6023,#6024,#6025);
#6023 = CARTESIAN_POINT('',(0.32,0.32,-0.9));
#6024 = DIRECTION('',(-1.095357396528E-16,-0.894427191,-0.4472135955));
#6025 = DIRECTION('',(5.476786982641E-17,0.4472135955,-0.894427191));
#6026 = ADVANCED_FACE('',(#6027),#6038,.F.);
#6027 = FACE_BOUND('',#6028,.F.);
#6028 = EDGE_LOOP('',(#6029,#6035,#6036,#6037));
#6029 = ORIENTED_EDGE('',*,*,#6030,.T.);
#6030 = EDGE_CURVE('',#5526,#5439,#6031,.T.);
#6031 = LINE('',#6032,#6033);
#6032 = CARTESIAN_POINT('',(0.32,-2.E-02,-1.5));
#6033 = VECTOR('',#6034,1.);
#6034 = DIRECTION('',(-1.,1.224646799147E-16,0.));
#6035 = ORIENTED_EDGE('',*,*,#5446,.T.);
#6036 = ORIENTED_EDGE('',*,*,#5499,.F.);
#6037 = ORIENTED_EDGE('',*,*,#5533,.F.);
#6038 = PLANE('',#6039);
#6039 = AXIS2_PLACEMENT_3D('',#6040,#6041,#6042);
#6040 = CARTESIAN_POINT('',(0.32,-2.E-02,-1.5));
#6041 = DIRECTION('',(1.095357396528E-16,0.894427191,0.4472135955));
#6042 = DIRECTION('',(-5.476786982641E-17,-0.4472135955,0.894427191));
#6043 = ADVANCED_FACE('',(#6044),#6064,.F.);
#6044 = FACE_BOUND('',#6045,.F.);
#6045 = EDGE_LOOP('',(#6046,#6047,#6055,#6061,#6062,#6063));
#6046 = ORIENTED_EDGE('',*,*,#5525,.F.);
#6047 = ORIENTED_EDGE('',*,*,#6048,.F.);
#6048 = EDGE_CURVE('',#6049,#5518,#6051,.T.);
#6049 = VERTEX_POINT('',#6050);
#6050 = CARTESIAN_POINT('',(0.317552593066,-0.288807485305,
    -3.202447406934));
#6051 = LINE('',#6052,#6053);
#6052 = CARTESIAN_POINT('',(0.243720930233,-0.300465116279,
    -3.276279069767));
#6053 = VECTOR('',#6054,1.);
#6054 = DIRECTION('',(0.702740385383,0.110959008218,0.702740385383));
#6055 = ORIENTED_EDGE('',*,*,#6056,.T.);
#6056 = EDGE_CURVE('',#6049,#5943,#6057,.T.);
#6057 = LINE('',#6058,#6059);
#6058 = CARTESIAN_POINT('',(0.32,-0.288807485305,-3.202447406934));
#6059 = VECTOR('',#6060,1.);
#6060 = DIRECTION('',(-1.,1.224646799147E-16,0.));
#6061 = ORIENTED_EDGE('',*,*,#5950,.T.);
#6062 = ORIENTED_EDGE('',*,*,#5438,.T.);
#6063 = ORIENTED_EDGE('',*,*,#6030,.F.);
#6064 = PLANE('',#6065);
#6065 = AXIS2_PLACEMENT_3D('',#6066,#6067,#6068);
#6066 = CARTESIAN_POINT('',(0.32,-0.32,-3.4));
#6067 = DIRECTION('',(1.209660753807E-16,0.987762965329,-0.155962573473)
  );
#6068 = DIRECTION('',(1.909990663905E-17,0.155962573473,0.987762965329)
  );
#6069 = ADVANCED_FACE('',(#6070),#6097,.T.);
#6070 = FACE_BOUND('',#6071,.F.);
#6071 = EDGE_LOOP('',(#6072,#6080,#6081,#6082,#6083,#6091));
#6072 = ORIENTED_EDGE('',*,*,#6073,.T.);
#6073 = EDGE_CURVE('',#6074,#6049,#6076,.T.);
#6074 = VERTEX_POINT('',#6075);
#6075 = CARTESIAN_POINT('',(0.12,-0.12,-3.4));
#6076 = LINE('',#6077,#6078);
#6077 = CARTESIAN_POINT('',(0.155697812072,-0.150503562587,
    -3.364302187928));
#6078 = VECTOR('',#6079,1.);
#6079 = DIRECTION('',(0.605209817607,-0.517148096144,0.605209817607));
#6080 = ORIENTED_EDGE('',*,*,#6048,.T.);
#6081 = ORIENTED_EDGE('',*,*,#5515,.F.);
#6082 = ORIENTED_EDGE('',*,*,#6004,.F.);
#6083 = ORIENTED_EDGE('',*,*,#6084,.F.);
#6084 = EDGE_CURVE('',#6085,#5997,#6087,.T.);
#6085 = VERTEX_POINT('',#6086);
#6086 = CARTESIAN_POINT('',(0.12,0.12,-3.4));
#6087 = LINE('',#6088,#6089);
#6088 = CARTESIAN_POINT('',(0.24881689775,0.270752273427,-3.27118310225)
  );
#6089 = VECTOR('',#6090,1.);
#6090 = DIRECTION('',(0.544770019249,0.63753529491,0.544770019249));
#6091 = ORIENTED_EDGE('',*,*,#6092,.T.);
#6092 = EDGE_CURVE('',#6085,#6074,#6093,.T.);
#6093 = LINE('',#6094,#6095);
#6094 = CARTESIAN_POINT('',(0.12,0.32,-3.4));
#6095 = VECTOR('',#6096,1.);
#6096 = DIRECTION('',(-1.224646799147E-16,-1.,0.));
#6097 = PLANE('',#6098);
#6098 = AXIS2_PLACEMENT_3D('',#6099,#6100,#6101);
#6099 = CARTESIAN_POINT('',(0.22,0.32,-3.3));
#6100 = DIRECTION('',(0.707106781187,-8.486018839685E-17,-0.707106781187
    ));
#6101 = DIRECTION('',(1.212375546256E-16,1.,1.227125289196E-18));
#6102 = ADVANCED_FACE('',(#6103),#6144,.F.);
#6103 = FACE_BOUND('',#6104,.T.);
#6104 = EDGE_LOOP('',(#6105,#6115,#6121,#6122,#6130,#6138));
#6105 = ORIENTED_EDGE('',*,*,#6106,.T.);
#6106 = EDGE_CURVE('',#6107,#6109,#6111,.T.);
#6107 = VERTEX_POINT('',#6108);
#6108 = CARTESIAN_POINT('',(2.38,-0.12,-3.4));
#6109 = VERTEX_POINT('',#6110);
#6110 = CARTESIAN_POINT('',(2.182447406934,-0.288807485305,
    -3.202447406934));
#6111 = LINE('',#6112,#6113);
#6112 = CARTESIAN_POINT('',(2.461511443392,-5.034896900541E-02,
    -3.481511443392));
#6113 = VECTOR('',#6114,1.);
#6114 = DIRECTION('',(-0.605209817607,-0.517148096144,0.605209817607));
#6115 = ORIENTED_EDGE('',*,*,#6116,.T.);
#6116 = EDGE_CURVE('',#6109,#5591,#6117,.T.);
#6117 = LINE('',#6118,#6119);
#6118 = CARTESIAN_POINT('',(2.414309165527,-0.325417236662,
    -3.434309165527));
#6119 = VECTOR('',#6120,1.);
#6120 = DIRECTION('',(-0.702740385383,0.110959008218,0.702740385383));
#6121 = ORIENTED_EDGE('',*,*,#5588,.F.);
#6122 = ORIENTED_EDGE('',*,*,#6123,.F.);
#6123 = EDGE_CURVE('',#6124,#5589,#6126,.T.);
#6124 = VERTEX_POINT('',#6125);
#6125 = CARTESIAN_POINT('',(2.182447406934,0.351192514695,
    -3.202447406934));
#6126 = LINE('',#6127,#6128);
#6127 = CARTESIAN_POINT('',(1.958413132695,0.386566347469,
    -2.978413132695));
#6128 = VECTOR('',#6129,1.);
#6129 = DIRECTION('',(-0.702740385383,0.110959008218,0.702740385383));
#6130 = ORIENTED_EDGE('',*,*,#6131,.F.);
#6131 = EDGE_CURVE('',#6132,#6124,#6134,.T.);
#6132 = VERTEX_POINT('',#6133);
#6133 = CARTESIAN_POINT('',(2.38,0.12,-3.4));
#6134 = LINE('',#6135,#6136);
#6135 = CARTESIAN_POINT('',(2.346150901889,0.159613036666,
    -3.366150901889));
#6136 = VECTOR('',#6137,1.);
#6137 = DIRECTION('',(-0.544770019249,0.63753529491,0.544770019249));
#6138 = ORIENTED_EDGE('',*,*,#6139,.T.);
#6139 = EDGE_CURVE('',#6132,#6107,#6140,.T.);
#6140 = LINE('',#6141,#6142);
#6141 = CARTESIAN_POINT('',(2.38,0.32,-3.4));
#6142 = VECTOR('',#6143,1.);
#6143 = DIRECTION('',(-1.224646799147E-16,-1.,0.));
#6144 = PLANE('',#6145);
#6145 = AXIS2_PLACEMENT_3D('',#6146,#6147,#6148);
#6146 = CARTESIAN_POINT('',(2.28,0.32,-3.3));
#6147 = DIRECTION('',(0.707106781187,-8.833102285013E-17,0.707106781187)
  );
#6148 = DIRECTION('',(1.236918052038E-16,1.,1.227125289097E-18));
#6149 = ADVANCED_FACE('',(#6150),#6175,.F.);
#6150 = FACE_BOUND('',#6151,.F.);
#6151 = EDGE_LOOP('',(#6152,#6153,#6159,#6160,#6161,#6169));
#6152 = ORIENTED_EDGE('',*,*,#5717,.F.);
#6153 = ORIENTED_EDGE('',*,*,#6154,.T.);
#6154 = EDGE_CURVE('',#5710,#5630,#6155,.T.);
#6155 = LINE('',#6156,#6157);
#6156 = CARTESIAN_POINT('',(2.82,0.62,-1.5));
#6157 = VECTOR('',#6158,1.);
#6158 = DIRECTION('',(-1.,1.224646799147E-16,0.));
#6159 = ORIENTED_EDGE('',*,*,#5637,.T.);
#6160 = ORIENTED_EDGE('',*,*,#6123,.F.);
#6161 = ORIENTED_EDGE('',*,*,#6162,.F.);
#6162 = EDGE_CURVE('',#6163,#6124,#6165,.T.);
#6163 = VERTEX_POINT('',#6164);
#6164 = CARTESIAN_POINT('',(2.817552593066,0.351192514695,
    -3.202447406934));
#6165 = LINE('',#6166,#6167);
#6166 = CARTESIAN_POINT('',(2.82,0.351192514695,-3.202447406934));
#6167 = VECTOR('',#6168,1.);
#6168 = DIRECTION('',(-1.,1.224646799147E-16,0.));
#6169 = ORIENTED_EDGE('',*,*,#6170,.T.);
#6170 = EDGE_CURVE('',#6163,#5676,#6171,.T.);
#6171 = LINE('',#6172,#6173);
#6172 = CARTESIAN_POINT('',(3.199616963064,0.411518467852,
    -2.820383036936));
#6173 = VECTOR('',#6174,1.);
#6174 = DIRECTION('',(0.702740385383,0.110959008218,0.702740385383));
#6175 = PLANE('',#6176);
#6176 = AXIS2_PLACEMENT_3D('',#6177,#6178,#6179);
#6177 = CARTESIAN_POINT('',(2.82,0.62,-1.5));
#6178 = DIRECTION('',(-1.209660753807E-16,-0.987762965329,0.155962573473
    ));
#6179 = DIRECTION('',(-1.909990663905E-17,-0.155962573473,
    -0.987762965329));
#6180 = ADVANCED_FACE('',(#6181),#6187,.F.);
#6181 = FACE_BOUND('',#6182,.F.);
#6182 = EDGE_LOOP('',(#6183,#6184,#6185,#6186));
#6183 = ORIENTED_EDGE('',*,*,#5734,.T.);
#6184 = ORIENTED_EDGE('',*,*,#5629,.T.);
#6185 = ORIENTED_EDGE('',*,*,#6154,.F.);
#6186 = ORIENTED_EDGE('',*,*,#5709,.F.);
#6187 = PLANE('',#6188);
#6188 = AXIS2_PLACEMENT_3D('',#6189,#6190,#6191);
#6189 = CARTESIAN_POINT('',(2.82,0.32,-0.9));
#6190 = DIRECTION('',(-1.095357396528E-16,-0.894427191,-0.4472135955));
#6191 = DIRECTION('',(5.476786982641E-17,0.4472135955,-0.894427191));
#6192 = ADVANCED_FACE('',(#6193),#6204,.F.);
#6193 = FACE_BOUND('',#6194,.F.);
#6194 = EDGE_LOOP('',(#6195,#6201,#6202,#6203));
#6195 = ORIENTED_EDGE('',*,*,#6196,.T.);
#6196 = EDGE_CURVE('',#5686,#5599,#6197,.T.);
#6197 = LINE('',#6198,#6199);
#6198 = CARTESIAN_POINT('',(2.82,-2.E-02,-1.5));
#6199 = VECTOR('',#6200,1.);
#6200 = DIRECTION('',(-1.,1.224646799147E-16,0.));
#6201 = ORIENTED_EDGE('',*,*,#5606,.T.);
#6202 = ORIENTED_EDGE('',*,*,#5659,.F.);
#6203 = ORIENTED_EDGE('',*,*,#5693,.F.);
#6204 = PLANE('',#6205);
#6205 = AXIS2_PLACEMENT_3D('',#6206,#6207,#6208);
#6206 = CARTESIAN_POINT('',(2.82,-2.E-02,-1.5));
#6207 = DIRECTION('',(1.095357396528E-16,0.894427191,0.4472135955));
#6208 = DIRECTION('',(-5.476786982641E-17,-0.4472135955,0.894427191));
#6209 = ADVANCED_FACE('',(#6210),#6230,.F.);
#6210 = FACE_BOUND('',#6211,.F.);
#6211 = EDGE_LOOP('',(#6212,#6213,#6221,#6227,#6228,#6229));
#6212 = ORIENTED_EDGE('',*,*,#5685,.F.);
#6213 = ORIENTED_EDGE('',*,*,#6214,.F.);
#6214 = EDGE_CURVE('',#6215,#5678,#6217,.T.);
#6215 = VERTEX_POINT('',#6216);
#6216 = CARTESIAN_POINT('',(2.817552593066,-0.288807485305,
    -3.202447406934));
#6217 = LINE('',#6218,#6219);
#6218 = CARTESIAN_POINT('',(2.743720930233,-0.300465116279,
    -3.276279069767));
#6219 = VECTOR('',#6220,1.);
#6220 = DIRECTION('',(0.702740385383,0.110959008218,0.702740385383));
#6221 = ORIENTED_EDGE('',*,*,#6222,.T.);
#6222 = EDGE_CURVE('',#6215,#6109,#6223,.T.);
#6223 = LINE('',#6224,#6225);
#6224 = CARTESIAN_POINT('',(2.82,-0.288807485305,-3.202447406934));
#6225 = VECTOR('',#6226,1.);
#6226 = DIRECTION('',(-1.,1.224646799147E-16,0.));
#6227 = ORIENTED_EDGE('',*,*,#6116,.T.);
#6228 = ORIENTED_EDGE('',*,*,#5598,.T.);
#6229 = ORIENTED_EDGE('',*,*,#6196,.F.);
#6230 = PLANE('',#6231);
#6231 = AXIS2_PLACEMENT_3D('',#6232,#6233,#6234);
#6232 = CARTESIAN_POINT('',(2.82,-0.32,-3.4));
#6233 = DIRECTION('',(1.209660753807E-16,0.987762965329,-0.155962573473)
  );
#6234 = DIRECTION('',(1.909990663905E-17,0.155962573473,0.987762965329)
  );
#6235 = ADVANCED_FACE('',(#6236),#6263,.T.);
#6236 = FACE_BOUND('',#6237,.F.);
#6237 = EDGE_LOOP('',(#6238,#6246,#6247,#6248,#6249,#6257));
#6238 = ORIENTED_EDGE('',*,*,#6239,.T.);
#6239 = EDGE_CURVE('',#6240,#6215,#6242,.T.);
#6240 = VERTEX_POINT('',#6241);
#6241 = CARTESIAN_POINT('',(2.62,-0.12,-3.4));
#6242 = LINE('',#6243,#6244);
#6243 = CARTESIAN_POINT('',(2.655697812072,-0.150503562587,
    -3.364302187928));
#6244 = VECTOR('',#6245,1.);
#6245 = DIRECTION('',(0.605209817607,-0.517148096144,0.605209817607));
#6246 = ORIENTED_EDGE('',*,*,#6214,.T.);
#6247 = ORIENTED_EDGE('',*,*,#5675,.F.);
#6248 = ORIENTED_EDGE('',*,*,#6170,.F.);
#6249 = ORIENTED_EDGE('',*,*,#6250,.F.);
#6250 = EDGE_CURVE('',#6251,#6163,#6253,.T.);
#6251 = VERTEX_POINT('',#6252);
#6252 = CARTESIAN_POINT('',(2.62,0.12,-3.4));
#6253 = LINE('',#6254,#6255);
#6254 = CARTESIAN_POINT('',(2.74881689775,0.270752273427,-3.27118310225)
  );
#6255 = VECTOR('',#6256,1.);
#6256 = DIRECTION('',(0.544770019249,0.63753529491,0.544770019249));
#6257 = ORIENTED_EDGE('',*,*,#6258,.T.);
#6258 = EDGE_CURVE('',#6251,#6240,#6259,.T.);
#6259 = LINE('',#6260,#6261);
#6260 = CARTESIAN_POINT('',(2.62,0.32,-3.4));
#6261 = VECTOR('',#6262,1.);
#6262 = DIRECTION('',(-1.224646799147E-16,-1.,0.));
#6263 = PLANE('',#6264);
#6264 = AXIS2_PLACEMENT_3D('',#6265,#6266,#6267);
#6265 = CARTESIAN_POINT('',(2.72,0.32,-3.3));
#6266 = DIRECTION('',(0.707106781187,-8.486018839685E-17,-0.707106781187
    ));
#6267 = DIRECTION('',(1.212375546256E-16,1.,1.227125289196E-18));
#6268 = ADVANCED_FACE('',(#6269),#6275,.F.);
#6269 = FACE_BOUND('',#6270,.F.);
#6270 = EDGE_LOOP('',(#6271,#6272,#6273,#6274));
#6271 = ORIENTED_EDGE('',*,*,#5756,.T.);
#6272 = ORIENTED_EDGE('',*,*,#5828,.F.);
#6273 = ORIENTED_EDGE('',*,*,#5804,.F.);
#6274 = ORIENTED_EDGE('',*,*,#5789,.T.);
#6275 = PLANE('',#6276);
#6276 = AXIS2_PLACEMENT_3D('',#6277,#6278,#6279);
#6277 = CARTESIAN_POINT('',(0.32,-0.32,6.5));
#6278 = DIRECTION('',(-0.,0.,-1.));
#6279 = DIRECTION('',(1.224646799147E-16,1.,0.));
#6280 = ADVANCED_FACE('',(#6281),#6287,.F.);
#6281 = FACE_BOUND('',#6282,.F.);
#6282 = EDGE_LOOP('',(#6283,#6284,#6285,#6286));
#6283 = ORIENTED_EDGE('',*,*,#5852,.T.);
#6284 = ORIENTED_EDGE('',*,*,#5924,.F.);
#6285 = ORIENTED_EDGE('',*,*,#5900,.F.);
#6286 = ORIENTED_EDGE('',*,*,#5885,.T.);
#6287 = PLANE('',#6288);
#6288 = AXIS2_PLACEMENT_3D('',#6289,#6290,#6291);
#6289 = CARTESIAN_POINT('',(2.82,-0.32,6.5));
#6290 = DIRECTION('',(-0.,0.,-1.));
#6291 = DIRECTION('',(1.224646799147E-16,1.,0.));
#6292 = ADVANCED_FACE('',(#6293),#6304,.T.);
#6293 = FACE_BOUND('',#6294,.F.);
#6294 = EDGE_LOOP('',(#6295,#6296,#6302,#6303));
#6295 = ORIENTED_EDGE('',*,*,#6073,.F.);
#6296 = ORIENTED_EDGE('',*,*,#6297,.T.);
#6297 = EDGE_CURVE('',#6074,#5941,#6298,.T.);
#6298 = LINE('',#6299,#6300);
#6299 = CARTESIAN_POINT('',(0.32,-0.12,-3.4));
#6300 = VECTOR('',#6301,1.);
#6301 = DIRECTION('',(-1.,1.224646799147E-16,0.));
#6302 = ORIENTED_EDGE('',*,*,#5940,.T.);
#6303 = ORIENTED_EDGE('',*,*,#6056,.F.);
#6304 = PLANE('',#6305);
#6305 = AXIS2_PLACEMENT_3D('',#6306,#6307,#6308);
#6306 = CARTESIAN_POINT('',(0.32,-0.204403742653,-3.301223703467));
#6307 = DIRECTION('',(-9.310387150808E-17,-0.760250805153,-0.64962967394
    ));
#6308 = DIRECTION('',(1.,-1.224646799148E-16,-5.515863360725E-29));
#6309 = ADVANCED_FACE('',(#6310),#6321,.F.);
#6310 = FACE_BOUND('',#6311,.F.);
#6311 = EDGE_LOOP('',(#6312,#6313,#6314,#6320));
#6312 = ORIENTED_EDGE('',*,*,#6297,.F.);
#6313 = ORIENTED_EDGE('',*,*,#6092,.F.);
#6314 = ORIENTED_EDGE('',*,*,#6315,.T.);
#6315 = EDGE_CURVE('',#6085,#5966,#6316,.T.);
#6316 = LINE('',#6317,#6318);
#6317 = CARTESIAN_POINT('',(0.32,0.12,-3.4));
#6318 = VECTOR('',#6319,1.);
#6319 = DIRECTION('',(-1.,1.224646799147E-16,0.));
#6320 = ORIENTED_EDGE('',*,*,#5973,.T.);
#6321 = PLANE('',#6322);
#6322 = AXIS2_PLACEMENT_3D('',#6323,#6324,#6325);
#6323 = CARTESIAN_POINT('',(0.32,0.32,-3.4));
#6324 = DIRECTION('',(0.,0.,1.));
#6325 = DIRECTION('',(-1.224646799147E-16,-1.,0.));
#6326 = ADVANCED_FACE('',(#6327),#6333,.T.);
#6327 = FACE_BOUND('',#6328,.T.);
#6328 = EDGE_LOOP('',(#6329,#6330,#6331,#6332));
#6329 = ORIENTED_EDGE('',*,*,#6084,.F.);
#6330 = ORIENTED_EDGE('',*,*,#6315,.T.);
#6331 = ORIENTED_EDGE('',*,*,#5965,.T.);
#6332 = ORIENTED_EDGE('',*,*,#5996,.F.);
#6333 = PLANE('',#6334);
#6334 = AXIS2_PLACEMENT_3D('',#6335,#6336,#6337);
#6335 = CARTESIAN_POINT('',(0.32,0.235596257347,-3.301223703467));
#6336 = DIRECTION('',(8.302774088379E-17,0.64962967394,-0.760250805153)
  );
#6337 = DIRECTION('',(-1.,1.247195775152E-16,-2.638869166629E-18));
#6338 = ADVANCED_FACE('',(#6339),#6350,.T.);
#6339 = FACE_BOUND('',#6340,.F.);
#6340 = EDGE_LOOP('',(#6341,#6342,#6348,#6349));
#6341 = ORIENTED_EDGE('',*,*,#6239,.F.);
#6342 = ORIENTED_EDGE('',*,*,#6343,.T.);
#6343 = EDGE_CURVE('',#6240,#6107,#6344,.T.);
#6344 = LINE('',#6345,#6346);
#6345 = CARTESIAN_POINT('',(2.82,-0.12,-3.4));
#6346 = VECTOR('',#6347,1.);
#6347 = DIRECTION('',(-1.,1.224646799147E-16,0.));
#6348 = ORIENTED_EDGE('',*,*,#6106,.T.);
#6349 = ORIENTED_EDGE('',*,*,#6222,.F.);
#6350 = PLANE('',#6351);
#6351 = AXIS2_PLACEMENT_3D('',#6352,#6353,#6354);
#6352 = CARTESIAN_POINT('',(2.82,-0.204403742653,-3.301223703467));
#6353 = DIRECTION('',(-9.310387150808E-17,-0.760250805153,-0.64962967394
    ));
#6354 = DIRECTION('',(1.,-1.224646799148E-16,-5.515863360725E-29));
#6355 = ADVANCED_FACE('',(#6356),#6367,.F.);
#6356 = FACE_BOUND('',#6357,.F.);
#6357 = EDGE_LOOP('',(#6358,#6359,#6360,#6366));
#6358 = ORIENTED_EDGE('',*,*,#6343,.F.);
#6359 = ORIENTED_EDGE('',*,*,#6258,.F.);
#6360 = ORIENTED_EDGE('',*,*,#6361,.T.);
#6361 = EDGE_CURVE('',#6251,#6132,#6362,.T.);
#6362 = LINE('',#6363,#6364);
#6363 = CARTESIAN_POINT('',(2.82,0.12,-3.4));
#6364 = VECTOR('',#6365,1.);
#6365 = DIRECTION('',(-1.,1.224646799147E-16,0.));
#6366 = ORIENTED_EDGE('',*,*,#6139,.T.);
#6367 = PLANE('',#6368);
#6368 = AXIS2_PLACEMENT_3D('',#6369,#6370,#6371);
#6369 = CARTESIAN_POINT('',(2.82,0.32,-3.4));
#6370 = DIRECTION('',(0.,0.,1.));
#6371 = DIRECTION('',(-1.224646799147E-16,-1.,0.));
#6372 = ADVANCED_FACE('',(#6373),#6379,.T.);
#6373 = FACE_BOUND('',#6374,.T.);
#6374 = EDGE_LOOP('',(#6375,#6376,#6377,#6378));
#6375 = ORIENTED_EDGE('',*,*,#6250,.F.);
#6376 = ORIENTED_EDGE('',*,*,#6361,.T.);
#6377 = ORIENTED_EDGE('',*,*,#6131,.T.);
#6378 = ORIENTED_EDGE('',*,*,#6162,.F.);
#6379 = PLANE('',#6380);
#6380 = AXIS2_PLACEMENT_3D('',#6381,#6382,#6383);
#6381 = CARTESIAN_POINT('',(2.82,0.235596257347,-3.301223703467));
#6382 = DIRECTION('',(8.302774088379E-17,0.64962967394,-0.760250805153)
  );
#6383 = DIRECTION('',(-1.,1.247195775152E-16,-2.638869166629E-18));
#6384 = ( GEOMETRIC_REPRESENTATION_CONTEXT(3) 
GLOBAL_UNCERTAINTY_ASSIGNED_CONTEXT((#6388)) 
GLOBAL_UNIT_ASSIGNED_CONTEXT((#6385,#6386,#6387)) REPRESENTATION_CONTEXT
('Context #1','3D Context with UNIT and UNCERTAINTY') );
#6385 = ( LENGTH_UNIT() NAMED_UNIT(*) SI_UNIT(.MILLI.,.METRE.) );
#6386 = ( NAMED_UNIT(*) PLANE_ANGLE_UNIT() SI_UNIT($,.RADIAN.) );
#6387 = ( NAMED_UNIT(*) SI_UNIT($,.STERADIAN.) SOLID_ANGLE_UNIT() );
#6388 = UNCERTAINTY_MEASURE_WITH_UNIT(LENGTH_MEASURE(1.E-07),#6385,
  'distance_accuracy_value','confusion accuracy');
#6389 = CONTEXT_DEPENDENT_SHAPE_REPRESENTATION(#6390,#6392);
#6390 = ( REPRESENTATION_RELATIONSHIP('','',#3668,#10) 
REPRESENTATION_RELATIONSHIP_WITH_TRANSFORMATION(#6391) 
SHAPE_REPRESENTATION_RELATIONSHIP() );
#6391 = ITEM_DEFINED_TRANSFORMATION('','',#11,#19);
#6392 = PRODUCT_DEFINITION_SHAPE('Placement','Placement of an item',
  #6393);
#6393 = NEXT_ASSEMBLY_USAGE_OCCURRENCE('2','J3','',#5,#3663,$);
#6394 = PRODUCT_RELATED_PRODUCT_CATEGORY('part',$,(#3665));
#6395 = SHAPE_DEFINITION_REPRESENTATION(#6396,#6402);
#6396 = PRODUCT_DEFINITION_SHAPE('','',#6397);
#6397 = PRODUCT_DEFINITION('design','',#6398,#6401);
#6398 = PRODUCT_DEFINITION_FORMATION('','',#6399);
#6399 = PRODUCT('R_0603_1608Metric','R_0603_1608Metric','',(#6400));
#6400 = PRODUCT_CONTEXT('',#2,'mechanical');
#6401 = PRODUCT_DEFINITION_CONTEXT('part definition',#2,'design');
#6402 = ADVANCED_BREP_SHAPE_REPRESENTATION('',(#11,#6403),#7193);
#6403 = MANIFOLD_SOLID_BREP('',#6404);
#6404 = CLOSED_SHELL('',(#6405,#6445,#6528,#6553,#6578,#6645,#6662,#6679
    ,#6728,#6745,#6762,#6811,#6828,#6897,#6928,#6952,#7021,#7045,#7062,
    #7079,#7096,#7113,#7130,#7147,#7164,#7181));
#6405 = ADVANCED_FACE('',(#6406),#6440,.F.);
#6406 = FACE_BOUND('',#6407,.F.);
#6407 = EDGE_LOOP('',(#6408,#6418,#6426,#6434));
#6408 = ORIENTED_EDGE('',*,*,#6409,.F.);
#6409 = EDGE_CURVE('',#6410,#6412,#6414,.T.);
#6410 = VERTEX_POINT('',#6411);
#6411 = CARTESIAN_POINT('',(-0.8,-0.4,4.5E-02));
#6412 = VERTEX_POINT('',#6413);
#6413 = CARTESIAN_POINT('',(-0.8,-0.4,0.405));
#6414 = LINE('',#6415,#6416);
#6415 = CARTESIAN_POINT('',(-0.8,-0.4,0.));
#6416 = VECTOR('',#6417,1.);
#6417 = DIRECTION('',(0.,0.,1.));
#6418 = ORIENTED_EDGE('',*,*,#6419,.T.);
#6419 = EDGE_CURVE('',#6410,#6420,#6422,.T.);
#6420 = VERTEX_POINT('',#6421);
#6421 = CARTESIAN_POINT('',(-0.8,0.4,4.5E-02));
#6422 = LINE('',#6423,#6424);
#6423 = CARTESIAN_POINT('',(-0.8,-0.4,4.5E-02));
#6424 = VECTOR('',#6425,1.);
#6425 = DIRECTION('',(0.,1.,0.));
#6426 = ORIENTED_EDGE('',*,*,#6427,.T.);
#6427 = EDGE_CURVE('',#6420,#6428,#6430,.T.);
#6428 = VERTEX_POINT('',#6429);
#6429 = CARTESIAN_POINT('',(-0.8,0.4,0.405));
#6430 = LINE('',#6431,#6432);
#6431 = CARTESIAN_POINT('',(-0.8,0.4,0.));
#6432 = VECTOR('',#6433,1.);
#6433 = DIRECTION('',(0.,0.,1.));
#6434 = ORIENTED_EDGE('',*,*,#6435,.F.);
#6435 = EDGE_CURVE('',#6412,#6428,#6436,.T.);
#6436 = LINE('',#6437,#6438);
#6437 = CARTESIAN_POINT('',(-0.8,-0.4,0.405));
#6438 = VECTOR('',#6439,1.);
#6439 = DIRECTION('',(0.,1.,0.));
#6440 = PLANE('',#6441);
#6441 = AXIS2_PLACEMENT_3D('',#6442,#6443,#6444);
#6442 = CARTESIAN_POINT('',(-0.8,-0.4,0.));
#6443 = DIRECTION('',(1.,0.,0.));
#6444 = DIRECTION('',(0.,0.,1.));
#6445 = ADVANCED_FACE('',(#6446),#6523,.F.);
#6446 = FACE_BOUND('',#6447,.F.);
#6447 = EDGE_LOOP('',(#6448,#6458,#6465,#6466,#6475,#6483,#6492,#6500,
    #6508,#6516));
#6448 = ORIENTED_EDGE('',*,*,#6449,.F.);
#6449 = EDGE_CURVE('',#6450,#6452,#6454,.T.);
#6450 = VERTEX_POINT('',#6451);
#6451 = CARTESIAN_POINT('',(-0.755,-0.4,-2.775557561563E-17));
#6452 = VERTEX_POINT('',#6453);
#6453 = CARTESIAN_POINT('',(-0.545,-0.4,-2.775557561563E-17));
#6454 = LINE('',#6455,#6456);
#6455 = CARTESIAN_POINT('',(-0.8,-0.4,0.));
#6456 = VECTOR('',#6457,1.);
#6457 = DIRECTION('',(1.,0.,0.));
#6458 = ORIENTED_EDGE('',*,*,#6459,.F.);
#6459 = EDGE_CURVE('',#6410,#6450,#6460,.T.);
#6460 = CIRCLE('',#6461,4.5E-02);
#6461 = AXIS2_PLACEMENT_3D('',#6462,#6463,#6464);
#6462 = CARTESIAN_POINT('',(-0.755,-0.4,4.5E-02));
#6463 = DIRECTION('',(0.,-1.,0.));
#6464 = DIRECTION('',(0.,0.,1.));
#6465 = ORIENTED_EDGE('',*,*,#6409,.T.);
#6466 = ORIENTED_EDGE('',*,*,#6467,.T.);
#6467 = EDGE_CURVE('',#6412,#6468,#6470,.T.);
#6468 = VERTEX_POINT('',#6469);
#6469 = CARTESIAN_POINT('',(-0.755,-0.4,0.45));
#6470 = CIRCLE('',#6471,4.5E-02);
#6471 = AXIS2_PLACEMENT_3D('',#6472,#6473,#6474);
#6472 = CARTESIAN_POINT('',(-0.755,-0.4,0.405));
#6473 = DIRECTION('',(0.,1.,0.));
#6474 = DIRECTION('',(0.,-0.,1.));
#6475 = ORIENTED_EDGE('',*,*,#6476,.T.);
#6476 = EDGE_CURVE('',#6468,#6477,#6479,.T.);
#6477 = VERTEX_POINT('',#6478);
#6478 = CARTESIAN_POINT('',(-0.545,-0.4,0.45));
#6479 = LINE('',#6480,#6481);
#6480 = CARTESIAN_POINT('',(-0.8,-0.4,0.45));
#6481 = VECTOR('',#6482,1.);
#6482 = DIRECTION('',(1.,0.,0.));
#6483 = ORIENTED_EDGE('',*,*,#6484,.F.);
#6484 = EDGE_CURVE('',#6485,#6477,#6487,.T.);
#6485 = VERTEX_POINT('',#6486);
#6486 = CARTESIAN_POINT('',(-0.5,-0.4,0.405));
#6487 = CIRCLE('',#6488,4.5E-02);
#6488 = AXIS2_PLACEMENT_3D('',#6489,#6490,#6491);
#6489 = CARTESIAN_POINT('',(-0.545,-0.4,0.405));
#6490 = DIRECTION('',(0.,-1.,0.));
#6491 = DIRECTION('',(0.,0.,1.));
#6492 = ORIENTED_EDGE('',*,*,#6493,.F.);
#6493 = EDGE_CURVE('',#6494,#6485,#6496,.T.);
#6494 = VERTEX_POINT('',#6495);
#6495 = CARTESIAN_POINT('',(-0.755,-0.4,0.405));
#6496 = LINE('',#6497,#6498);
#6497 = CARTESIAN_POINT('',(-0.755,-0.4,0.405));
#6498 = VECTOR('',#6499,1.);
#6499 = DIRECTION('',(1.,0.,0.));
#6500 = ORIENTED_EDGE('',*,*,#6501,.F.);
#6501 = EDGE_CURVE('',#6502,#6494,#6504,.T.);
#6502 = VERTEX_POINT('',#6503);
#6503 = CARTESIAN_POINT('',(-0.755,-0.4,4.5E-02));
#6504 = LINE('',#6505,#6506);
#6505 = CARTESIAN_POINT('',(-0.755,-0.4,4.5E-02));
#6506 = VECTOR('',#6507,1.);
#6507 = DIRECTION('',(0.,0.,1.));
#6508 = ORIENTED_EDGE('',*,*,#6509,.T.);
#6509 = EDGE_CURVE('',#6502,#6510,#6512,.T.);
#6510 = VERTEX_POINT('',#6511);
#6511 = CARTESIAN_POINT('',(-0.5,-0.4,4.5E-02));
#6512 = LINE('',#6513,#6514);
#6513 = CARTESIAN_POINT('',(-0.755,-0.4,4.5E-02));
#6514 = VECTOR('',#6515,1.);
#6515 = DIRECTION('',(1.,0.,0.));
#6516 = ORIENTED_EDGE('',*,*,#6517,.T.);
#6517 = EDGE_CURVE('',#6510,#6452,#6518,.T.);
#6518 = CIRCLE('',#6519,4.5E-02);
#6519 = AXIS2_PLACEMENT_3D('',#6520,#6521,#6522);
#6520 = CARTESIAN_POINT('',(-0.545,-0.4,4.5E-02));
#6521 = DIRECTION('',(0.,1.,0.));
#6522 = DIRECTION('',(0.,-0.,1.));
#6523 = PLANE('',#6524);
#6524 = AXIS2_PLACEMENT_3D('',#6525,#6526,#6527);
#6525 = CARTESIAN_POINT('',(-0.8,-0.4,0.));
#6526 = DIRECTION('',(0.,1.,0.));
#6527 = DIRECTION('',(0.,-0.,1.));
#6528 = ADVANCED_FACE('',(#6529),#6548,.T.);
#6529 = FACE_BOUND('',#6530,.T.);
#6530 = EDGE_LOOP('',(#6531,#6532,#6541,#6547));
#6531 = ORIENTED_EDGE('',*,*,#6419,.T.);
#6532 = ORIENTED_EDGE('',*,*,#6533,.T.);
#6533 = EDGE_CURVE('',#6420,#6534,#6536,.T.);
#6534 = VERTEX_POINT('',#6535);
#6535 = CARTESIAN_POINT('',(-0.755,0.4,-2.775557561563E-17));
#6536 = CIRCLE('',#6537,4.5E-02);
#6537 = AXIS2_PLACEMENT_3D('',#6538,#6539,#6540);
#6538 = CARTESIAN_POINT('',(-0.755,0.4,4.5E-02));
#6539 = DIRECTION('',(0.,-1.,0.));
#6540 = DIRECTION('',(0.,0.,1.));
#6541 = ORIENTED_EDGE('',*,*,#6542,.F.);
#6542 = EDGE_CURVE('',#6450,#6534,#6543,.T.);
#6543 = LINE('',#6544,#6545);
#6544 = CARTESIAN_POINT('',(-0.755,-0.4,-2.775557561563E-17));
#6545 = VECTOR('',#6546,1.);
#6546 = DIRECTION('',(0.,1.,0.));
#6547 = ORIENTED_EDGE('',*,*,#6459,.F.);
#6548 = CYLINDRICAL_SURFACE('',#6549,4.5E-02);
#6549 = AXIS2_PLACEMENT_3D('',#6550,#6551,#6552);
#6550 = CARTESIAN_POINT('',(-0.755,-0.4,4.5E-02));
#6551 = DIRECTION('',(0.,1.,0.));
#6552 = DIRECTION('',(-1.,0.,0.));
#6553 = ADVANCED_FACE('',(#6554),#6573,.T.);
#6554 = FACE_BOUND('',#6555,.T.);
#6555 = EDGE_LOOP('',(#6556,#6557,#6565,#6572));
#6556 = ORIENTED_EDGE('',*,*,#6467,.T.);
#6557 = ORIENTED_EDGE('',*,*,#6558,.T.);
#6558 = EDGE_CURVE('',#6468,#6559,#6561,.T.);
#6559 = VERTEX_POINT('',#6560);
#6560 = CARTESIAN_POINT('',(-0.755,0.4,0.45));
#6561 = LINE('',#6562,#6563);
#6562 = CARTESIAN_POINT('',(-0.755,-0.4,0.45));
#6563 = VECTOR('',#6564,1.);
#6564 = DIRECTION('',(0.,1.,0.));
#6565 = ORIENTED_EDGE('',*,*,#6566,.F.);
#6566 = EDGE_CURVE('',#6428,#6559,#6567,.T.);
#6567 = CIRCLE('',#6568,4.5E-02);
#6568 = AXIS2_PLACEMENT_3D('',#6569,#6570,#6571);
#6569 = CARTESIAN_POINT('',(-0.755,0.4,0.405));
#6570 = DIRECTION('',(0.,1.,0.));
#6571 = DIRECTION('',(0.,-0.,1.));
#6572 = ORIENTED_EDGE('',*,*,#6435,.F.);
#6573 = CYLINDRICAL_SURFACE('',#6574,4.5E-02);
#6574 = AXIS2_PLACEMENT_3D('',#6575,#6576,#6577);
#6575 = CARTESIAN_POINT('',(-0.755,-0.4,0.405));
#6576 = DIRECTION('',(0.,1.,0.));
#6577 = DIRECTION('',(-1.,0.,0.));
#6578 = ADVANCED_FACE('',(#6579),#6640,.T.);
#6579 = FACE_BOUND('',#6580,.T.);
#6580 = EDGE_LOOP('',(#6581,#6589,#6590,#6591,#6592,#6600,#6609,#6617,
    #6625,#6633));
#6581 = ORIENTED_EDGE('',*,*,#6582,.F.);
#6582 = EDGE_CURVE('',#6534,#6583,#6585,.T.);
#6583 = VERTEX_POINT('',#6584);
#6584 = CARTESIAN_POINT('',(-0.545,0.4,-2.775557561563E-17));
#6585 = LINE('',#6586,#6587);
#6586 = CARTESIAN_POINT('',(-0.8,0.4,0.));
#6587 = VECTOR('',#6588,1.);
#6588 = DIRECTION('',(1.,0.,0.));
#6589 = ORIENTED_EDGE('',*,*,#6533,.F.);
#6590 = ORIENTED_EDGE('',*,*,#6427,.T.);
#6591 = ORIENTED_EDGE('',*,*,#6566,.T.);
#6592 = ORIENTED_EDGE('',*,*,#6593,.T.);
#6593 = EDGE_CURVE('',#6559,#6594,#6596,.T.);
#6594 = VERTEX_POINT('',#6595);
#6595 = CARTESIAN_POINT('',(-0.545,0.4,0.45));
#6596 = LINE('',#6597,#6598);
#6597 = CARTESIAN_POINT('',(-0.8,0.4,0.45));
#6598 = VECTOR('',#6599,1.);
#6599 = DIRECTION('',(1.,0.,0.));
#6600 = ORIENTED_EDGE('',*,*,#6601,.F.);
#6601 = EDGE_CURVE('',#6602,#6594,#6604,.T.);
#6602 = VERTEX_POINT('',#6603);
#6603 = CARTESIAN_POINT('',(-0.5,0.4,0.405));
#6604 = CIRCLE('',#6605,4.5E-02);
#6605 = AXIS2_PLACEMENT_3D('',#6606,#6607,#6608);
#6606 = CARTESIAN_POINT('',(-0.545,0.4,0.405));
#6607 = DIRECTION('',(0.,-1.,0.));
#6608 = DIRECTION('',(0.,0.,1.));
#6609 = ORIENTED_EDGE('',*,*,#6610,.F.);
#6610 = EDGE_CURVE('',#6611,#6602,#6613,.T.);
#6611 = VERTEX_POINT('',#6612);
#6612 = CARTESIAN_POINT('',(-0.755,0.4,0.405));
#6613 = LINE('',#6614,#6615);
#6614 = CARTESIAN_POINT('',(-0.755,0.4,0.405));
#6615 = VECTOR('',#6616,1.);
#6616 = DIRECTION('',(1.,0.,0.));
#6617 = ORIENTED_EDGE('',*,*,#6618,.F.);
#6618 = EDGE_CURVE('',#6619,#6611,#6621,.T.);
#6619 = VERTEX_POINT('',#6620);
#6620 = CARTESIAN_POINT('',(-0.755,0.4,4.5E-02));
#6621 = LINE('',#6622,#6623);
#6622 = CARTESIAN_POINT('',(-0.755,0.4,4.5E-02));
#6623 = VECTOR('',#6624,1.);
#6624 = DIRECTION('',(0.,0.,1.));
#6625 = ORIENTED_EDGE('',*,*,#6626,.T.);
#6626 = EDGE_CURVE('',#6619,#6627,#6629,.T.);
#6627 = VERTEX_POINT('',#6628);
#6628 = CARTESIAN_POINT('',(-0.5,0.4,4.5E-02));
#6629 = LINE('',#6630,#6631);
#6630 = CARTESIAN_POINT('',(-0.755,0.4,4.5E-02));
#6631 = VECTOR('',#6632,1.);
#6632 = DIRECTION('',(1.,0.,0.));
#6633 = ORIENTED_EDGE('',*,*,#6634,.T.);
#6634 = EDGE_CURVE('',#6627,#6583,#6635,.T.);
#6635 = CIRCLE('',#6636,4.5E-02);
#6636 = AXIS2_PLACEMENT_3D('',#6637,#6638,#6639);
#6637 = CARTESIAN_POINT('',(-0.545,0.4,4.5E-02));
#6638 = DIRECTION('',(0.,1.,0.));
#6639 = DIRECTION('',(0.,-0.,1.));
#6640 = PLANE('',#6641);
#6641 = AXIS2_PLACEMENT_3D('',#6642,#6643,#6644);
#6642 = CARTESIAN_POINT('',(-0.8,0.4,0.));
#6643 = DIRECTION('',(0.,1.,0.));
#6644 = DIRECTION('',(0.,-0.,1.));
#6645 = ADVANCED_FACE('',(#6646),#6657,.F.);
#6646 = FACE_BOUND('',#6647,.F.);
#6647 = EDGE_LOOP('',(#6648,#6649,#6650,#6651));
#6648 = ORIENTED_EDGE('',*,*,#6582,.F.);
#6649 = ORIENTED_EDGE('',*,*,#6542,.F.);
#6650 = ORIENTED_EDGE('',*,*,#6449,.T.);
#6651 = ORIENTED_EDGE('',*,*,#6652,.T.);
#6652 = EDGE_CURVE('',#6452,#6583,#6653,.T.);
#6653 = LINE('',#6654,#6655);
#6654 = CARTESIAN_POINT('',(-0.545,-0.4,-2.775557561563E-17));
#6655 = VECTOR('',#6656,1.);
#6656 = DIRECTION('',(0.,1.,0.));
#6657 = PLANE('',#6658);
#6658 = AXIS2_PLACEMENT_3D('',#6659,#6660,#6661);
#6659 = CARTESIAN_POINT('',(-0.8,-0.4,0.));
#6660 = DIRECTION('',(0.,0.,1.));
#6661 = DIRECTION('',(1.,0.,-0.));
#6662 = ADVANCED_FACE('',(#6663),#6674,.T.);
#6663 = FACE_BOUND('',#6664,.T.);
#6664 = EDGE_LOOP('',(#6665,#6666,#6667,#6668));
#6665 = ORIENTED_EDGE('',*,*,#6517,.T.);
#6666 = ORIENTED_EDGE('',*,*,#6652,.T.);
#6667 = ORIENTED_EDGE('',*,*,#6634,.F.);
#6668 = ORIENTED_EDGE('',*,*,#6669,.F.);
#6669 = EDGE_CURVE('',#6510,#6627,#6670,.T.);
#6670 = LINE('',#6671,#6672);
#6671 = CARTESIAN_POINT('',(-0.5,-0.4,4.5E-02));
#6672 = VECTOR('',#6673,1.);
#6673 = DIRECTION('',(0.,1.,0.));
#6674 = CYLINDRICAL_SURFACE('',#6675,4.5E-02);
#6675 = AXIS2_PLACEMENT_3D('',#6676,#6677,#6678);
#6676 = CARTESIAN_POINT('',(-0.545,-0.4,4.5E-02));
#6677 = DIRECTION('',(0.,1.,0.));
#6678 = DIRECTION('',(1.,0.,0.));
#6679 = ADVANCED_FACE('',(#6680),#6723,.F.);
#6680 = FACE_BOUND('',#6681,.F.);
#6681 = EDGE_LOOP('',(#6682,#6683,#6684,#6685,#6693,#6701,#6709,#6717));
#6682 = ORIENTED_EDGE('',*,*,#6509,.F.);
#6683 = ORIENTED_EDGE('',*,*,#6501,.T.);
#6684 = ORIENTED_EDGE('',*,*,#6493,.T.);
#6685 = ORIENTED_EDGE('',*,*,#6686,.T.);
#6686 = EDGE_CURVE('',#6485,#6687,#6689,.T.);
#6687 = VERTEX_POINT('',#6688);
#6688 = CARTESIAN_POINT('',(0.5,-0.4,0.405));
#6689 = LINE('',#6690,#6691);
#6690 = CARTESIAN_POINT('',(-0.5,-0.4,0.405));
#6691 = VECTOR('',#6692,1.);
#6692 = DIRECTION('',(1.,0.,0.));
#6693 = ORIENTED_EDGE('',*,*,#6694,.T.);
#6694 = EDGE_CURVE('',#6687,#6695,#6697,.T.);
#6695 = VERTEX_POINT('',#6696);
#6696 = CARTESIAN_POINT('',(0.755,-0.4,0.405));
#6697 = LINE('',#6698,#6699);
#6698 = CARTESIAN_POINT('',(-0.755,-0.4,0.405));
#6699 = VECTOR('',#6700,1.);
#6700 = DIRECTION('',(1.,0.,0.));
#6701 = ORIENTED_EDGE('',*,*,#6702,.F.);
#6702 = EDGE_CURVE('',#6703,#6695,#6705,.T.);
#6703 = VERTEX_POINT('',#6704);
#6704 = CARTESIAN_POINT('',(0.755,-0.4,4.5E-02));
#6705 = LINE('',#6706,#6707);
#6706 = CARTESIAN_POINT('',(0.755,-0.4,4.5E-02));
#6707 = VECTOR('',#6708,1.);
#6708 = DIRECTION('',(0.,0.,1.));
#6709 = ORIENTED_EDGE('',*,*,#6710,.F.);
#6710 = EDGE_CURVE('',#6711,#6703,#6713,.T.);
#6711 = VERTEX_POINT('',#6712);
#6712 = CARTESIAN_POINT('',(0.5,-0.4,4.5E-02));
#6713 = LINE('',#6714,#6715);
#6714 = CARTESIAN_POINT('',(-0.755,-0.4,4.5E-02));
#6715 = VECTOR('',#6716,1.);
#6716 = DIRECTION('',(1.,0.,0.));
#6717 = ORIENTED_EDGE('',*,*,#6718,.F.);
#6718 = EDGE_CURVE('',#6510,#6711,#6719,.T.);
#6719 = LINE('',#6720,#6721);
#6720 = CARTESIAN_POINT('',(-0.755,-0.4,4.5E-02));
#6721 = VECTOR('',#6722,1.);
#6722 = DIRECTION('',(1.,0.,0.));
#6723 = PLANE('',#6724);
#6724 = AXIS2_PLACEMENT_3D('',#6725,#6726,#6727);
#6725 = CARTESIAN_POINT('',(-0.755,-0.4,4.5E-02));
#6726 = DIRECTION('',(0.,1.,0.));
#6727 = DIRECTION('',(0.,-0.,1.));
#6728 = ADVANCED_FACE('',(#6729),#6740,.T.);
#6729 = FACE_BOUND('',#6730,.T.);
#6730 = EDGE_LOOP('',(#6731,#6732,#6733,#6734));
#6731 = ORIENTED_EDGE('',*,*,#6593,.F.);
#6732 = ORIENTED_EDGE('',*,*,#6558,.F.);
#6733 = ORIENTED_EDGE('',*,*,#6476,.T.);
#6734 = ORIENTED_EDGE('',*,*,#6735,.T.);
#6735 = EDGE_CURVE('',#6477,#6594,#6736,.T.);
#6736 = LINE('',#6737,#6738);
#6737 = CARTESIAN_POINT('',(-0.545,-0.4,0.45));
#6738 = VECTOR('',#6739,1.);
#6739 = DIRECTION('',(0.,1.,0.));
#6740 = PLANE('',#6741);
#6741 = AXIS2_PLACEMENT_3D('',#6742,#6743,#6744);
#6742 = CARTESIAN_POINT('',(-0.8,-0.4,0.45));
#6743 = DIRECTION('',(0.,0.,1.));
#6744 = DIRECTION('',(1.,0.,-0.));
#6745 = ADVANCED_FACE('',(#6746),#6757,.T.);
#6746 = FACE_BOUND('',#6747,.T.);
#6747 = EDGE_LOOP('',(#6748,#6754,#6755,#6756));
#6748 = ORIENTED_EDGE('',*,*,#6749,.T.);
#6749 = EDGE_CURVE('',#6485,#6602,#6750,.T.);
#6750 = LINE('',#6751,#6752);
#6751 = CARTESIAN_POINT('',(-0.5,-0.4,0.405));
#6752 = VECTOR('',#6753,1.);
#6753 = DIRECTION('',(0.,1.,0.));
#6754 = ORIENTED_EDGE('',*,*,#6601,.T.);
#6755 = ORIENTED_EDGE('',*,*,#6735,.F.);
#6756 = ORIENTED_EDGE('',*,*,#6484,.F.);
#6757 = CYLINDRICAL_SURFACE('',#6758,4.5E-02);
#6758 = AXIS2_PLACEMENT_3D('',#6759,#6760,#6761);
#6759 = CARTESIAN_POINT('',(-0.545,-0.4,0.405));
#6760 = DIRECTION('',(0.,1.,0.));
#6761 = DIRECTION('',(1.,0.,0.));
#6762 = ADVANCED_FACE('',(#6763),#6806,.T.);
#6763 = FACE_BOUND('',#6764,.T.);
#6764 = EDGE_LOOP('',(#6765,#6766,#6767,#6768,#6776,#6784,#6792,#6800));
#6765 = ORIENTED_EDGE('',*,*,#6626,.F.);
#6766 = ORIENTED_EDGE('',*,*,#6618,.T.);
#6767 = ORIENTED_EDGE('',*,*,#6610,.T.);
#6768 = ORIENTED_EDGE('',*,*,#6769,.T.);
#6769 = EDGE_CURVE('',#6602,#6770,#6772,.T.);
#6770 = VERTEX_POINT('',#6771);
#6771 = CARTESIAN_POINT('',(0.5,0.4,0.405));
#6772 = LINE('',#6773,#6774);
#6773 = CARTESIAN_POINT('',(-0.5,0.4,0.405));
#6774 = VECTOR('',#6775,1.);
#6775 = DIRECTION('',(1.,0.,0.));
#6776 = ORIENTED_EDGE('',*,*,#6777,.T.);
#6777 = EDGE_CURVE('',#6770,#6778,#6780,.T.);
#6778 = VERTEX_POINT('',#6779);
#6779 = CARTESIAN_POINT('',(0.755,0.4,0.405));
#6780 = LINE('',#6781,#6782);
#6781 = CARTESIAN_POINT('',(-0.755,0.4,0.405));
#6782 = VECTOR('',#6783,1.);
#6783 = DIRECTION('',(1.,0.,0.));
#6784 = ORIENTED_EDGE('',*,*,#6785,.F.);
#6785 = EDGE_CURVE('',#6786,#6778,#6788,.T.);
#6786 = VERTEX_POINT('',#6787);
#6787 = CARTESIAN_POINT('',(0.755,0.4,4.5E-02));
#6788 = LINE('',#6789,#6790);
#6789 = CARTESIAN_POINT('',(0.755,0.4,4.5E-02));
#6790 = VECTOR('',#6791,1.);
#6791 = DIRECTION('',(0.,0.,1.));
#6792 = ORIENTED_EDGE('',*,*,#6793,.F.);
#6793 = EDGE_CURVE('',#6794,#6786,#6796,.T.);
#6794 = VERTEX_POINT('',#6795);
#6795 = CARTESIAN_POINT('',(0.5,0.4,4.5E-02));
#6796 = LINE('',#6797,#6798);
#6797 = CARTESIAN_POINT('',(-0.755,0.4,4.5E-02));
#6798 = VECTOR('',#6799,1.);
#6799 = DIRECTION('',(1.,0.,0.));
#6800 = ORIENTED_EDGE('',*,*,#6801,.F.);
#6801 = EDGE_CURVE('',#6627,#6794,#6802,.T.);
#6802 = LINE('',#6803,#6804);
#6803 = CARTESIAN_POINT('',(-0.755,0.4,4.5E-02));
#6804 = VECTOR('',#6805,1.);
#6805 = DIRECTION('',(1.,0.,0.));
#6806 = PLANE('',#6807);
#6807 = AXIS2_PLACEMENT_3D('',#6808,#6809,#6810);
#6808 = CARTESIAN_POINT('',(-0.755,0.4,4.5E-02));
#6809 = DIRECTION('',(0.,1.,0.));
#6810 = DIRECTION('',(0.,-0.,1.));
#6811 = ADVANCED_FACE('',(#6812),#6823,.F.);
#6812 = FACE_BOUND('',#6813,.F.);
#6813 = EDGE_LOOP('',(#6814,#6815,#6816,#6822));
#6814 = ORIENTED_EDGE('',*,*,#6669,.F.);
#6815 = ORIENTED_EDGE('',*,*,#6718,.T.);
#6816 = ORIENTED_EDGE('',*,*,#6817,.T.);
#6817 = EDGE_CURVE('',#6711,#6794,#6818,.T.);
#6818 = LINE('',#6819,#6820);
#6819 = CARTESIAN_POINT('',(0.5,-0.4,4.5E-02));
#6820 = VECTOR('',#6821,1.);
#6821 = DIRECTION('',(0.,1.,0.));
#6822 = ORIENTED_EDGE('',*,*,#6801,.F.);
#6823 = PLANE('',#6824);
#6824 = AXIS2_PLACEMENT_3D('',#6825,#6826,#6827);
#6825 = CARTESIAN_POINT('',(-0.755,-0.4,4.5E-02));
#6826 = DIRECTION('',(0.,0.,1.));
#6827 = DIRECTION('',(1.,0.,-0.));
#6828 = ADVANCED_FACE('',(#6829),#6892,.F.);
#6829 = FACE_BOUND('',#6830,.F.);
#6830 = EDGE_LOOP('',(#6831,#6841,#6848,#6849,#6850,#6851,#6860,#6868,
    #6877,#6885));
#6831 = ORIENTED_EDGE('',*,*,#6832,.F.);
#6832 = EDGE_CURVE('',#6833,#6835,#6837,.T.);
#6833 = VERTEX_POINT('',#6834);
#6834 = CARTESIAN_POINT('',(0.545,-0.4,-2.775557561563E-17));
#6835 = VERTEX_POINT('',#6836);
#6836 = CARTESIAN_POINT('',(0.755,-0.4,-2.775557561563E-17));
#6837 = LINE('',#6838,#6839);
#6838 = CARTESIAN_POINT('',(0.5,-0.4,0.));
#6839 = VECTOR('',#6840,1.);
#6840 = DIRECTION('',(1.,0.,0.));
#6841 = ORIENTED_EDGE('',*,*,#6842,.F.);
#6842 = EDGE_CURVE('',#6711,#6833,#6843,.T.);
#6843 = CIRCLE('',#6844,4.5E-02);
#6844 = AXIS2_PLACEMENT_3D('',#6845,#6846,#6847);
#6845 = CARTESIAN_POINT('',(0.545,-0.4,4.5E-02));
#6846 = DIRECTION('',(0.,-1.,0.));
#6847 = DIRECTION('',(0.,0.,1.));
#6848 = ORIENTED_EDGE('',*,*,#6710,.T.);
#6849 = ORIENTED_EDGE('',*,*,#6702,.T.);
#6850 = ORIENTED_EDGE('',*,*,#6694,.F.);
#6851 = ORIENTED_EDGE('',*,*,#6852,.T.);
#6852 = EDGE_CURVE('',#6687,#6853,#6855,.T.);
#6853 = VERTEX_POINT('',#6854);
#6854 = CARTESIAN_POINT('',(0.545,-0.4,0.45));
#6855 = CIRCLE('',#6856,4.5E-02);
#6856 = AXIS2_PLACEMENT_3D('',#6857,#6858,#6859);
#6857 = CARTESIAN_POINT('',(0.545,-0.4,0.405));
#6858 = DIRECTION('',(0.,1.,0.));
#6859 = DIRECTION('',(0.,-0.,1.));
#6860 = ORIENTED_EDGE('',*,*,#6861,.T.);
#6861 = EDGE_CURVE('',#6853,#6862,#6864,.T.);
#6862 = VERTEX_POINT('',#6863);
#6863 = CARTESIAN_POINT('',(0.755,-0.4,0.45));
#6864 = LINE('',#6865,#6866);
#6865 = CARTESIAN_POINT('',(0.5,-0.4,0.45));
#6866 = VECTOR('',#6867,1.);
#6867 = DIRECTION('',(1.,0.,0.));
#6868 = ORIENTED_EDGE('',*,*,#6869,.F.);
#6869 = EDGE_CURVE('',#6870,#6862,#6872,.T.);
#6870 = VERTEX_POINT('',#6871);
#6871 = CARTESIAN_POINT('',(0.8,-0.4,0.405));
#6872 = CIRCLE('',#6873,4.5E-02);
#6873 = AXIS2_PLACEMENT_3D('',#6874,#6875,#6876);
#6874 = CARTESIAN_POINT('',(0.755,-0.4,0.405));
#6875 = DIRECTION('',(0.,-1.,0.));
#6876 = DIRECTION('',(0.,0.,1.));
#6877 = ORIENTED_EDGE('',*,*,#6878,.F.);
#6878 = EDGE_CURVE('',#6879,#6870,#6881,.T.);
#6879 = VERTEX_POINT('',#6880);
#6880 = CARTESIAN_POINT('',(0.8,-0.4,4.5E-02));
#6881 = LINE('',#6882,#6883);
#6882 = CARTESIAN_POINT('',(0.8,-0.4,0.));
#6883 = VECTOR('',#6884,1.);
#6884 = DIRECTION('',(0.,0.,1.));
#6885 = ORIENTED_EDGE('',*,*,#6886,.T.);
#6886 = EDGE_CURVE('',#6879,#6835,#6887,.T.);
#6887 = CIRCLE('',#6888,4.5E-02);
#6888 = AXIS2_PLACEMENT_3D('',#6889,#6890,#6891);
#6889 = CARTESIAN_POINT('',(0.755,-0.4,4.5E-02));
#6890 = DIRECTION('',(0.,1.,0.));
#6891 = DIRECTION('',(0.,-0.,1.));
#6892 = PLANE('',#6893);
#6893 = AXIS2_PLACEMENT_3D('',#6894,#6895,#6896);
#6894 = CARTESIAN_POINT('',(0.5,-0.4,0.));
#6895 = DIRECTION('',(0.,1.,0.));
#6896 = DIRECTION('',(0.,-0.,1.));
#6897 = ADVANCED_FACE('',(#6898),#6923,.F.);
#6898 = FACE_BOUND('',#6899,.F.);
#6899 = EDGE_LOOP('',(#6900,#6901,#6909,#6917));
#6900 = ORIENTED_EDGE('',*,*,#6686,.F.);
#6901 = ORIENTED_EDGE('',*,*,#6902,.T.);
#6902 = EDGE_CURVE('',#6485,#6903,#6905,.T.);
#6903 = VERTEX_POINT('',#6904);
#6904 = CARTESIAN_POINT('',(-0.5,-0.4,0.45));
#6905 = LINE('',#6906,#6907);
#6906 = CARTESIAN_POINT('',(-0.5,-0.4,0.405));
#6907 = VECTOR('',#6908,1.);
#6908 = DIRECTION('',(0.,0.,1.));
#6909 = ORIENTED_EDGE('',*,*,#6910,.T.);
#6910 = EDGE_CURVE('',#6903,#6911,#6913,.T.);
#6911 = VERTEX_POINT('',#6912);
#6912 = CARTESIAN_POINT('',(0.5,-0.4,0.45));
#6913 = LINE('',#6914,#6915);
#6914 = CARTESIAN_POINT('',(-0.5,-0.4,0.45));
#6915 = VECTOR('',#6916,1.);
#6916 = DIRECTION('',(1.,0.,0.));
#6917 = ORIENTED_EDGE('',*,*,#6918,.F.);
#6918 = EDGE_CURVE('',#6687,#6911,#6919,.T.);
#6919 = LINE('',#6920,#6921);
#6920 = CARTESIAN_POINT('',(0.5,-0.4,0.405));
#6921 = VECTOR('',#6922,1.);
#6922 = DIRECTION('',(0.,0.,1.));
#6923 = PLANE('',#6924);
#6924 = AXIS2_PLACEMENT_3D('',#6925,#6926,#6927);
#6925 = CARTESIAN_POINT('',(-0.5,-0.4,0.405));
#6926 = DIRECTION('',(0.,1.,0.));
#6927 = DIRECTION('',(0.,-0.,1.));
#6928 = ADVANCED_FACE('',(#6929),#6947,.F.);
#6929 = FACE_BOUND('',#6930,.F.);
#6930 = EDGE_LOOP('',(#6931,#6932,#6933,#6941));
#6931 = ORIENTED_EDGE('',*,*,#6902,.F.);
#6932 = ORIENTED_EDGE('',*,*,#6749,.T.);
#6933 = ORIENTED_EDGE('',*,*,#6934,.T.);
#6934 = EDGE_CURVE('',#6602,#6935,#6937,.T.);
#6935 = VERTEX_POINT('',#6936);
#6936 = CARTESIAN_POINT('',(-0.5,0.4,0.45));
#6937 = LINE('',#6938,#6939);
#6938 = CARTESIAN_POINT('',(-0.5,0.4,0.405));
#6939 = VECTOR('',#6940,1.);
#6940 = DIRECTION('',(0.,0.,1.));
#6941 = ORIENTED_EDGE('',*,*,#6942,.F.);
#6942 = EDGE_CURVE('',#6903,#6935,#6943,.T.);
#6943 = LINE('',#6944,#6945);
#6944 = CARTESIAN_POINT('',(-0.5,-0.4,0.45));
#6945 = VECTOR('',#6946,1.);
#6946 = DIRECTION('',(0.,1.,0.));
#6947 = PLANE('',#6948);
#6948 = AXIS2_PLACEMENT_3D('',#6949,#6950,#6951);
#6949 = CARTESIAN_POINT('',(-0.5,-0.4,0.405));
#6950 = DIRECTION('',(1.,0.,0.));
#6951 = DIRECTION('',(0.,0.,1.));
#6952 = ADVANCED_FACE('',(#6953),#7016,.T.);
#6953 = FACE_BOUND('',#6954,.T.);
#6954 = EDGE_LOOP('',(#6955,#6965,#6972,#6973,#6974,#6975,#6984,#6992,
    #7001,#7009));
#6955 = ORIENTED_EDGE('',*,*,#6956,.F.);
#6956 = EDGE_CURVE('',#6957,#6959,#6961,.T.);
#6957 = VERTEX_POINT('',#6958);
#6958 = CARTESIAN_POINT('',(0.545,0.4,-2.775557561563E-17));
#6959 = VERTEX_POINT('',#6960);
#6960 = CARTESIAN_POINT('',(0.755,0.4,-2.775557561563E-17));
#6961 = LINE('',#6962,#6963);
#6962 = CARTESIAN_POINT('',(0.5,0.4,0.));
#6963 = VECTOR('',#6964,1.);
#6964 = DIRECTION('',(1.,0.,0.));
#6965 = ORIENTED_EDGE('',*,*,#6966,.F.);
#6966 = EDGE_CURVE('',#6794,#6957,#6967,.T.);
#6967 = CIRCLE('',#6968,4.5E-02);
#6968 = AXIS2_PLACEMENT_3D('',#6969,#6970,#6971);
#6969 = CARTESIAN_POINT('',(0.545,0.4,4.5E-02));
#6970 = DIRECTION('',(0.,-1.,0.));
#6971 = DIRECTION('',(0.,0.,1.));
#6972 = ORIENTED_EDGE('',*,*,#6793,.T.);
#6973 = ORIENTED_EDGE('',*,*,#6785,.T.);
#6974 = ORIENTED_EDGE('',*,*,#6777,.F.);
#6975 = ORIENTED_EDGE('',*,*,#6976,.T.);
#6976 = EDGE_CURVE('',#6770,#6977,#6979,.T.);
#6977 = VERTEX_POINT('',#6978);
#6978 = CARTESIAN_POINT('',(0.545,0.4,0.45));
#6979 = CIRCLE('',#6980,4.5E-02);
#6980 = AXIS2_PLACEMENT_3D('',#6981,#6982,#6983);
#6981 = CARTESIAN_POINT('',(0.545,0.4,0.405));
#6982 = DIRECTION('',(0.,1.,0.));
#6983 = DIRECTION('',(0.,-0.,1.));
#6984 = ORIENTED_EDGE('',*,*,#6985,.T.);
#6985 = EDGE_CURVE('',#6977,#6986,#6988,.T.);
#6986 = VERTEX_POINT('',#6987);
#6987 = CARTESIAN_POINT('',(0.755,0.4,0.45));
#6988 = LINE('',#6989,#6990);
#6989 = CARTESIAN_POINT('',(0.5,0.4,0.45));
#6990 = VECTOR('',#6991,1.);
#6991 = DIRECTION('',(1.,0.,0.));
#6992 = ORIENTED_EDGE('',*,*,#6993,.F.);
#6993 = EDGE_CURVE('',#6994,#6986,#6996,.T.);
#6994 = VERTEX_POINT('',#6995);
#6995 = CARTESIAN_POINT('',(0.8,0.4,0.405));
#6996 = CIRCLE('',#6997,4.5E-02);
#6997 = AXIS2_PLACEMENT_3D('',#6998,#6999,#7000);
#6998 = CARTESIAN_POINT('',(0.755,0.4,0.405));
#6999 = DIRECTION('',(0.,-1.,0.));
#7000 = DIRECTION('',(0.,0.,1.));
#7001 = ORIENTED_EDGE('',*,*,#7002,.F.);
#7002 = EDGE_CURVE('',#7003,#6994,#7005,.T.);
#7003 = VERTEX_POINT('',#7004);
#7004 = CARTESIAN_POINT('',(0.8,0.4,4.5E-02));
#7005 = LINE('',#7006,#7007);
#7006 = CARTESIAN_POINT('',(0.8,0.4,0.));
#7007 = VECTOR('',#7008,1.);
#7008 = DIRECTION('',(0.,0.,1.));
#7009 = ORIENTED_EDGE('',*,*,#7010,.T.);
#7010 = EDGE_CURVE('',#7003,#6959,#7011,.T.);
#7011 = CIRCLE('',#7012,4.5E-02);
#7012 = AXIS2_PLACEMENT_3D('',#7013,#7014,#7015);
#7013 = CARTESIAN_POINT('',(0.755,0.4,4.5E-02));
#7014 = DIRECTION('',(0.,1.,0.));
#7015 = DIRECTION('',(0.,-0.,1.));
#7016 = PLANE('',#7017);
#7017 = AXIS2_PLACEMENT_3D('',#7018,#7019,#7020);
#7018 = CARTESIAN_POINT('',(0.5,0.4,0.));
#7019 = DIRECTION('',(0.,1.,0.));
#7020 = DIRECTION('',(0.,-0.,1.));
#7021 = ADVANCED_FACE('',(#7022),#7040,.T.);
#7022 = FACE_BOUND('',#7023,.T.);
#7023 = EDGE_LOOP('',(#7024,#7025,#7026,#7034));
#7024 = ORIENTED_EDGE('',*,*,#6769,.F.);
#7025 = ORIENTED_EDGE('',*,*,#6934,.T.);
#7026 = ORIENTED_EDGE('',*,*,#7027,.T.);
#7027 = EDGE_CURVE('',#6935,#7028,#7030,.T.);
#7028 = VERTEX_POINT('',#7029);
#7029 = CARTESIAN_POINT('',(0.5,0.4,0.45));
#7030 = LINE('',#7031,#7032);
#7031 = CARTESIAN_POINT('',(-0.5,0.4,0.45));
#7032 = VECTOR('',#7033,1.);
#7033 = DIRECTION('',(1.,0.,0.));
#7034 = ORIENTED_EDGE('',*,*,#7035,.F.);
#7035 = EDGE_CURVE('',#6770,#7028,#7036,.T.);
#7036 = LINE('',#7037,#7038);
#7037 = CARTESIAN_POINT('',(0.5,0.4,0.405));
#7038 = VECTOR('',#7039,1.);
#7039 = DIRECTION('',(0.,0.,1.));
#7040 = PLANE('',#7041);
#7041 = AXIS2_PLACEMENT_3D('',#7042,#7043,#7044);
#7042 = CARTESIAN_POINT('',(-0.5,0.4,0.405));
#7043 = DIRECTION('',(0.,1.,0.));
#7044 = DIRECTION('',(0.,-0.,1.));
#7045 = ADVANCED_FACE('',(#7046),#7057,.T.);
#7046 = FACE_BOUND('',#7047,.T.);
#7047 = EDGE_LOOP('',(#7048,#7049,#7050,#7056));
#7048 = ORIENTED_EDGE('',*,*,#6817,.T.);
#7049 = ORIENTED_EDGE('',*,*,#6966,.T.);
#7050 = ORIENTED_EDGE('',*,*,#7051,.F.);
#7051 = EDGE_CURVE('',#6833,#6957,#7052,.T.);
#7052 = LINE('',#7053,#7054);
#7053 = CARTESIAN_POINT('',(0.545,-0.4,-2.775557561563E-17));
#7054 = VECTOR('',#7055,1.);
#7055 = DIRECTION('',(0.,1.,0.));
#7056 = ORIENTED_EDGE('',*,*,#6842,.F.);
#7057 = CYLINDRICAL_SURFACE('',#7058,4.5E-02);
#7058 = AXIS2_PLACEMENT_3D('',#7059,#7060,#7061);
#7059 = CARTESIAN_POINT('',(0.545,-0.4,4.5E-02));
#7060 = DIRECTION('',(0.,1.,0.));
#7061 = DIRECTION('',(-1.,0.,0.));
#7062 = ADVANCED_FACE('',(#7063),#7074,.F.);
#7063 = FACE_BOUND('',#7064,.F.);
#7064 = EDGE_LOOP('',(#7065,#7066,#7067,#7068));
#7065 = ORIENTED_EDGE('',*,*,#6956,.F.);
#7066 = ORIENTED_EDGE('',*,*,#7051,.F.);
#7067 = ORIENTED_EDGE('',*,*,#6832,.T.);
#7068 = ORIENTED_EDGE('',*,*,#7069,.T.);
#7069 = EDGE_CURVE('',#6835,#6959,#7070,.T.);
#7070 = LINE('',#7071,#7072);
#7071 = CARTESIAN_POINT('',(0.755,-0.4,-2.775557561563E-17));
#7072 = VECTOR('',#7073,1.);
#7073 = DIRECTION('',(0.,1.,0.));
#7074 = PLANE('',#7075);
#7075 = AXIS2_PLACEMENT_3D('',#7076,#7077,#7078);
#7076 = CARTESIAN_POINT('',(0.5,-0.4,0.));
#7077 = DIRECTION('',(0.,0.,1.));
#7078 = DIRECTION('',(1.,0.,-0.));
#7079 = ADVANCED_FACE('',(#7080),#7091,.T.);
#7080 = FACE_BOUND('',#7081,.T.);
#7081 = EDGE_LOOP('',(#7082,#7083,#7084,#7085));
#7082 = ORIENTED_EDGE('',*,*,#6886,.T.);
#7083 = ORIENTED_EDGE('',*,*,#7069,.T.);
#7084 = ORIENTED_EDGE('',*,*,#7010,.F.);
#7085 = ORIENTED_EDGE('',*,*,#7086,.F.);
#7086 = EDGE_CURVE('',#6879,#7003,#7087,.T.);
#7087 = LINE('',#7088,#7089);
#7088 = CARTESIAN_POINT('',(0.8,-0.4,4.5E-02));
#7089 = VECTOR('',#7090,1.);
#7090 = DIRECTION('',(0.,1.,0.));
#7091 = CYLINDRICAL_SURFACE('',#7092,4.5E-02);
#7092 = AXIS2_PLACEMENT_3D('',#7093,#7094,#7095);
#7093 = CARTESIAN_POINT('',(0.755,-0.4,4.5E-02));
#7094 = DIRECTION('',(0.,1.,0.));
#7095 = DIRECTION('',(1.,0.,0.));
#7096 = ADVANCED_FACE('',(#7097),#7108,.T.);
#7097 = FACE_BOUND('',#7098,.T.);
#7098 = EDGE_LOOP('',(#7099,#7100,#7101,#7102));
#7099 = ORIENTED_EDGE('',*,*,#6878,.F.);
#7100 = ORIENTED_EDGE('',*,*,#7086,.T.);
#7101 = ORIENTED_EDGE('',*,*,#7002,.T.);
#7102 = ORIENTED_EDGE('',*,*,#7103,.F.);
#7103 = EDGE_CURVE('',#6870,#6994,#7104,.T.);
#7104 = LINE('',#7105,#7106);
#7105 = CARTESIAN_POINT('',(0.8,-0.4,0.405));
#7106 = VECTOR('',#7107,1.);
#7107 = DIRECTION('',(0.,1.,0.));
#7108 = PLANE('',#7109);
#7109 = AXIS2_PLACEMENT_3D('',#7110,#7111,#7112);
#7110 = CARTESIAN_POINT('',(0.8,-0.4,0.));
#7111 = DIRECTION('',(1.,0.,0.));
#7112 = DIRECTION('',(0.,0.,1.));
#7113 = ADVANCED_FACE('',(#7114),#7125,.T.);
#7114 = FACE_BOUND('',#7115,.T.);
#7115 = EDGE_LOOP('',(#7116,#7117,#7118,#7124));
#7116 = ORIENTED_EDGE('',*,*,#7103,.T.);
#7117 = ORIENTED_EDGE('',*,*,#6993,.T.);
#7118 = ORIENTED_EDGE('',*,*,#7119,.F.);
#7119 = EDGE_CURVE('',#6862,#6986,#7120,.T.);
#7120 = LINE('',#7121,#7122);
#7121 = CARTESIAN_POINT('',(0.755,-0.4,0.45));
#7122 = VECTOR('',#7123,1.);
#7123 = DIRECTION('',(0.,1.,0.));
#7124 = ORIENTED_EDGE('',*,*,#6869,.F.);
#7125 = CYLINDRICAL_SURFACE('',#7126,4.5E-02);
#7126 = AXIS2_PLACEMENT_3D('',#7127,#7128,#7129);
#7127 = CARTESIAN_POINT('',(0.755,-0.4,0.405));
#7128 = DIRECTION('',(0.,1.,0.));
#7129 = DIRECTION('',(1.,0.,0.));
#7130 = ADVANCED_FACE('',(#7131),#7142,.T.);
#7131 = FACE_BOUND('',#7132,.T.);
#7132 = EDGE_LOOP('',(#7133,#7134,#7140,#7141));
#7133 = ORIENTED_EDGE('',*,*,#6985,.F.);
#7134 = ORIENTED_EDGE('',*,*,#7135,.F.);
#7135 = EDGE_CURVE('',#6853,#6977,#7136,.T.);
#7136 = LINE('',#7137,#7138);
#7137 = CARTESIAN_POINT('',(0.545,-0.4,0.45));
#7138 = VECTOR('',#7139,1.);
#7139 = DIRECTION('',(0.,1.,0.));
#7140 = ORIENTED_EDGE('',*,*,#6861,.T.);
#7141 = ORIENTED_EDGE('',*,*,#7119,.T.);
#7142 = PLANE('',#7143);
#7143 = AXIS2_PLACEMENT_3D('',#7144,#7145,#7146);
#7144 = CARTESIAN_POINT('',(0.5,-0.4,0.45));
#7145 = DIRECTION('',(0.,0.,1.));
#7146 = DIRECTION('',(1.,0.,-0.));
#7147 = ADVANCED_FACE('',(#7148),#7159,.T.);
#7148 = FACE_BOUND('',#7149,.T.);
#7149 = EDGE_LOOP('',(#7150,#7151,#7152,#7153));
#7150 = ORIENTED_EDGE('',*,*,#6852,.T.);
#7151 = ORIENTED_EDGE('',*,*,#7135,.T.);
#7152 = ORIENTED_EDGE('',*,*,#6976,.F.);
#7153 = ORIENTED_EDGE('',*,*,#7154,.F.);
#7154 = EDGE_CURVE('',#6687,#6770,#7155,.T.);
#7155 = LINE('',#7156,#7157);
#7156 = CARTESIAN_POINT('',(0.5,-0.4,0.405));
#7157 = VECTOR('',#7158,1.);
#7158 = DIRECTION('',(0.,1.,0.));
#7159 = CYLINDRICAL_SURFACE('',#7160,4.5E-02);
#7160 = AXIS2_PLACEMENT_3D('',#7161,#7162,#7163);
#7161 = CARTESIAN_POINT('',(0.545,-0.4,0.405));
#7162 = DIRECTION('',(0.,1.,0.));
#7163 = DIRECTION('',(-1.,0.,0.));
#7164 = ADVANCED_FACE('',(#7165),#7176,.T.);
#7165 = FACE_BOUND('',#7166,.T.);
#7166 = EDGE_LOOP('',(#7167,#7168,#7169,#7170));
#7167 = ORIENTED_EDGE('',*,*,#6918,.F.);
#7168 = ORIENTED_EDGE('',*,*,#7154,.T.);
#7169 = ORIENTED_EDGE('',*,*,#7035,.T.);
#7170 = ORIENTED_EDGE('',*,*,#7171,.F.);
#7171 = EDGE_CURVE('',#6911,#7028,#7172,.T.);
#7172 = LINE('',#7173,#7174);
#7173 = CARTESIAN_POINT('',(0.5,-0.4,0.45));
#7174 = VECTOR('',#7175,1.);
#7175 = DIRECTION('',(0.,1.,0.));
#7176 = PLANE('',#7177);
#7177 = AXIS2_PLACEMENT_3D('',#7178,#7179,#7180);
#7178 = CARTESIAN_POINT('',(0.5,-0.4,0.405));
#7179 = DIRECTION('',(1.,0.,0.));
#7180 = DIRECTION('',(0.,0.,1.));
#7181 = ADVANCED_FACE('',(#7182),#7188,.T.);
#7182 = FACE_BOUND('',#7183,.T.);
#7183 = EDGE_LOOP('',(#7184,#7185,#7186,#7187));
#7184 = ORIENTED_EDGE('',*,*,#6942,.F.);
#7185 = ORIENTED_EDGE('',*,*,#6910,.T.);
#7186 = ORIENTED_EDGE('',*,*,#7171,.T.);
#7187 = ORIENTED_EDGE('',*,*,#7027,.F.);
#7188 = PLANE('',#7189);
#7189 = AXIS2_PLACEMENT_3D('',#7190,#7191,#7192);
#7190 = CARTESIAN_POINT('',(-0.5,-0.4,0.45));
#7191 = DIRECTION('',(0.,0.,1.));
#7192 = DIRECTION('',(1.,0.,-0.));
#7193 = ( GEOMETRIC_REPRESENTATION_CONTEXT(3) 
GLOBAL_UNCERTAINTY_ASSIGNED_CONTEXT((#7197)) 
GLOBAL_UNIT_ASSIGNED_CONTEXT((#7194,#7195,#7196)) REPRESENTATION_CONTEXT
('Context #1','3D Context with UNIT and UNCERTAINTY') );
#7194 = ( LENGTH_UNIT() NAMED_UNIT(*) SI_UNIT(.MILLI.,.METRE.) );
#7195 = ( NAMED_UNIT(*) PLANE_ANGLE_UNIT() SI_UNIT($,.RADIAN.) );
#7196 = ( NAMED_UNIT(*) SI_UNIT($,.STERADIAN.) SOLID_ANGLE_UNIT() );
#7197 = UNCERTAINTY_MEASURE_WITH_UNIT(LENGTH_MEASURE(1.E-07),#7194,
  'distance_accuracy_value','confusion accuracy');
#7198 = CONTEXT_DEPENDENT_SHAPE_REPRESENTATION(#7199,#7201);
#7199 = ( REPRESENTATION_RELATIONSHIP('','',#6402,#10) 
REPRESENTATION_RELATIONSHIP_WITH_TRANSFORMATION(#7200) 
SHAPE_REPRESENTATION_RELATIONSHIP() );
#7200 = ITEM_DEFINED_TRANSFORMATION('','',#11,#23);
#7201 = PRODUCT_DEFINITION_SHAPE('Placement','Placement of an item',
  #7202);
#7202 = NEXT_ASSEMBLY_USAGE_OCCURRENCE('3','R8','',#5,#6397,$);
#7203 = PRODUCT_RELATED_PRODUCT_CATEGORY('part',$,(#6399));
#7204 = SHAPE_DEFINITION_REPRESENTATION(#7205,#7211);
#7205 = PRODUCT_DEFINITION_SHAPE('','',#7206);
#7206 = PRODUCT_DEFINITION('design','',#7207,#7210);
#7207 = PRODUCT_DEFINITION_FORMATION('','',#7208);
#7208 = PRODUCT('C_0603_1608Metric','C_0603_1608Metric','',(#7209));
#7209 = PRODUCT_CONTEXT('',#2,'mechanical');
#7210 = PRODUCT_DEFINITION_CONTEXT('part definition',#2,'design');
#7211 = ADVANCED_BREP_SHAPE_REPRESENTATION('',(#11,#7212),#8066);
#7212 = MANIFOLD_SOLID_BREP('',#7213);
#7213 = CLOSED_SHELL('',(#7214,#7290,#7321,#7346,#7371,#7395,#7419,#7444
    ,#7469,#7486,#7572,#7604,#7628,#7653,#7677,#7702,#7726,#7751,#7768,
    #7854,#7885,#7910,#7935,#7959,#7983,#8008,#8033,#8050));
#7214 = ADVANCED_FACE('',(#7215),#7285,.F.);
#7215 = FACE_BOUND('',#7216,.F.);
#7216 = EDGE_LOOP('',(#7217,#7227,#7236,#7244,#7253,#7261,#7270,#7278));
#7217 = ORIENTED_EDGE('',*,*,#7218,.F.);
#7218 = EDGE_CURVE('',#7219,#7221,#7223,.T.);
#7219 = VERTEX_POINT('',#7220);
#7220 = CARTESIAN_POINT('',(-0.8,-0.4,3.E-02));
#7221 = VERTEX_POINT('',#7222);
#7222 = CARTESIAN_POINT('',(-0.8,-0.4,0.77));
#7223 = LINE('',#7224,#7225);
#7224 = CARTESIAN_POINT('',(-0.8,-0.4,0.));
#7225 = VECTOR('',#7226,1.);
#7226 = DIRECTION('',(0.,0.,1.));
#7227 = ORIENTED_EDGE('',*,*,#7228,.T.);
#7228 = EDGE_CURVE('',#7219,#7229,#7231,.T.);
#7229 = VERTEX_POINT('',#7230);
#7230 = CARTESIAN_POINT('',(-0.8,-0.37,0.));
#7231 = CIRCLE('',#7232,3.E-02);
#7232 = AXIS2_PLACEMENT_3D('',#7233,#7234,#7235);
#7233 = CARTESIAN_POINT('',(-0.8,-0.37,3.E-02));
#7234 = DIRECTION('',(1.,0.,-0.));
#7235 = DIRECTION('',(0.,0.,1.));
#7236 = ORIENTED_EDGE('',*,*,#7237,.T.);
#7237 = EDGE_CURVE('',#7229,#7238,#7240,.T.);
#7238 = VERTEX_POINT('',#7239);
#7239 = CARTESIAN_POINT('',(-0.8,0.37,0.));
#7240 = LINE('',#7241,#7242);
#7241 = CARTESIAN_POINT('',(-0.8,-0.4,0.));
#7242 = VECTOR('',#7243,1.);
#7243 = DIRECTION('',(0.,1.,0.));
#7244 = ORIENTED_EDGE('',*,*,#7245,.F.);
#7245 = EDGE_CURVE('',#7246,#7238,#7248,.T.);
#7246 = VERTEX_POINT('',#7247);
#7247 = CARTESIAN_POINT('',(-0.8,0.4,3.E-02));
#7248 = CIRCLE('',#7249,3.E-02);
#7249 = AXIS2_PLACEMENT_3D('',#7250,#7251,#7252);
#7250 = CARTESIAN_POINT('',(-0.8,0.37,3.E-02));
#7251 = DIRECTION('',(-1.,0.,0.));
#7252 = DIRECTION('',(0.,0.,1.));
#7253 = ORIENTED_EDGE('',*,*,#7254,.T.);
#7254 = EDGE_CURVE('',#7246,#7255,#7257,.T.);
#7255 = VERTEX_POINT('',#7256);
#7256 = CARTESIAN_POINT('',(-0.8,0.4,0.77));
#7257 = LINE('',#7258,#7259);
#7258 = CARTESIAN_POINT('',(-0.8,0.4,0.));
#7259 = VECTOR('',#7260,1.);
#7260 = DIRECTION('',(0.,0.,1.));
#7261 = ORIENTED_EDGE('',*,*,#7262,.T.);
#7262 = EDGE_CURVE('',#7255,#7263,#7265,.T.);
#7263 = VERTEX_POINT('',#7264);
#7264 = CARTESIAN_POINT('',(-0.8,0.37,0.8));
#7265 = CIRCLE('',#7266,3.E-02);
#7266 = AXIS2_PLACEMENT_3D('',#7267,#7268,#7269);
#7267 = CARTESIAN_POINT('',(-0.8,0.37,0.77));
#7268 = DIRECTION('',(1.,0.,-0.));
#7269 = DIRECTION('',(0.,0.,1.));
#7270 = ORIENTED_EDGE('',*,*,#7271,.F.);
#7271 = EDGE_CURVE('',#7272,#7263,#7274,.T.);
#7272 = VERTEX_POINT('',#7273);
#7273 = CARTESIAN_POINT('',(-0.8,-0.37,0.8));
#7274 = LINE('',#7275,#7276);
#7275 = CARTESIAN_POINT('',(-0.8,-0.4,0.8));
#7276 = VECTOR('',#7277,1.);
#7277 = DIRECTION('',(0.,1.,0.));
#7278 = ORIENTED_EDGE('',*,*,#7279,.F.);
#7279 = EDGE_CURVE('',#7221,#7272,#7280,.T.);
#7280 = CIRCLE('',#7281,3.E-02);
#7281 = AXIS2_PLACEMENT_3D('',#7282,#7283,#7284);
#7282 = CARTESIAN_POINT('',(-0.8,-0.37,0.77));
#7283 = DIRECTION('',(-1.,0.,0.));
#7284 = DIRECTION('',(0.,0.,1.));
#7285 = PLANE('',#7286);
#7286 = AXIS2_PLACEMENT_3D('',#7287,#7288,#7289);
#7287 = CARTESIAN_POINT('',(-0.8,-0.4,0.));
#7288 = DIRECTION('',(1.,0.,0.));
#7289 = DIRECTION('',(0.,0.,1.));
#7290 = ADVANCED_FACE('',(#7291),#7316,.F.);
#7291 = FACE_BOUND('',#7292,.F.);
#7292 = EDGE_LOOP('',(#7293,#7303,#7309,#7310));
#7293 = ORIENTED_EDGE('',*,*,#7294,.F.);
#7294 = EDGE_CURVE('',#7295,#7297,#7299,.T.);
#7295 = VERTEX_POINT('',#7296);
#7296 = CARTESIAN_POINT('',(-0.5,-0.4,3.E-02));
#7297 = VERTEX_POINT('',#7298);
#7298 = CARTESIAN_POINT('',(-0.5,-0.4,0.77));
#7299 = LINE('',#7300,#7301);
#7300 = CARTESIAN_POINT('',(-0.5,-0.4,0.));
#7301 = VECTOR('',#7302,1.);
#7302 = DIRECTION('',(0.,0.,1.));
#7303 = ORIENTED_EDGE('',*,*,#7304,.F.);
#7304 = EDGE_CURVE('',#7219,#7295,#7305,.T.);
#7305 = LINE('',#7306,#7307);
#7306 = CARTESIAN_POINT('',(-0.8,-0.4,3.E-02));
#7307 = VECTOR('',#7308,1.);
#7308 = DIRECTION('',(1.,0.,0.));
#7309 = ORIENTED_EDGE('',*,*,#7218,.T.);
#7310 = ORIENTED_EDGE('',*,*,#7311,.T.);
#7311 = EDGE_CURVE('',#7221,#7297,#7312,.T.);
#7312 = LINE('',#7313,#7314);
#7313 = CARTESIAN_POINT('',(-0.8,-0.4,0.77));
#7314 = VECTOR('',#7315,1.);
#7315 = DIRECTION('',(1.,0.,0.));
#7316 = PLANE('',#7317);
#7317 = AXIS2_PLACEMENT_3D('',#7318,#7319,#7320);
#7318 = CARTESIAN_POINT('',(-0.8,-0.4,0.));
#7319 = DIRECTION('',(0.,1.,0.));
#7320 = DIRECTION('',(0.,-0.,1.));
#7321 = ADVANCED_FACE('',(#7322),#7341,.T.);
#7322 = FACE_BOUND('',#7323,.T.);
#7323 = EDGE_LOOP('',(#7324,#7325,#7333,#7340));
#7324 = ORIENTED_EDGE('',*,*,#7228,.T.);
#7325 = ORIENTED_EDGE('',*,*,#7326,.T.);
#7326 = EDGE_CURVE('',#7229,#7327,#7329,.T.);
#7327 = VERTEX_POINT('',#7328);
#7328 = CARTESIAN_POINT('',(-0.5,-0.37,0.));
#7329 = LINE('',#7330,#7331);
#7330 = CARTESIAN_POINT('',(-0.8,-0.37,0.));
#7331 = VECTOR('',#7332,1.);
#7332 = DIRECTION('',(1.,0.,0.));
#7333 = ORIENTED_EDGE('',*,*,#7334,.F.);
#7334 = EDGE_CURVE('',#7295,#7327,#7335,.T.);
#7335 = CIRCLE('',#7336,3.E-02);
#7336 = AXIS2_PLACEMENT_3D('',#7337,#7338,#7339);
#7337 = CARTESIAN_POINT('',(-0.5,-0.37,3.E-02));
#7338 = DIRECTION('',(1.,0.,-0.));
#7339 = DIRECTION('',(0.,0.,1.));
#7340 = ORIENTED_EDGE('',*,*,#7304,.F.);
#7341 = CYLINDRICAL_SURFACE('',#7342,3.E-02);
#7342 = AXIS2_PLACEMENT_3D('',#7343,#7344,#7345);
#7343 = CARTESIAN_POINT('',(-0.8,-0.37,3.E-02));
#7344 = DIRECTION('',(1.,0.,0.));
#7345 = DIRECTION('',(0.,-1.,0.));
#7346 = ADVANCED_FACE('',(#7347),#7366,.T.);
#7347 = FACE_BOUND('',#7348,.T.);
#7348 = EDGE_LOOP('',(#7349,#7350,#7359,#7365));
#7349 = ORIENTED_EDGE('',*,*,#7311,.T.);
#7350 = ORIENTED_EDGE('',*,*,#7351,.T.);
#7351 = EDGE_CURVE('',#7297,#7352,#7354,.T.);
#7352 = VERTEX_POINT('',#7353);
#7353 = CARTESIAN_POINT('',(-0.5,-0.37,0.8));
#7354 = CIRCLE('',#7355,3.E-02);
#7355 = AXIS2_PLACEMENT_3D('',#7356,#7357,#7358);
#7356 = CARTESIAN_POINT('',(-0.5,-0.37,0.77));
#7357 = DIRECTION('',(-1.,0.,0.));
#7358 = DIRECTION('',(0.,0.,1.));
#7359 = ORIENTED_EDGE('',*,*,#7360,.F.);
#7360 = EDGE_CURVE('',#7272,#7352,#7361,.T.);
#7361 = LINE('',#7362,#7363);
#7362 = CARTESIAN_POINT('',(-0.8,-0.37,0.8));
#7363 = VECTOR('',#7364,1.);
#7364 = DIRECTION('',(1.,0.,0.));
#7365 = ORIENTED_EDGE('',*,*,#7279,.F.);
#7366 = CYLINDRICAL_SURFACE('',#7367,3.E-02);
#7367 = AXIS2_PLACEMENT_3D('',#7368,#7369,#7370);
#7368 = CARTESIAN_POINT('',(-0.8,-0.37,0.77));
#7369 = DIRECTION('',(1.,0.,0.));
#7370 = DIRECTION('',(0.,-1.,0.));
#7371 = ADVANCED_FACE('',(#7372),#7390,.F.);
#7372 = FACE_BOUND('',#7373,.F.);
#7373 = EDGE_LOOP('',(#7374,#7375,#7376,#7384));
#7374 = ORIENTED_EDGE('',*,*,#7237,.F.);
#7375 = ORIENTED_EDGE('',*,*,#7326,.T.);
#7376 = ORIENTED_EDGE('',*,*,#7377,.T.);
#7377 = EDGE_CURVE('',#7327,#7378,#7380,.T.);
#7378 = VERTEX_POINT('',#7379);
#7379 = CARTESIAN_POINT('',(-0.5,0.37,0.));
#7380 = LINE('',#7381,#7382);
#7381 = CARTESIAN_POINT('',(-0.5,-0.4,0.));
#7382 = VECTOR('',#7383,1.);
#7383 = DIRECTION('',(0.,1.,0.));
#7384 = ORIENTED_EDGE('',*,*,#7385,.F.);
#7385 = EDGE_CURVE('',#7238,#7378,#7386,.T.);
#7386 = LINE('',#7387,#7388);
#7387 = CARTESIAN_POINT('',(-0.8,0.37,0.));
#7388 = VECTOR('',#7389,1.);
#7389 = DIRECTION('',(1.,0.,0.));
#7390 = PLANE('',#7391);
#7391 = AXIS2_PLACEMENT_3D('',#7392,#7393,#7394);
#7392 = CARTESIAN_POINT('',(-0.8,-0.4,0.));
#7393 = DIRECTION('',(0.,0.,1.));
#7394 = DIRECTION('',(1.,0.,-0.));
#7395 = ADVANCED_FACE('',(#7396),#7414,.T.);
#7396 = FACE_BOUND('',#7397,.T.);
#7397 = EDGE_LOOP('',(#7398,#7399,#7400,#7408));
#7398 = ORIENTED_EDGE('',*,*,#7271,.F.);
#7399 = ORIENTED_EDGE('',*,*,#7360,.T.);
#7400 = ORIENTED_EDGE('',*,*,#7401,.T.);
#7401 = EDGE_CURVE('',#7352,#7402,#7404,.T.);
#7402 = VERTEX_POINT('',#7403);
#7403 = CARTESIAN_POINT('',(-0.5,0.37,0.8));
#7404 = LINE('',#7405,#7406);
#7405 = CARTESIAN_POINT('',(-0.5,-0.4,0.8));
#7406 = VECTOR('',#7407,1.);
#7407 = DIRECTION('',(0.,1.,0.));
#7408 = ORIENTED_EDGE('',*,*,#7409,.F.);
#7409 = EDGE_CURVE('',#7263,#7402,#7410,.T.);
#7410 = LINE('',#7411,#7412);
#7411 = CARTESIAN_POINT('',(-0.8,0.37,0.8));
#7412 = VECTOR('',#7413,1.);
#7413 = DIRECTION('',(1.,0.,0.));
#7414 = PLANE('',#7415);
#7415 = AXIS2_PLACEMENT_3D('',#7416,#7417,#7418);
#7416 = CARTESIAN_POINT('',(-0.8,-0.4,0.8));
#7417 = DIRECTION('',(0.,0.,1.));
#7418 = DIRECTION('',(1.,0.,-0.));
#7419 = ADVANCED_FACE('',(#7420),#7439,.T.);
#7420 = FACE_BOUND('',#7421,.T.);
#7421 = EDGE_LOOP('',(#7422,#7430,#7437,#7438));
#7422 = ORIENTED_EDGE('',*,*,#7423,.T.);
#7423 = EDGE_CURVE('',#7246,#7424,#7426,.T.);
#7424 = VERTEX_POINT('',#7425);
#7425 = CARTESIAN_POINT('',(-0.5,0.4,3.E-02));
#7426 = LINE('',#7427,#7428);
#7427 = CARTESIAN_POINT('',(-0.8,0.4,3.E-02));
#7428 = VECTOR('',#7429,1.);
#7429 = DIRECTION('',(1.,0.,0.));
#7430 = ORIENTED_EDGE('',*,*,#7431,.T.);
#7431 = EDGE_CURVE('',#7424,#7378,#7432,.T.);
#7432 = CIRCLE('',#7433,3.E-02);
#7433 = AXIS2_PLACEMENT_3D('',#7434,#7435,#7436);
#7434 = CARTESIAN_POINT('',(-0.5,0.37,3.E-02));
#7435 = DIRECTION('',(-1.,0.,0.));
#7436 = DIRECTION('',(0.,0.,1.));
#7437 = ORIENTED_EDGE('',*,*,#7385,.F.);
#7438 = ORIENTED_EDGE('',*,*,#7245,.F.);
#7439 = CYLINDRICAL_SURFACE('',#7440,3.E-02);
#7440 = AXIS2_PLACEMENT_3D('',#7441,#7442,#7443);
#7441 = CARTESIAN_POINT('',(-0.8,0.37,3.E-02));
#7442 = DIRECTION('',(1.,0.,0.));
#7443 = DIRECTION('',(-0.,1.,0.));
#7444 = ADVANCED_FACE('',(#7445),#7464,.T.);
#7445 = FACE_BOUND('',#7446,.T.);
#7446 = EDGE_LOOP('',(#7447,#7448,#7449,#7458));
#7447 = ORIENTED_EDGE('',*,*,#7262,.T.);
#7448 = ORIENTED_EDGE('',*,*,#7409,.T.);
#7449 = ORIENTED_EDGE('',*,*,#7450,.F.);
#7450 = EDGE_CURVE('',#7451,#7402,#7453,.T.);
#7451 = VERTEX_POINT('',#7452);
#7452 = CARTESIAN_POINT('',(-0.5,0.4,0.77));
#7453 = CIRCLE('',#7454,3.E-02);
#7454 = AXIS2_PLACEMENT_3D('',#7455,#7456,#7457);
#7455 = CARTESIAN_POINT('',(-0.5,0.37,0.77));
#7456 = DIRECTION('',(1.,0.,-0.));
#7457 = DIRECTION('',(0.,0.,1.));
#7458 = ORIENTED_EDGE('',*,*,#7459,.F.);
#7459 = EDGE_CURVE('',#7255,#7451,#7460,.T.);
#7460 = LINE('',#7461,#7462);
#7461 = CARTESIAN_POINT('',(-0.8,0.4,0.77));
#7462 = VECTOR('',#7463,1.);
#7463 = DIRECTION('',(1.,0.,0.));
#7464 = CYLINDRICAL_SURFACE('',#7465,3.E-02);
#7465 = AXIS2_PLACEMENT_3D('',#7466,#7467,#7468);
#7466 = CARTESIAN_POINT('',(-0.8,0.37,0.77));
#7467 = DIRECTION('',(1.,0.,0.));
#7468 = DIRECTION('',(-0.,1.,0.));
#7469 = ADVANCED_FACE('',(#7470),#7481,.T.);
#7470 = FACE_BOUND('',#7471,.T.);
#7471 = EDGE_LOOP('',(#7472,#7478,#7479,#7480));
#7472 = ORIENTED_EDGE('',*,*,#7473,.F.);
#7473 = EDGE_CURVE('',#7424,#7451,#7474,.T.);
#7474 = LINE('',#7475,#7476);
#7475 = CARTESIAN_POINT('',(-0.5,0.4,0.));
#7476 = VECTOR('',#7477,1.);
#7477 = DIRECTION('',(0.,0.,1.));
#7478 = ORIENTED_EDGE('',*,*,#7423,.F.);
#7479 = ORIENTED_EDGE('',*,*,#7254,.T.);
#7480 = ORIENTED_EDGE('',*,*,#7459,.T.);
#7481 = PLANE('',#7482);
#7482 = AXIS2_PLACEMENT_3D('',#7483,#7484,#7485);
#7483 = CARTESIAN_POINT('',(-0.8,0.4,0.));
#7484 = DIRECTION('',(0.,1.,0.));
#7485 = DIRECTION('',(0.,-0.,1.));
#7486 = ADVANCED_FACE('',(#7487,#7497),#7567,.T.);
#7487 = FACE_BOUND('',#7488,.T.);
#7488 = EDGE_LOOP('',(#7489,#7490,#7491,#7492,#7493,#7494,#7495,#7496));
#7489 = ORIENTED_EDGE('',*,*,#7294,.F.);
#7490 = ORIENTED_EDGE('',*,*,#7334,.T.);
#7491 = ORIENTED_EDGE('',*,*,#7377,.T.);
#7492 = ORIENTED_EDGE('',*,*,#7431,.F.);
#7493 = ORIENTED_EDGE('',*,*,#7473,.T.);
#7494 = ORIENTED_EDGE('',*,*,#7450,.T.);
#7495 = ORIENTED_EDGE('',*,*,#7401,.F.);
#7496 = ORIENTED_EDGE('',*,*,#7351,.F.);
#7497 = FACE_BOUND('',#7498,.T.);
#7498 = EDGE_LOOP('',(#7499,#7510,#7518,#7527,#7535,#7544,#7552,#7561));
#7499 = ORIENTED_EDGE('',*,*,#7500,.F.);
#7500 = EDGE_CURVE('',#7501,#7503,#7505,.T.);
#7501 = VERTEX_POINT('',#7502);
#7502 = CARTESIAN_POINT('',(-0.5,-0.37,6.E-02));
#7503 = VERTEX_POINT('',#7504);
#7504 = CARTESIAN_POINT('',(-0.5,-0.34,3.E-02));
#7505 = CIRCLE('',#7506,3.E-02);
#7506 = AXIS2_PLACEMENT_3D('',#7507,#7508,#7509);
#7507 = CARTESIAN_POINT('',(-0.5,-0.34,6.E-02));
#7508 = DIRECTION('',(1.,0.,-0.));
#7509 = DIRECTION('',(0.,0.,1.));
#7510 = ORIENTED_EDGE('',*,*,#7511,.T.);
#7511 = EDGE_CURVE('',#7501,#7512,#7514,.T.);
#7512 = VERTEX_POINT('',#7513);
#7513 = CARTESIAN_POINT('',(-0.5,-0.37,0.74));
#7514 = LINE('',#7515,#7516);
#7515 = CARTESIAN_POINT('',(-0.5,-0.37,3.E-02));
#7516 = VECTOR('',#7517,1.);
#7517 = DIRECTION('',(0.,0.,1.));
#7518 = ORIENTED_EDGE('',*,*,#7519,.T.);
#7519 = EDGE_CURVE('',#7512,#7520,#7522,.T.);
#7520 = VERTEX_POINT('',#7521);
#7521 = CARTESIAN_POINT('',(-0.5,-0.34,0.77));
#7522 = CIRCLE('',#7523,3.E-02);
#7523 = AXIS2_PLACEMENT_3D('',#7524,#7525,#7526);
#7524 = CARTESIAN_POINT('',(-0.5,-0.34,0.74));
#7525 = DIRECTION('',(-1.,0.,0.));
#7526 = DIRECTION('',(0.,0.,1.));
#7527 = ORIENTED_EDGE('',*,*,#7528,.T.);
#7528 = EDGE_CURVE('',#7520,#7529,#7531,.T.);
#7529 = VERTEX_POINT('',#7530);
#7530 = CARTESIAN_POINT('',(-0.5,0.34,0.77));
#7531 = LINE('',#7532,#7533);
#7532 = CARTESIAN_POINT('',(-0.5,-0.37,0.77));
#7533 = VECTOR('',#7534,1.);
#7534 = DIRECTION('',(0.,1.,0.));
#7535 = ORIENTED_EDGE('',*,*,#7536,.F.);
#7536 = EDGE_CURVE('',#7537,#7529,#7539,.T.);
#7537 = VERTEX_POINT('',#7538);
#7538 = CARTESIAN_POINT('',(-0.5,0.37,0.74));
#7539 = CIRCLE('',#7540,3.E-02);
#7540 = AXIS2_PLACEMENT_3D('',#7541,#7542,#7543);
#7541 = CARTESIAN_POINT('',(-0.5,0.34,0.74));
#7542 = DIRECTION('',(1.,0.,-0.));
#7543 = DIRECTION('',(0.,0.,1.));
#7544 = ORIENTED_EDGE('',*,*,#7545,.F.);
#7545 = EDGE_CURVE('',#7546,#7537,#7548,.T.);
#7546 = VERTEX_POINT('',#7547);
#7547 = CARTESIAN_POINT('',(-0.5,0.37,6.E-02));
#7548 = LINE('',#7549,#7550);
#7549 = CARTESIAN_POINT('',(-0.5,0.37,3.E-02));
#7550 = VECTOR('',#7551,1.);
#7551 = DIRECTION('',(0.,0.,1.));
#7552 = ORIENTED_EDGE('',*,*,#7553,.T.);
#7553 = EDGE_CURVE('',#7546,#7554,#7556,.T.);
#7554 = VERTEX_POINT('',#7555);
#7555 = CARTESIAN_POINT('',(-0.5,0.34,3.E-02));
#7556 = CIRCLE('',#7557,3.E-02);
#7557 = AXIS2_PLACEMENT_3D('',#7558,#7559,#7560);
#7558 = CARTESIAN_POINT('',(-0.5,0.34,6.E-02));
#7559 = DIRECTION('',(-1.,0.,0.));
#7560 = DIRECTION('',(0.,0.,1.));
#7561 = ORIENTED_EDGE('',*,*,#7562,.F.);
#7562 = EDGE_CURVE('',#7503,#7554,#7563,.T.);
#7563 = LINE('',#7564,#7565);
#7564 = CARTESIAN_POINT('',(-0.5,-0.37,3.E-02));
#7565 = VECTOR('',#7566,1.);
#7566 = DIRECTION('',(0.,1.,0.));
#7567 = PLANE('',#7568);
#7568 = AXIS2_PLACEMENT_3D('',#7569,#7570,#7571);
#7569 = CARTESIAN_POINT('',(-0.5,-0.4,0.));
#7570 = DIRECTION('',(1.,0.,0.));
#7571 = DIRECTION('',(0.,0.,1.));
#7572 = ADVANCED_FACE('',(#7573),#7599,.T.);
#7573 = FACE_BOUND('',#7574,.T.);
#7574 = EDGE_LOOP('',(#7575,#7576,#7584,#7593));
#7575 = ORIENTED_EDGE('',*,*,#7500,.T.);
#7576 = ORIENTED_EDGE('',*,*,#7577,.T.);
#7577 = EDGE_CURVE('',#7503,#7578,#7580,.T.);
#7578 = VERTEX_POINT('',#7579);
#7579 = CARTESIAN_POINT('',(0.5,-0.34,3.E-02));
#7580 = LINE('',#7581,#7582);
#7581 = CARTESIAN_POINT('',(-0.5,-0.34,3.E-02));
#7582 = VECTOR('',#7583,1.);
#7583 = DIRECTION('',(1.,0.,0.));
#7584 = ORIENTED_EDGE('',*,*,#7585,.F.);
#7585 = EDGE_CURVE('',#7586,#7578,#7588,.T.);
#7586 = VERTEX_POINT('',#7587);
#7587 = CARTESIAN_POINT('',(0.5,-0.37,6.E-02));
#7588 = CIRCLE('',#7589,3.E-02);
#7589 = AXIS2_PLACEMENT_3D('',#7590,#7591,#7592);
#7590 = CARTESIAN_POINT('',(0.5,-0.34,6.E-02));
#7591 = DIRECTION('',(1.,0.,-0.));
#7592 = DIRECTION('',(0.,0.,1.));
#7593 = ORIENTED_EDGE('',*,*,#7594,.F.);
#7594 = EDGE_CURVE('',#7501,#7586,#7595,.T.);
#7595 = LINE('',#7596,#7597);
#7596 = CARTESIAN_POINT('',(-0.5,-0.37,6.E-02));
#7597 = VECTOR('',#7598,1.);
#7598 = DIRECTION('',(1.,0.,0.));
#7599 = CYLINDRICAL_SURFACE('',#7600,3.E-02);
#7600 = AXIS2_PLACEMENT_3D('',#7601,#7602,#7603);
#7601 = CARTESIAN_POINT('',(-0.5,-0.34,6.E-02));
#7602 = DIRECTION('',(1.,0.,0.));
#7603 = DIRECTION('',(0.,-1.,0.));
#7604 = ADVANCED_FACE('',(#7605),#7623,.F.);
#7605 = FACE_BOUND('',#7606,.F.);
#7606 = EDGE_LOOP('',(#7607,#7608,#7609,#7617));
#7607 = ORIENTED_EDGE('',*,*,#7562,.F.);
#7608 = ORIENTED_EDGE('',*,*,#7577,.T.);
#7609 = ORIENTED_EDGE('',*,*,#7610,.T.);
#7610 = EDGE_CURVE('',#7578,#7611,#7613,.T.);
#7611 = VERTEX_POINT('',#7612);
#7612 = CARTESIAN_POINT('',(0.5,0.34,3.E-02));
#7613 = LINE('',#7614,#7615);
#7614 = CARTESIAN_POINT('',(0.5,-0.37,3.E-02));
#7615 = VECTOR('',#7616,1.);
#7616 = DIRECTION('',(0.,1.,0.));
#7617 = ORIENTED_EDGE('',*,*,#7618,.F.);
#7618 = EDGE_CURVE('',#7554,#7611,#7619,.T.);
#7619 = LINE('',#7620,#7621);
#7620 = CARTESIAN_POINT('',(-0.5,0.34,3.E-02));
#7621 = VECTOR('',#7622,1.);
#7622 = DIRECTION('',(1.,0.,0.));
#7623 = PLANE('',#7624);
#7624 = AXIS2_PLACEMENT_3D('',#7625,#7626,#7627);
#7625 = CARTESIAN_POINT('',(-0.5,-0.37,3.E-02));
#7626 = DIRECTION('',(0.,0.,1.));
#7627 = DIRECTION('',(1.,0.,-0.));
#7628 = ADVANCED_FACE('',(#7629),#7648,.T.);
#7629 = FACE_BOUND('',#7630,.T.);
#7630 = EDGE_LOOP('',(#7631,#7639,#7646,#7647));
#7631 = ORIENTED_EDGE('',*,*,#7632,.T.);
#7632 = EDGE_CURVE('',#7546,#7633,#7635,.T.);
#7633 = VERTEX_POINT('',#7634);
#7634 = CARTESIAN_POINT('',(0.5,0.37,6.E-02));
#7635 = LINE('',#7636,#7637);
#7636 = CARTESIAN_POINT('',(-0.5,0.37,6.E-02));
#7637 = VECTOR('',#7638,1.);
#7638 = DIRECTION('',(1.,0.,0.));
#7639 = ORIENTED_EDGE('',*,*,#7640,.T.);
#7640 = EDGE_CURVE('',#7633,#7611,#7641,.T.);
#7641 = CIRCLE('',#7642,3.E-02);
#7642 = AXIS2_PLACEMENT_3D('',#7643,#7644,#7645);
#7643 = CARTESIAN_POINT('',(0.5,0.34,6.E-02));
#7644 = DIRECTION('',(-1.,0.,0.));
#7645 = DIRECTION('',(0.,0.,1.));
#7646 = ORIENTED_EDGE('',*,*,#7618,.F.);
#7647 = ORIENTED_EDGE('',*,*,#7553,.F.);
#7648 = CYLINDRICAL_SURFACE('',#7649,3.E-02);
#7649 = AXIS2_PLACEMENT_3D('',#7650,#7651,#7652);
#7650 = CARTESIAN_POINT('',(-0.5,0.34,6.E-02));
#7651 = DIRECTION('',(1.,0.,0.));
#7652 = DIRECTION('',(-0.,1.,0.));
#7653 = ADVANCED_FACE('',(#7654),#7672,.T.);
#7654 = FACE_BOUND('',#7655,.T.);
#7655 = EDGE_LOOP('',(#7656,#7664,#7665,#7666));
#7656 = ORIENTED_EDGE('',*,*,#7657,.F.);
#7657 = EDGE_CURVE('',#7633,#7658,#7660,.T.);
#7658 = VERTEX_POINT('',#7659);
#7659 = CARTESIAN_POINT('',(0.5,0.37,0.74));
#7660 = LINE('',#7661,#7662);
#7661 = CARTESIAN_POINT('',(0.5,0.37,3.E-02));
#7662 = VECTOR('',#7663,1.);
#7663 = DIRECTION('',(0.,0.,1.));
#7664 = ORIENTED_EDGE('',*,*,#7632,.F.);
#7665 = ORIENTED_EDGE('',*,*,#7545,.T.);
#7666 = ORIENTED_EDGE('',*,*,#7667,.T.);
#7667 = EDGE_CURVE('',#7537,#7658,#7668,.T.);
#7668 = LINE('',#7669,#7670);
#7669 = CARTESIAN_POINT('',(-0.5,0.37,0.74));
#7670 = VECTOR('',#7671,1.);
#7671 = DIRECTION('',(1.,0.,0.));
#7672 = PLANE('',#7673);
#7673 = AXIS2_PLACEMENT_3D('',#7674,#7675,#7676);
#7674 = CARTESIAN_POINT('',(-0.5,0.37,3.E-02));
#7675 = DIRECTION('',(0.,1.,0.));
#7676 = DIRECTION('',(0.,-0.,1.));
#7677 = ADVANCED_FACE('',(#7678),#7697,.T.);
#7678 = FACE_BOUND('',#7679,.T.);
#7679 = EDGE_LOOP('',(#7680,#7681,#7689,#7696));
#7680 = ORIENTED_EDGE('',*,*,#7536,.T.);
#7681 = ORIENTED_EDGE('',*,*,#7682,.T.);
#7682 = EDGE_CURVE('',#7529,#7683,#7685,.T.);
#7683 = VERTEX_POINT('',#7684);
#7684 = CARTESIAN_POINT('',(0.5,0.34,0.77));
#7685 = LINE('',#7686,#7687);
#7686 = CARTESIAN_POINT('',(-0.5,0.34,0.77));
#7687 = VECTOR('',#7688,1.);
#7688 = DIRECTION('',(1.,0.,0.));
#7689 = ORIENTED_EDGE('',*,*,#7690,.F.);
#7690 = EDGE_CURVE('',#7658,#7683,#7691,.T.);
#7691 = CIRCLE('',#7692,3.E-02);
#7692 = AXIS2_PLACEMENT_3D('',#7693,#7694,#7695);
#7693 = CARTESIAN_POINT('',(0.5,0.34,0.74));
#7694 = DIRECTION('',(1.,0.,-0.));
#7695 = DIRECTION('',(0.,0.,1.));
#7696 = ORIENTED_EDGE('',*,*,#7667,.F.);
#7697 = CYLINDRICAL_SURFACE('',#7698,3.E-02);
#7698 = AXIS2_PLACEMENT_3D('',#7699,#7700,#7701);
#7699 = CARTESIAN_POINT('',(-0.5,0.34,0.74));
#7700 = DIRECTION('',(1.,0.,0.));
#7701 = DIRECTION('',(-0.,1.,0.));
#7702 = ADVANCED_FACE('',(#7703),#7721,.T.);
#7703 = FACE_BOUND('',#7704,.T.);
#7704 = EDGE_LOOP('',(#7705,#7706,#7714,#7720));
#7705 = ORIENTED_EDGE('',*,*,#7528,.F.);
#7706 = ORIENTED_EDGE('',*,*,#7707,.T.);
#7707 = EDGE_CURVE('',#7520,#7708,#7710,.T.);
#7708 = VERTEX_POINT('',#7709);
#7709 = CARTESIAN_POINT('',(0.5,-0.34,0.77));
#7710 = LINE('',#7711,#7712);
#7711 = CARTESIAN_POINT('',(-0.5,-0.34,0.77));
#7712 = VECTOR('',#7713,1.);
#7713 = DIRECTION('',(1.,0.,0.));
#7714 = ORIENTED_EDGE('',*,*,#7715,.T.);
#7715 = EDGE_CURVE('',#7708,#7683,#7716,.T.);
#7716 = LINE('',#7717,#7718);
#7717 = CARTESIAN_POINT('',(0.5,-0.37,0.77));
#7718 = VECTOR('',#7719,1.);
#7719 = DIRECTION('',(0.,1.,0.));
#7720 = ORIENTED_EDGE('',*,*,#7682,.F.);
#7721 = PLANE('',#7722);
#7722 = AXIS2_PLACEMENT_3D('',#7723,#7724,#7725);
#7723 = CARTESIAN_POINT('',(-0.5,-0.37,0.77));
#7724 = DIRECTION('',(0.,0.,1.));
#7725 = DIRECTION('',(1.,0.,-0.));
#7726 = ADVANCED_FACE('',(#7727),#7746,.T.);
#7727 = FACE_BOUND('',#7728,.T.);
#7728 = EDGE_LOOP('',(#7729,#7737,#7744,#7745));
#7729 = ORIENTED_EDGE('',*,*,#7730,.T.);
#7730 = EDGE_CURVE('',#7512,#7731,#7733,.T.);
#7731 = VERTEX_POINT('',#7732);
#7732 = CARTESIAN_POINT('',(0.5,-0.37,0.74));
#7733 = LINE('',#7734,#7735);
#7734 = CARTESIAN_POINT('',(-0.5,-0.37,0.74));
#7735 = VECTOR('',#7736,1.);
#7736 = DIRECTION('',(1.,0.,0.));
#7737 = ORIENTED_EDGE('',*,*,#7738,.T.);
#7738 = EDGE_CURVE('',#7731,#7708,#7739,.T.);
#7739 = CIRCLE('',#7740,3.E-02);
#7740 = AXIS2_PLACEMENT_3D('',#7741,#7742,#7743);
#7741 = CARTESIAN_POINT('',(0.5,-0.34,0.74));
#7742 = DIRECTION('',(-1.,0.,0.));
#7743 = DIRECTION('',(0.,0.,1.));
#7744 = ORIENTED_EDGE('',*,*,#7707,.F.);
#7745 = ORIENTED_EDGE('',*,*,#7519,.F.);
#7746 = CYLINDRICAL_SURFACE('',#7747,3.E-02);
#7747 = AXIS2_PLACEMENT_3D('',#7748,#7749,#7750);
#7748 = CARTESIAN_POINT('',(-0.5,-0.34,0.74));
#7749 = DIRECTION('',(1.,0.,0.));
#7750 = DIRECTION('',(0.,-1.,0.));
#7751 = ADVANCED_FACE('',(#7752),#7763,.F.);
#7752 = FACE_BOUND('',#7753,.F.);
#7753 = EDGE_LOOP('',(#7754,#7760,#7761,#7762));
#7754 = ORIENTED_EDGE('',*,*,#7755,.F.);
#7755 = EDGE_CURVE('',#7586,#7731,#7756,.T.);
#7756 = LINE('',#7757,#7758);
#7757 = CARTESIAN_POINT('',(0.5,-0.37,3.E-02));
#7758 = VECTOR('',#7759,1.);
#7759 = DIRECTION('',(0.,0.,1.));
#7760 = ORIENTED_EDGE('',*,*,#7594,.F.);
#7761 = ORIENTED_EDGE('',*,*,#7511,.T.);
#7762 = ORIENTED_EDGE('',*,*,#7730,.T.);
#7763 = PLANE('',#7764);
#7764 = AXIS2_PLACEMENT_3D('',#7765,#7766,#7767);
#7765 = CARTESIAN_POINT('',(-0.5,-0.37,3.E-02));
#7766 = DIRECTION('',(0.,1.,0.));
#7767 = DIRECTION('',(0.,-0.,1.));
#7768 = ADVANCED_FACE('',(#7769,#7839),#7849,.F.);
#7769 = FACE_BOUND('',#7770,.F.);
#7770 = EDGE_LOOP('',(#7771,#7781,#7790,#7798,#7807,#7815,#7824,#7832));
#7771 = ORIENTED_EDGE('',*,*,#7772,.F.);
#7772 = EDGE_CURVE('',#7773,#7775,#7777,.T.);
#7773 = VERTEX_POINT('',#7774);
#7774 = CARTESIAN_POINT('',(0.5,-0.4,3.E-02));
#7775 = VERTEX_POINT('',#7776);
#7776 = CARTESIAN_POINT('',(0.5,-0.4,0.77));
#7777 = LINE('',#7778,#7779);
#7778 = CARTESIAN_POINT('',(0.5,-0.4,0.));
#7779 = VECTOR('',#7780,1.);
#7780 = DIRECTION('',(0.,0.,1.));
#7781 = ORIENTED_EDGE('',*,*,#7782,.T.);
#7782 = EDGE_CURVE('',#7773,#7783,#7785,.T.);
#7783 = VERTEX_POINT('',#7784);
#7784 = CARTESIAN_POINT('',(0.5,-0.37,0.));
#7785 = CIRCLE('',#7786,3.E-02);
#7786 = AXIS2_PLACEMENT_3D('',#7787,#7788,#7789);
#7787 = CARTESIAN_POINT('',(0.5,-0.37,3.E-02));
#7788 = DIRECTION('',(1.,0.,-0.));
#7789 = DIRECTION('',(0.,0.,1.));
#7790 = ORIENTED_EDGE('',*,*,#7791,.T.);
#7791 = EDGE_CURVE('',#7783,#7792,#7794,.T.);
#7792 = VERTEX_POINT('',#7793);
#7793 = CARTESIAN_POINT('',(0.5,0.37,0.));
#7794 = LINE('',#7795,#7796);
#7795 = CARTESIAN_POINT('',(0.5,-0.4,0.));
#7796 = VECTOR('',#7797,1.);
#7797 = DIRECTION('',(0.,1.,0.));
#7798 = ORIENTED_EDGE('',*,*,#7799,.F.);
#7799 = EDGE_CURVE('',#7800,#7792,#7802,.T.);
#7800 = VERTEX_POINT('',#7801);
#7801 = CARTESIAN_POINT('',(0.5,0.4,3.E-02));
#7802 = CIRCLE('',#7803,3.E-02);
#7803 = AXIS2_PLACEMENT_3D('',#7804,#7805,#7806);
#7804 = CARTESIAN_POINT('',(0.5,0.37,3.E-02));
#7805 = DIRECTION('',(-1.,0.,0.));
#7806 = DIRECTION('',(0.,0.,1.));
#7807 = ORIENTED_EDGE('',*,*,#7808,.T.);
#7808 = EDGE_CURVE('',#7800,#7809,#7811,.T.);
#7809 = VERTEX_POINT('',#7810);
#7810 = CARTESIAN_POINT('',(0.5,0.4,0.77));
#7811 = LINE('',#7812,#7813);
#7812 = CARTESIAN_POINT('',(0.5,0.4,0.));
#7813 = VECTOR('',#7814,1.);
#7814 = DIRECTION('',(0.,0.,1.));
#7815 = ORIENTED_EDGE('',*,*,#7816,.T.);
#7816 = EDGE_CURVE('',#7809,#7817,#7819,.T.);
#7817 = VERTEX_POINT('',#7818);
#7818 = CARTESIAN_POINT('',(0.5,0.37,0.8));
#7819 = CIRCLE('',#7820,3.E-02);
#7820 = AXIS2_PLACEMENT_3D('',#7821,#7822,#7823);
#7821 = CARTESIAN_POINT('',(0.5,0.37,0.77));
#7822 = DIRECTION('',(1.,0.,-0.));
#7823 = DIRECTION('',(0.,0.,1.));
#7824 = ORIENTED_EDGE('',*,*,#7825,.F.);
#7825 = EDGE_CURVE('',#7826,#7817,#7828,.T.);
#7826 = VERTEX_POINT('',#7827);
#7827 = CARTESIAN_POINT('',(0.5,-0.37,0.8));
#7828 = LINE('',#7829,#7830);
#7829 = CARTESIAN_POINT('',(0.5,-0.4,0.8));
#7830 = VECTOR('',#7831,1.);
#7831 = DIRECTION('',(0.,1.,0.));
#7832 = ORIENTED_EDGE('',*,*,#7833,.F.);
#7833 = EDGE_CURVE('',#7775,#7826,#7834,.T.);
#7834 = CIRCLE('',#7835,3.E-02);
#7835 = AXIS2_PLACEMENT_3D('',#7836,#7837,#7838);
#7836 = CARTESIAN_POINT('',(0.5,-0.37,0.77));
#7837 = DIRECTION('',(-1.,0.,0.));
#7838 = DIRECTION('',(0.,0.,1.));
#7839 = FACE_BOUND('',#7840,.F.);
#7840 = EDGE_LOOP('',(#7841,#7842,#7843,#7844,#7845,#7846,#7847,#7848));
#7841 = ORIENTED_EDGE('',*,*,#7585,.F.);
#7842 = ORIENTED_EDGE('',*,*,#7755,.T.);
#7843 = ORIENTED_EDGE('',*,*,#7738,.T.);
#7844 = ORIENTED_EDGE('',*,*,#7715,.T.);
#7845 = ORIENTED_EDGE('',*,*,#7690,.F.);
#7846 = ORIENTED_EDGE('',*,*,#7657,.F.);
#7847 = ORIENTED_EDGE('',*,*,#7640,.T.);
#7848 = ORIENTED_EDGE('',*,*,#7610,.F.);
#7849 = PLANE('',#7850);
#7850 = AXIS2_PLACEMENT_3D('',#7851,#7852,#7853);
#7851 = CARTESIAN_POINT('',(0.5,-0.4,0.));
#7852 = DIRECTION('',(1.,0.,0.));
#7853 = DIRECTION('',(0.,0.,1.));
#7854 = ADVANCED_FACE('',(#7855),#7880,.F.);
#7855 = FACE_BOUND('',#7856,.F.);
#7856 = EDGE_LOOP('',(#7857,#7867,#7873,#7874));
#7857 = ORIENTED_EDGE('',*,*,#7858,.F.);
#7858 = EDGE_CURVE('',#7859,#7861,#7863,.T.);
#7859 = VERTEX_POINT('',#7860);
#7860 = CARTESIAN_POINT('',(0.8,-0.4,3.E-02));
#7861 = VERTEX_POINT('',#7862);
#7862 = CARTESIAN_POINT('',(0.8,-0.4,0.77));
#7863 = LINE('',#7864,#7865);
#7864 = CARTESIAN_POINT('',(0.8,-0.4,0.));
#7865 = VECTOR('',#7866,1.);
#7866 = DIRECTION('',(0.,0.,1.));
#7867 = ORIENTED_EDGE('',*,*,#7868,.F.);
#7868 = EDGE_CURVE('',#7773,#7859,#7869,.T.);
#7869 = LINE('',#7870,#7871);
#7870 = CARTESIAN_POINT('',(0.5,-0.4,3.E-02));
#7871 = VECTOR('',#7872,1.);
#7872 = DIRECTION('',(1.,0.,0.));
#7873 = ORIENTED_EDGE('',*,*,#7772,.T.);
#7874 = ORIENTED_EDGE('',*,*,#7875,.T.);
#7875 = EDGE_CURVE('',#7775,#7861,#7876,.T.);
#7876 = LINE('',#7877,#7878);
#7877 = CARTESIAN_POINT('',(0.5,-0.4,0.77));
#7878 = VECTOR('',#7879,1.);
#7879 = DIRECTION('',(1.,0.,0.));
#7880 = PLANE('',#7881);
#7881 = AXIS2_PLACEMENT_3D('',#7882,#7883,#7884);
#7882 = CARTESIAN_POINT('',(0.5,-0.4,0.));
#7883 = DIRECTION('',(0.,1.,0.));
#7884 = DIRECTION('',(0.,-0.,1.));
#7885 = ADVANCED_FACE('',(#7886),#7905,.T.);
#7886 = FACE_BOUND('',#7887,.T.);
#7887 = EDGE_LOOP('',(#7888,#7889,#7897,#7904));
#7888 = ORIENTED_EDGE('',*,*,#7782,.T.);
#7889 = ORIENTED_EDGE('',*,*,#7890,.T.);
#7890 = EDGE_CURVE('',#7783,#7891,#7893,.T.);
#7891 = VERTEX_POINT('',#7892);
#7892 = CARTESIAN_POINT('',(0.8,-0.37,0.));
#7893 = LINE('',#7894,#7895);
#7894 = CARTESIAN_POINT('',(0.5,-0.37,0.));
#7895 = VECTOR('',#7896,1.);
#7896 = DIRECTION('',(1.,0.,0.));
#7897 = ORIENTED_EDGE('',*,*,#7898,.F.);
#7898 = EDGE_CURVE('',#7859,#7891,#7899,.T.);
#7899 = CIRCLE('',#7900,3.E-02);
#7900 = AXIS2_PLACEMENT_3D('',#7901,#7902,#7903);
#7901 = CARTESIAN_POINT('',(0.8,-0.37,3.E-02));
#7902 = DIRECTION('',(1.,0.,-0.));
#7903 = DIRECTION('',(0.,0.,1.));
#7904 = ORIENTED_EDGE('',*,*,#7868,.F.);
#7905 = CYLINDRICAL_SURFACE('',#7906,3.E-02);
#7906 = AXIS2_PLACEMENT_3D('',#7907,#7908,#7909);
#7907 = CARTESIAN_POINT('',(0.5,-0.37,3.E-02));
#7908 = DIRECTION('',(1.,0.,0.));
#7909 = DIRECTION('',(0.,-1.,0.));
#7910 = ADVANCED_FACE('',(#7911),#7930,.T.);
#7911 = FACE_BOUND('',#7912,.T.);
#7912 = EDGE_LOOP('',(#7913,#7914,#7923,#7929));
#7913 = ORIENTED_EDGE('',*,*,#7875,.T.);
#7914 = ORIENTED_EDGE('',*,*,#7915,.T.);
#7915 = EDGE_CURVE('',#7861,#7916,#7918,.T.);
#7916 = VERTEX_POINT('',#7917);
#7917 = CARTESIAN_POINT('',(0.8,-0.37,0.8));
#7918 = CIRCLE('',#7919,3.E-02);
#7919 = AXIS2_PLACEMENT_3D('',#7920,#7921,#7922);
#7920 = CARTESIAN_POINT('',(0.8,-0.37,0.77));
#7921 = DIRECTION('',(-1.,0.,0.));
#7922 = DIRECTION('',(0.,0.,1.));
#7923 = ORIENTED_EDGE('',*,*,#7924,.F.);
#7924 = EDGE_CURVE('',#7826,#7916,#7925,.T.);
#7925 = LINE('',#7926,#7927);
#7926 = CARTESIAN_POINT('',(0.5,-0.37,0.8));
#7927 = VECTOR('',#7928,1.);
#7928 = DIRECTION('',(1.,0.,0.));
#7929 = ORIENTED_EDGE('',*,*,#7833,.F.);
#7930 = CYLINDRICAL_SURFACE('',#7931,3.E-02);
#7931 = AXIS2_PLACEMENT_3D('',#7932,#7933,#7934);
#7932 = CARTESIAN_POINT('',(0.5,-0.37,0.77));
#7933 = DIRECTION('',(1.,0.,0.));
#7934 = DIRECTION('',(0.,-1.,0.));
#7935 = ADVANCED_FACE('',(#7936),#7954,.F.);
#7936 = FACE_BOUND('',#7937,.F.);
#7937 = EDGE_LOOP('',(#7938,#7939,#7940,#7948));
#7938 = ORIENTED_EDGE('',*,*,#7791,.F.);
#7939 = ORIENTED_EDGE('',*,*,#7890,.T.);
#7940 = ORIENTED_EDGE('',*,*,#7941,.T.);
#7941 = EDGE_CURVE('',#7891,#7942,#7944,.T.);
#7942 = VERTEX_POINT('',#7943);
#7943 = CARTESIAN_POINT('',(0.8,0.37,0.));
#7944 = LINE('',#7945,#7946);
#7945 = CARTESIAN_POINT('',(0.8,-0.4,0.));
#7946 = VECTOR('',#7947,1.);
#7947 = DIRECTION('',(0.,1.,0.));
#7948 = ORIENTED_EDGE('',*,*,#7949,.F.);
#7949 = EDGE_CURVE('',#7792,#7942,#7950,.T.);
#7950 = LINE('',#7951,#7952);
#7951 = CARTESIAN_POINT('',(0.5,0.37,0.));
#7952 = VECTOR('',#7953,1.);
#7953 = DIRECTION('',(1.,0.,0.));
#7954 = PLANE('',#7955);
#7955 = AXIS2_PLACEMENT_3D('',#7956,#7957,#7958);
#7956 = CARTESIAN_POINT('',(0.5,-0.4,0.));
#7957 = DIRECTION('',(0.,0.,1.));
#7958 = DIRECTION('',(1.,0.,-0.));
#7959 = ADVANCED_FACE('',(#7960),#7978,.T.);
#7960 = FACE_BOUND('',#7961,.T.);
#7961 = EDGE_LOOP('',(#7962,#7963,#7964,#7972));
#7962 = ORIENTED_EDGE('',*,*,#7825,.F.);
#7963 = ORIENTED_EDGE('',*,*,#7924,.T.);
#7964 = ORIENTED_EDGE('',*,*,#7965,.T.);
#7965 = EDGE_CURVE('',#7916,#7966,#7968,.T.);
#7966 = VERTEX_POINT('',#7967);
#7967 = CARTESIAN_POINT('',(0.8,0.37,0.8));
#7968 = LINE('',#7969,#7970);
#7969 = CARTESIAN_POINT('',(0.8,-0.4,0.8));
#7970 = VECTOR('',#7971,1.);
#7971 = DIRECTION('',(0.,1.,0.));
#7972 = ORIENTED_EDGE('',*,*,#7973,.F.);
#7973 = EDGE_CURVE('',#7817,#7966,#7974,.T.);
#7974 = LINE('',#7975,#7976);
#7975 = CARTESIAN_POINT('',(0.5,0.37,0.8));
#7976 = VECTOR('',#7977,1.);
#7977 = DIRECTION('',(1.,0.,0.));
#7978 = PLANE('',#7979);
#7979 = AXIS2_PLACEMENT_3D('',#7980,#7981,#7982);
#7980 = CARTESIAN_POINT('',(0.5,-0.4,0.8));
#7981 = DIRECTION('',(0.,0.,1.));
#7982 = DIRECTION('',(1.,0.,-0.));
#7983 = ADVANCED_FACE('',(#7984),#8003,.T.);
#7984 = FACE_BOUND('',#7985,.T.);
#7985 = EDGE_LOOP('',(#7986,#7994,#8001,#8002));
#7986 = ORIENTED_EDGE('',*,*,#7987,.T.);
#7987 = EDGE_CURVE('',#7800,#7988,#7990,.T.);
#7988 = VERTEX_POINT('',#7989);
#7989 = CARTESIAN_POINT('',(0.8,0.4,3.E-02));
#7990 = LINE('',#7991,#7992);
#7991 = CARTESIAN_POINT('',(0.5,0.4,3.E-02));
#7992 = VECTOR('',#7993,1.);
#7993 = DIRECTION('',(1.,0.,0.));
#7994 = ORIENTED_EDGE('',*,*,#7995,.T.);
#7995 = EDGE_CURVE('',#7988,#7942,#7996,.T.);
#7996 = CIRCLE('',#7997,3.E-02);
#7997 = AXIS2_PLACEMENT_3D('',#7998,#7999,#8000);
#7998 = CARTESIAN_POINT('',(0.8,0.37,3.E-02));
#7999 = DIRECTION('',(-1.,0.,0.));
#8000 = DIRECTION('',(0.,0.,1.));
#8001 = ORIENTED_EDGE('',*,*,#7949,.F.);
#8002 = ORIENTED_EDGE('',*,*,#7799,.F.);
#8003 = CYLINDRICAL_SURFACE('',#8004,3.E-02);
#8004 = AXIS2_PLACEMENT_3D('',#8005,#8006,#8007);
#8005 = CARTESIAN_POINT('',(0.5,0.37,3.E-02));
#8006 = DIRECTION('',(1.,0.,0.));
#8007 = DIRECTION('',(-0.,1.,0.));
#8008 = ADVANCED_FACE('',(#8009),#8028,.T.);
#8009 = FACE_BOUND('',#8010,.T.);
#8010 = EDGE_LOOP('',(#8011,#8012,#8013,#8022));
#8011 = ORIENTED_EDGE('',*,*,#7816,.T.);
#8012 = ORIENTED_EDGE('',*,*,#7973,.T.);
#8013 = ORIENTED_EDGE('',*,*,#8014,.F.);
#8014 = EDGE_CURVE('',#8015,#7966,#8017,.T.);
#8015 = VERTEX_POINT('',#8016);
#8016 = CARTESIAN_POINT('',(0.8,0.4,0.77));
#8017 = CIRCLE('',#8018,3.E-02);
#8018 = AXIS2_PLACEMENT_3D('',#8019,#8020,#8021);
#8019 = CARTESIAN_POINT('',(0.8,0.37,0.77));
#8020 = DIRECTION('',(1.,0.,-0.));
#8021 = DIRECTION('',(0.,0.,1.));
#8022 = ORIENTED_EDGE('',*,*,#8023,.F.);
#8023 = EDGE_CURVE('',#7809,#8015,#8024,.T.);
#8024 = LINE('',#8025,#8026);
#8025 = CARTESIAN_POINT('',(0.5,0.4,0.77));
#8026 = VECTOR('',#8027,1.);
#8027 = DIRECTION('',(1.,0.,0.));
#8028 = CYLINDRICAL_SURFACE('',#8029,3.E-02);
#8029 = AXIS2_PLACEMENT_3D('',#8030,#8031,#8032);
#8030 = CARTESIAN_POINT('',(0.5,0.37,0.77));
#8031 = DIRECTION('',(1.,0.,0.));
#8032 = DIRECTION('',(-0.,1.,0.));
#8033 = ADVANCED_FACE('',(#8034),#8045,.T.);
#8034 = FACE_BOUND('',#8035,.T.);
#8035 = EDGE_LOOP('',(#8036,#8042,#8043,#8044));
#8036 = ORIENTED_EDGE('',*,*,#8037,.F.);
#8037 = EDGE_CURVE('',#7988,#8015,#8038,.T.);
#8038 = LINE('',#8039,#8040);
#8039 = CARTESIAN_POINT('',(0.8,0.4,0.));
#8040 = VECTOR('',#8041,1.);
#8041 = DIRECTION('',(0.,0.,1.));
#8042 = ORIENTED_EDGE('',*,*,#7987,.F.);
#8043 = ORIENTED_EDGE('',*,*,#7808,.T.);
#8044 = ORIENTED_EDGE('',*,*,#8023,.T.);
#8045 = PLANE('',#8046);
#8046 = AXIS2_PLACEMENT_3D('',#8047,#8048,#8049);
#8047 = CARTESIAN_POINT('',(0.5,0.4,0.));
#8048 = DIRECTION('',(0.,1.,0.));
#8049 = DIRECTION('',(0.,-0.,1.));
#8050 = ADVANCED_FACE('',(#8051),#8061,.T.);
#8051 = FACE_BOUND('',#8052,.T.);
#8052 = EDGE_LOOP('',(#8053,#8054,#8055,#8056,#8057,#8058,#8059,#8060));
#8053 = ORIENTED_EDGE('',*,*,#7858,.F.);
#8054 = ORIENTED_EDGE('',*,*,#7898,.T.);
#8055 = ORIENTED_EDGE('',*,*,#7941,.T.);
#8056 = ORIENTED_EDGE('',*,*,#7995,.F.);
#8057 = ORIENTED_EDGE('',*,*,#8037,.T.);
#8058 = ORIENTED_EDGE('',*,*,#8014,.T.);
#8059 = ORIENTED_EDGE('',*,*,#7965,.F.);
#8060 = ORIENTED_EDGE('',*,*,#7915,.F.);
#8061 = PLANE('',#8062);
#8062 = AXIS2_PLACEMENT_3D('',#8063,#8064,#8065);
#8063 = CARTESIAN_POINT('',(0.8,-0.4,0.));
#8064 = DIRECTION('',(1.,0.,0.));
#8065 = DIRECTION('',(0.,0.,1.));
#8066 = ( GEOMETRIC_REPRESENTATION_CONTEXT(3) 
GLOBAL_UNCERTAINTY_ASSIGNED_CONTEXT((#8070)) 
GLOBAL_UNIT_ASSIGNED_CONTEXT((#8067,#8068,#8069)) REPRESENTATION_CONTEXT
('Context #1','3D Context with UNIT and UNCERTAINTY') );
#8067 = ( LENGTH_UNIT() NAMED_UNIT(*) SI_UNIT(.MILLI.,.METRE.) );
#8068 = ( NAMED_UNIT(*) PLANE_ANGLE_UNIT() SI_UNIT($,.RADIAN.) );
#8069 = ( NAMED_UNIT(*) SI_UNIT($,.STERADIAN.) SOLID_ANGLE_UNIT() );
#8070 = UNCERTAINTY_MEASURE_WITH_UNIT(LENGTH_MEASURE(1.E-07),#8067,
  'distance_accuracy_value','confusion accuracy');
#8071 = CONTEXT_DEPENDENT_SHAPE_REPRESENTATION(#8072,#8074);
#8072 = ( REPRESENTATION_RELATIONSHIP('','',#7211,#10) 
REPRESENTATION_RELATIONSHIP_WITH_TRANSFORMATION(#8073) 
SHAPE_REPRESENTATION_RELATIONSHIP() );
#8073 = ITEM_DEFINED_TRANSFORMATION('','',#11,#27);
#8074 = PRODUCT_DEFINITION_SHAPE('Placement','Placement of an item',
  #8075);
#8075 = NEXT_ASSEMBLY_USAGE_OCCURRENCE('4','C4','',#5,#7206,$);
#8076 = PRODUCT_RELATED_PRODUCT_CATEGORY('part',$,(#7208));
#8077 = CONTEXT_DEPENDENT_SHAPE_REPRESENTATION(#8078,#8080);
#8078 = ( REPRESENTATION_RELATIONSHIP('','',#6402,#10) 
REPRESENTATION_RELATIONSHIP_WITH_TRANSFORMATION(#8079) 
SHAPE_REPRESENTATION_RELATIONSHIP() );
#8079 = ITEM_DEFINED_TRANSFORMATION('','',#11,#31);
#8080 = PRODUCT_DEFINITION_SHAPE('Placement','Placement of an item',
  #8081);
#8081 = NEXT_ASSEMBLY_USAGE_OCCURRENCE('5','R4','',#5,#6397,$);
#8082 = CONTEXT_DEPENDENT_SHAPE_REPRESENTATION(#8083,#8085);
#8083 = ( REPRESENTATION_RELATIONSHIP('','',#7211,#10) 
REPRESENTATION_RELATIONSHIP_WITH_TRANSFORMATION(#8084) 
SHAPE_REPRESENTATION_RELATIONSHIP() );
#8084 = ITEM_DEFINED_TRANSFORMATION('','',#11,#35);
#8085 = PRODUCT_DEFINITION_SHAPE('Placement','Placement of an item',
  #8086);
#8086 = NEXT_ASSEMBLY_USAGE_OCCURRENCE('6','C7','',#5,#7206,$);
#8087 = SHAPE_DEFINITION_REPRESENTATION(#8088,#8094);
#8088 = PRODUCT_DEFINITION_SHAPE('','',#8089);
#8089 = PRODUCT_DEFINITION('design','',#8090,#8093);
#8090 = PRODUCT_DEFINITION_FORMATION('','',#8091);
#8091 = PRODUCT('LED_0603_1608Metric','LED_0603_1608Metric','',(#8092));
#8092 = PRODUCT_CONTEXT('',#2,'mechanical');
#8093 = PRODUCT_DEFINITION_CONTEXT('part definition',#2,'design');
#8094 = ADVANCED_BREP_SHAPE_REPRESENTATION('',(#11,#8095),#9618);
#8095 = MANIFOLD_SOLID_BREP('',#8096);
#8096 = CLOSED_SHELL('',(#8097,#8137,#8184,#8263,#8287,#8327,#8358,#8375
    ,#8408,#8432,#8499,#8620,#8687,#8711,#8742,#8775,#8831,#8855,#8879,
    #8903,#8936,#8948,#9011,#9036,#9053,#9077,#9095,#9113,#9131,#9148,
    #9165,#9196,#9221,#9246,#9270,#9287,#9318,#9342,#9359,#9387,#9412,
    #9436,#9461,#9508,#9525,#9537,#9559,#9571,#9589,#9607));
#8097 = ADVANCED_FACE('',(#8098),#8132,.F.);
#8098 = FACE_BOUND('',#8099,.F.);
#8099 = EDGE_LOOP('',(#8100,#8110,#8118,#8126));
#8100 = ORIENTED_EDGE('',*,*,#8101,.T.);
#8101 = EDGE_CURVE('',#8102,#8104,#8106,.T.);
#8102 = VERTEX_POINT('',#8103);
#8103 = CARTESIAN_POINT('',(-0.5,-0.4,0.47));
#8104 = VERTEX_POINT('',#8105);
#8105 = CARTESIAN_POINT('',(-0.45,-0.4,1.1));
#8106 = LINE('',#8107,#8108);
#8107 = CARTESIAN_POINT('',(-0.5,-0.4,0.47));
#8108 = VECTOR('',#8109,1.);
#8109 = DIRECTION('',(7.911630099815E-02,0.,0.996865392576));
#8110 = ORIENTED_EDGE('',*,*,#8111,.T.);
#8111 = EDGE_CURVE('',#8104,#8112,#8114,.T.);
#8112 = VERTEX_POINT('',#8113);
#8113 = CARTESIAN_POINT('',(0.45,-0.4,1.1));
#8114 = LINE('',#8115,#8116);
#8115 = CARTESIAN_POINT('',(-0.45,-0.4,1.1));
#8116 = VECTOR('',#8117,1.);
#8117 = DIRECTION('',(1.,0.,0.));
#8118 = ORIENTED_EDGE('',*,*,#8119,.T.);
#8119 = EDGE_CURVE('',#8112,#8120,#8122,.T.);
#8120 = VERTEX_POINT('',#8121);
#8121 = CARTESIAN_POINT('',(0.5,-0.4,0.47));
#8122 = LINE('',#8123,#8124);
#8123 = CARTESIAN_POINT('',(0.45,-0.4,1.1));
#8124 = VECTOR('',#8125,1.);
#8125 = DIRECTION('',(7.911630099815E-02,0.,-0.996865392576));
#8126 = ORIENTED_EDGE('',*,*,#8127,.T.);
#8127 = EDGE_CURVE('',#8120,#8102,#8128,.T.);
#8128 = LINE('',#8129,#8130);
#8129 = CARTESIAN_POINT('',(0.5,-0.4,0.47));
#8130 = VECTOR('',#8131,1.);
#8131 = DIRECTION('',(-1.,0.,0.));
#8132 = PLANE('',#8133);
#8133 = AXIS2_PLACEMENT_3D('',#8134,#8135,#8136);
#8134 = CARTESIAN_POINT('',(-8.772411109409E-18,-0.4,0.775044128294));
#8135 = DIRECTION('',(0.,1.,0.));
#8136 = DIRECTION('',(0.,-0.,1.));
#8137 = ADVANCED_FACE('',(#8138),#8179,.T.);
#8138 = FACE_BOUND('',#8139,.T.);
#8139 = EDGE_LOOP('',(#8140,#8150,#8158,#8164,#8165,#8173));
#8140 = ORIENTED_EDGE('',*,*,#8141,.T.);
#8141 = EDGE_CURVE('',#8142,#8144,#8146,.T.);
#8142 = VERTEX_POINT('',#8143);
#8143 = CARTESIAN_POINT('',(-0.5,0.4,0.47));
#8144 = VERTEX_POINT('',#8145);
#8145 = CARTESIAN_POINT('',(-0.5,0.3,0.47));
#8146 = LINE('',#8147,#8148);
#8147 = CARTESIAN_POINT('',(-0.5,0.4,0.47));
#8148 = VECTOR('',#8149,1.);
#8149 = DIRECTION('',(0.,-1.,0.));
#8150 = ORIENTED_EDGE('',*,*,#8151,.F.);
#8151 = EDGE_CURVE('',#8152,#8144,#8154,.T.);
#8152 = VERTEX_POINT('',#8153);
#8153 = CARTESIAN_POINT('',(-0.5,-0.3,0.47));
#8154 = LINE('',#8155,#8156);
#8155 = CARTESIAN_POINT('',(-0.5,-0.4,0.47));
#8156 = VECTOR('',#8157,1.);
#8157 = DIRECTION('',(0.,1.,0.));
#8158 = ORIENTED_EDGE('',*,*,#8159,.T.);
#8159 = EDGE_CURVE('',#8152,#8102,#8160,.T.);
#8160 = LINE('',#8161,#8162);
#8161 = CARTESIAN_POINT('',(-0.5,0.4,0.47));
#8162 = VECTOR('',#8163,1.);
#8163 = DIRECTION('',(0.,-1.,0.));
#8164 = ORIENTED_EDGE('',*,*,#8101,.T.);
#8165 = ORIENTED_EDGE('',*,*,#8166,.F.);
#8166 = EDGE_CURVE('',#8167,#8104,#8169,.T.);
#8167 = VERTEX_POINT('',#8168);
#8168 = CARTESIAN_POINT('',(-0.45,0.4,1.1));
#8169 = LINE('',#8170,#8171);
#8170 = CARTESIAN_POINT('',(-0.45,0.4,1.1));
#8171 = VECTOR('',#8172,1.);
#8172 = DIRECTION('',(0.,-1.,0.));
#8173 = ORIENTED_EDGE('',*,*,#8174,.F.);
#8174 = EDGE_CURVE('',#8142,#8167,#8175,.T.);
#8175 = LINE('',#8176,#8177);
#8176 = CARTESIAN_POINT('',(-0.5,0.4,0.47));
#8177 = VECTOR('',#8178,1.);
#8178 = DIRECTION('',(7.911630099815E-02,0.,0.996865392576));
#8179 = PLANE('',#8180);
#8180 = AXIS2_PLACEMENT_3D('',#8181,#8182,#8183);
#8181 = CARTESIAN_POINT('',(-0.5,0.4,0.47));
#8182 = DIRECTION('',(-0.996865392576,0.,7.911630099815E-02));
#8183 = DIRECTION('',(7.911630099815E-02,0.,0.996865392576));
#8184 = ADVANCED_FACE('',(#8185),#8258,.F.);
#8185 = FACE_BOUND('',#8186,.F.);
#8186 = EDGE_LOOP('',(#8187,#8197,#8205,#8213,#8219,#8220,#8228,#8236,
    #8244,#8252));
#8187 = ORIENTED_EDGE('',*,*,#8188,.F.);
#8188 = EDGE_CURVE('',#8189,#8191,#8193,.T.);
#8189 = VERTEX_POINT('',#8190);
#8190 = CARTESIAN_POINT('',(-0.77,-0.4,3.E-02));
#8191 = VERTEX_POINT('',#8192);
#8192 = CARTESIAN_POINT('',(-0.725,-0.4,3.E-02));
#8193 = LINE('',#8194,#8195);
#8194 = CARTESIAN_POINT('',(-0.77,-0.4,3.E-02));
#8195 = VECTOR('',#8196,1.);
#8196 = DIRECTION('',(1.,0.,0.));
#8197 = ORIENTED_EDGE('',*,*,#8198,.T.);
#8198 = EDGE_CURVE('',#8189,#8199,#8201,.T.);
#8199 = VERTEX_POINT('',#8200);
#8200 = CARTESIAN_POINT('',(-0.77,-0.4,0.47));
#8201 = LINE('',#8202,#8203);
#8202 = CARTESIAN_POINT('',(-0.77,-0.4,3.E-02));
#8203 = VECTOR('',#8204,1.);
#8204 = DIRECTION('',(0.,0.,1.));
#8205 = ORIENTED_EDGE('',*,*,#8206,.T.);
#8206 = EDGE_CURVE('',#8199,#8207,#8209,.T.);
#8207 = VERTEX_POINT('',#8208);
#8208 = CARTESIAN_POINT('',(-0.725,-0.4,0.47));
#8209 = LINE('',#8210,#8211);
#8210 = CARTESIAN_POINT('',(-0.77,-0.4,0.47));
#8211 = VECTOR('',#8212,1.);
#8212 = DIRECTION('',(1.,0.,0.));
#8213 = ORIENTED_EDGE('',*,*,#8214,.T.);
#8214 = EDGE_CURVE('',#8207,#8102,#8215,.T.);
#8215 = LINE('',#8216,#8217);
#8216 = CARTESIAN_POINT('',(-0.77,-0.4,0.47));
#8217 = VECTOR('',#8218,1.);
#8218 = DIRECTION('',(1.,0.,0.));
#8219 = ORIENTED_EDGE('',*,*,#8127,.F.);
#8220 = ORIENTED_EDGE('',*,*,#8221,.T.);
#8221 = EDGE_CURVE('',#8120,#8222,#8224,.T.);
#8222 = VERTEX_POINT('',#8223);
#8223 = CARTESIAN_POINT('',(0.725,-0.4,0.47));
#8224 = LINE('',#8225,#8226);
#8225 = CARTESIAN_POINT('',(-0.77,-0.4,0.47));
#8226 = VECTOR('',#8227,1.);
#8227 = DIRECTION('',(1.,0.,0.));
#8228 = ORIENTED_EDGE('',*,*,#8229,.T.);
#8229 = EDGE_CURVE('',#8222,#8230,#8232,.T.);
#8230 = VERTEX_POINT('',#8231);
#8231 = CARTESIAN_POINT('',(0.77,-0.4,0.47));
#8232 = LINE('',#8233,#8234);
#8233 = CARTESIAN_POINT('',(-0.77,-0.4,0.47));
#8234 = VECTOR('',#8235,1.);
#8235 = DIRECTION('',(1.,0.,0.));
#8236 = ORIENTED_EDGE('',*,*,#8237,.F.);
#8237 = EDGE_CURVE('',#8238,#8230,#8240,.T.);
#8238 = VERTEX_POINT('',#8239);
#8239 = CARTESIAN_POINT('',(0.77,-0.4,3.E-02));
#8240 = LINE('',#8241,#8242);
#8241 = CARTESIAN_POINT('',(0.77,-0.4,3.E-02));
#8242 = VECTOR('',#8243,1.);
#8243 = DIRECTION('',(0.,0.,1.));
#8244 = ORIENTED_EDGE('',*,*,#8245,.F.);
#8245 = EDGE_CURVE('',#8246,#8238,#8248,.T.);
#8246 = VERTEX_POINT('',#8247);
#8247 = CARTESIAN_POINT('',(0.725,-0.4,3.E-02));
#8248 = LINE('',#8249,#8250);
#8249 = CARTESIAN_POINT('',(-0.77,-0.4,3.E-02));
#8250 = VECTOR('',#8251,1.);
#8251 = DIRECTION('',(1.,0.,0.));
#8252 = ORIENTED_EDGE('',*,*,#8253,.F.);
#8253 = EDGE_CURVE('',#8191,#8246,#8254,.T.);
#8254 = LINE('',#8255,#8256);
#8255 = CARTESIAN_POINT('',(-0.77,-0.4,3.E-02));
#8256 = VECTOR('',#8257,1.);
#8257 = DIRECTION('',(1.,0.,0.));
#8258 = PLANE('',#8259);
#8259 = AXIS2_PLACEMENT_3D('',#8260,#8261,#8262);
#8260 = CARTESIAN_POINT('',(-0.77,-0.4,3.E-02));
#8261 = DIRECTION('',(0.,1.,0.));
#8262 = DIRECTION('',(0.,-0.,1.));
#8263 = ADVANCED_FACE('',(#8264),#8282,.T.);
#8264 = FACE_BOUND('',#8265,.T.);
#8265 = EDGE_LOOP('',(#8266,#8267,#8268,#8276));
#8266 = ORIENTED_EDGE('',*,*,#8166,.T.);
#8267 = ORIENTED_EDGE('',*,*,#8111,.T.);
#8268 = ORIENTED_EDGE('',*,*,#8269,.F.);
#8269 = EDGE_CURVE('',#8270,#8112,#8272,.T.);
#8270 = VERTEX_POINT('',#8271);
#8271 = CARTESIAN_POINT('',(0.45,0.4,1.1));
#8272 = LINE('',#8273,#8274);
#8273 = CARTESIAN_POINT('',(0.45,0.4,1.1));
#8274 = VECTOR('',#8275,1.);
#8275 = DIRECTION('',(0.,-1.,0.));
#8276 = ORIENTED_EDGE('',*,*,#8277,.F.);
#8277 = EDGE_CURVE('',#8167,#8270,#8278,.T.);
#8278 = LINE('',#8279,#8280);
#8279 = CARTESIAN_POINT('',(-0.45,0.4,1.1));
#8280 = VECTOR('',#8281,1.);
#8281 = DIRECTION('',(1.,0.,0.));
#8282 = PLANE('',#8283);
#8283 = AXIS2_PLACEMENT_3D('',#8284,#8285,#8286);
#8284 = CARTESIAN_POINT('',(-0.45,0.4,1.1));
#8285 = DIRECTION('',(0.,0.,1.));
#8286 = DIRECTION('',(1.,0.,-0.));
#8287 = ADVANCED_FACE('',(#8288),#8322,.T.);
#8288 = FACE_BOUND('',#8289,.T.);
#8289 = EDGE_LOOP('',(#8290,#8291,#8292,#8300,#8308,#8316));
#8290 = ORIENTED_EDGE('',*,*,#8269,.T.);
#8291 = ORIENTED_EDGE('',*,*,#8119,.T.);
#8292 = ORIENTED_EDGE('',*,*,#8293,.F.);
#8293 = EDGE_CURVE('',#8294,#8120,#8296,.T.);
#8294 = VERTEX_POINT('',#8295);
#8295 = CARTESIAN_POINT('',(0.5,-0.3,0.47));
#8296 = LINE('',#8297,#8298);
#8297 = CARTESIAN_POINT('',(0.5,0.4,0.47));
#8298 = VECTOR('',#8299,1.);
#8299 = DIRECTION('',(0.,-1.,0.));
#8300 = ORIENTED_EDGE('',*,*,#8301,.T.);
#8301 = EDGE_CURVE('',#8294,#8302,#8304,.T.);
#8302 = VERTEX_POINT('',#8303);
#8303 = CARTESIAN_POINT('',(0.5,0.3,0.47));
#8304 = LINE('',#8305,#8306);
#8305 = CARTESIAN_POINT('',(0.5,-0.4,0.47));
#8306 = VECTOR('',#8307,1.);
#8307 = DIRECTION('',(0.,1.,0.));
#8308 = ORIENTED_EDGE('',*,*,#8309,.F.);
#8309 = EDGE_CURVE('',#8310,#8302,#8312,.T.);
#8310 = VERTEX_POINT('',#8311);
#8311 = CARTESIAN_POINT('',(0.5,0.4,0.47));
#8312 = LINE('',#8313,#8314);
#8313 = CARTESIAN_POINT('',(0.5,0.4,0.47));
#8314 = VECTOR('',#8315,1.);
#8315 = DIRECTION('',(0.,-1.,0.));
#8316 = ORIENTED_EDGE('',*,*,#8317,.F.);
#8317 = EDGE_CURVE('',#8270,#8310,#8318,.T.);
#8318 = LINE('',#8319,#8320);
#8319 = CARTESIAN_POINT('',(0.45,0.4,1.1));
#8320 = VECTOR('',#8321,1.);
#8321 = DIRECTION('',(7.911630099815E-02,0.,-0.996865392576));
#8322 = PLANE('',#8323);
#8323 = AXIS2_PLACEMENT_3D('',#8324,#8325,#8326);
#8324 = CARTESIAN_POINT('',(0.45,0.4,1.1));
#8325 = DIRECTION('',(0.996865392576,0.,7.911630099815E-02));
#8326 = DIRECTION('',(7.911630099815E-02,0.,-0.996865392576));
#8327 = ADVANCED_FACE('',(#8328),#8353,.T.);
#8328 = FACE_BOUND('',#8329,.T.);
#8329 = EDGE_LOOP('',(#8330,#8338,#8346,#8352));
#8330 = ORIENTED_EDGE('',*,*,#8331,.F.);
#8331 = EDGE_CURVE('',#8332,#8142,#8334,.T.);
#8332 = VERTEX_POINT('',#8333);
#8333 = CARTESIAN_POINT('',(-0.725,0.4,0.47));
#8334 = LINE('',#8335,#8336);
#8335 = CARTESIAN_POINT('',(-0.77,0.4,0.47));
#8336 = VECTOR('',#8337,1.);
#8337 = DIRECTION('',(1.,0.,0.));
#8338 = ORIENTED_EDGE('',*,*,#8339,.F.);
#8339 = EDGE_CURVE('',#8340,#8332,#8342,.T.);
#8340 = VERTEX_POINT('',#8341);
#8341 = CARTESIAN_POINT('',(-0.725,0.3,0.47));
#8342 = LINE('',#8343,#8344);
#8343 = CARTESIAN_POINT('',(-0.725,5.E-02,0.47));
#8344 = VECTOR('',#8345,1.);
#8345 = DIRECTION('',(0.,1.,0.));
#8346 = ORIENTED_EDGE('',*,*,#8347,.F.);
#8347 = EDGE_CURVE('',#8144,#8340,#8348,.T.);
#8348 = LINE('',#8349,#8350);
#8349 = CARTESIAN_POINT('',(-0.7475,0.3,0.47));
#8350 = VECTOR('',#8351,1.);
#8351 = DIRECTION('',(-1.,0.,0.));
#8352 = ORIENTED_EDGE('',*,*,#8141,.F.);
#8353 = PLANE('',#8354);
#8354 = AXIS2_PLACEMENT_3D('',#8355,#8356,#8357);
#8355 = CARTESIAN_POINT('',(-0.77,-0.4,0.47));
#8356 = DIRECTION('',(0.,0.,1.));
#8357 = DIRECTION('',(1.,0.,-0.));
#8358 = ADVANCED_FACE('',(#8359),#8370,.T.);
#8359 = FACE_BOUND('',#8360,.T.);
#8360 = EDGE_LOOP('',(#8361,#8362,#8363,#8364));
#8361 = ORIENTED_EDGE('',*,*,#8174,.T.);
#8362 = ORIENTED_EDGE('',*,*,#8277,.T.);
#8363 = ORIENTED_EDGE('',*,*,#8317,.T.);
#8364 = ORIENTED_EDGE('',*,*,#8365,.T.);
#8365 = EDGE_CURVE('',#8310,#8142,#8366,.T.);
#8366 = LINE('',#8367,#8368);
#8367 = CARTESIAN_POINT('',(0.5,0.4,0.47));
#8368 = VECTOR('',#8369,1.);
#8369 = DIRECTION('',(-1.,0.,0.));
#8370 = PLANE('',#8371);
#8371 = AXIS2_PLACEMENT_3D('',#8372,#8373,#8374);
#8372 = CARTESIAN_POINT('',(-8.772411109409E-18,0.4,0.775044128294));
#8373 = DIRECTION('',(0.,1.,0.));
#8374 = DIRECTION('',(0.,-0.,1.));
#8375 = ADVANCED_FACE('',(#8376),#8403,.T.);
#8376 = FACE_BOUND('',#8377,.T.);
#8377 = EDGE_LOOP('',(#8378,#8387,#8395,#8402));
#8378 = ORIENTED_EDGE('',*,*,#8379,.F.);
#8379 = EDGE_CURVE('',#8380,#8144,#8382,.T.);
#8380 = VERTEX_POINT('',#8381);
#8381 = CARTESIAN_POINT('',(-0.53,0.3,0.5));
#8382 = CIRCLE('',#8383,3.E-02);
#8383 = AXIS2_PLACEMENT_3D('',#8384,#8385,#8386);
#8384 = CARTESIAN_POINT('',(-0.53,0.3,0.47));
#8385 = DIRECTION('',(-0.,1.,0.));
#8386 = DIRECTION('',(1.,0.,0.));
#8387 = ORIENTED_EDGE('',*,*,#8388,.F.);
#8388 = EDGE_CURVE('',#8389,#8380,#8391,.T.);
#8389 = VERTEX_POINT('',#8390);
#8390 = CARTESIAN_POINT('',(-0.53,-0.3,0.5));
#8391 = LINE('',#8392,#8393);
#8392 = CARTESIAN_POINT('',(-0.53,-0.4,0.5));
#8393 = VECTOR('',#8394,1.);
#8394 = DIRECTION('',(0.,1.,0.));
#8395 = ORIENTED_EDGE('',*,*,#8396,.T.);
#8396 = EDGE_CURVE('',#8389,#8152,#8397,.T.);
#8397 = CIRCLE('',#8398,3.E-02);
#8398 = AXIS2_PLACEMENT_3D('',#8399,#8400,#8401);
#8399 = CARTESIAN_POINT('',(-0.53,-0.3,0.47));
#8400 = DIRECTION('',(-0.,1.,0.));
#8401 = DIRECTION('',(1.,0.,0.));
#8402 = ORIENTED_EDGE('',*,*,#8151,.T.);
#8403 = CYLINDRICAL_SURFACE('',#8404,3.E-02);
#8404 = AXIS2_PLACEMENT_3D('',#8405,#8406,#8407);
#8405 = CARTESIAN_POINT('',(-0.53,-0.4,0.47));
#8406 = DIRECTION('',(0.,1.,0.));
#8407 = DIRECTION('',(1.,0.,0.));
#8408 = ADVANCED_FACE('',(#8409),#8427,.T.);
#8409 = FACE_BOUND('',#8410,.T.);
#8410 = EDGE_LOOP('',(#8411,#8419,#8420,#8421));
#8411 = ORIENTED_EDGE('',*,*,#8412,.F.);
#8412 = EDGE_CURVE('',#8207,#8413,#8415,.T.);
#8413 = VERTEX_POINT('',#8414);
#8414 = CARTESIAN_POINT('',(-0.725,-0.3,0.47));
#8415 = LINE('',#8416,#8417);
#8416 = CARTESIAN_POINT('',(-0.725,-0.35,0.47));
#8417 = VECTOR('',#8418,1.);
#8418 = DIRECTION('',(0.,1.,0.));
#8419 = ORIENTED_EDGE('',*,*,#8214,.T.);
#8420 = ORIENTED_EDGE('',*,*,#8159,.F.);
#8421 = ORIENTED_EDGE('',*,*,#8422,.F.);
#8422 = EDGE_CURVE('',#8413,#8152,#8423,.T.);
#8423 = LINE('',#8424,#8425);
#8424 = CARTESIAN_POINT('',(-2.25E-02,-0.3,0.47));
#8425 = VECTOR('',#8426,1.);
#8426 = DIRECTION('',(1.,0.,0.));
#8427 = PLANE('',#8428);
#8428 = AXIS2_PLACEMENT_3D('',#8429,#8430,#8431);
#8429 = CARTESIAN_POINT('',(-0.77,-0.4,0.47));
#8430 = DIRECTION('',(0.,0.,1.));
#8431 = DIRECTION('',(1.,0.,-0.));
#8432 = ADVANCED_FACE('',(#8433),#8494,.F.);
#8433 = FACE_BOUND('',#8434,.F.);
#8434 = EDGE_LOOP('',(#8435,#8445,#8454,#8462,#8471,#8479,#8485,#8486,
    #8487,#8488));
#8435 = ORIENTED_EDGE('',*,*,#8436,.F.);
#8436 = EDGE_CURVE('',#8437,#8439,#8441,.T.);
#8437 = VERTEX_POINT('',#8438);
#8438 = CARTESIAN_POINT('',(-0.77,-0.4,-3.469446951954E-18));
#8439 = VERTEX_POINT('',#8440);
#8440 = CARTESIAN_POINT('',(-0.725,-0.4,0.));
#8441 = LINE('',#8442,#8443);
#8442 = CARTESIAN_POINT('',(-0.8,-0.4,0.));
#8443 = VECTOR('',#8444,1.);
#8444 = DIRECTION('',(1.,0.,0.));
#8445 = ORIENTED_EDGE('',*,*,#8446,.F.);
#8446 = EDGE_CURVE('',#8447,#8437,#8449,.T.);
#8447 = VERTEX_POINT('',#8448);
#8448 = CARTESIAN_POINT('',(-0.8,-0.4,3.E-02));
#8449 = CIRCLE('',#8450,3.E-02);
#8450 = AXIS2_PLACEMENT_3D('',#8451,#8452,#8453);
#8451 = CARTESIAN_POINT('',(-0.77,-0.4,3.E-02));
#8452 = DIRECTION('',(0.,-1.,0.));
#8453 = DIRECTION('',(0.,0.,1.));
#8454 = ORIENTED_EDGE('',*,*,#8455,.T.);
#8455 = EDGE_CURVE('',#8447,#8456,#8458,.T.);
#8456 = VERTEX_POINT('',#8457);
#8457 = CARTESIAN_POINT('',(-0.8,-0.4,0.47));
#8458 = LINE('',#8459,#8460);
#8459 = CARTESIAN_POINT('',(-0.8,-0.4,0.));
#8460 = VECTOR('',#8461,1.);
#8461 = DIRECTION('',(0.,0.,1.));
#8462 = ORIENTED_EDGE('',*,*,#8463,.T.);
#8463 = EDGE_CURVE('',#8456,#8464,#8466,.T.);
#8464 = VERTEX_POINT('',#8465);
#8465 = CARTESIAN_POINT('',(-0.77,-0.4,0.5));
#8466 = CIRCLE('',#8467,3.E-02);
#8467 = AXIS2_PLACEMENT_3D('',#8468,#8469,#8470);
#8468 = CARTESIAN_POINT('',(-0.77,-0.4,0.47));
#8469 = DIRECTION('',(0.,1.,0.));
#8470 = DIRECTION('',(0.,-0.,1.));
#8471 = ORIENTED_EDGE('',*,*,#8472,.T.);
#8472 = EDGE_CURVE('',#8464,#8473,#8475,.T.);
#8473 = VERTEX_POINT('',#8474);
#8474 = CARTESIAN_POINT('',(-0.725,-0.4,0.5));
#8475 = LINE('',#8476,#8477);
#8476 = CARTESIAN_POINT('',(-0.8,-0.4,0.5));
#8477 = VECTOR('',#8478,1.);
#8478 = DIRECTION('',(1.,0.,0.));
#8479 = ORIENTED_EDGE('',*,*,#8480,.F.);
#8480 = EDGE_CURVE('',#8207,#8473,#8481,.T.);
#8481 = LINE('',#8482,#8483);
#8482 = CARTESIAN_POINT('',(-0.725,-0.4,0.375));
#8483 = VECTOR('',#8484,1.);
#8484 = DIRECTION('',(0.,0.,1.));
#8485 = ORIENTED_EDGE('',*,*,#8206,.F.);
#8486 = ORIENTED_EDGE('',*,*,#8198,.F.);
#8487 = ORIENTED_EDGE('',*,*,#8188,.T.);
#8488 = ORIENTED_EDGE('',*,*,#8489,.F.);
#8489 = EDGE_CURVE('',#8439,#8191,#8490,.T.);
#8490 = LINE('',#8491,#8492);
#8491 = CARTESIAN_POINT('',(-0.725,-0.4,0.375));
#8492 = VECTOR('',#8493,1.);
#8493 = DIRECTION('',(0.,0.,1.));
#8494 = PLANE('',#8495);
#8495 = AXIS2_PLACEMENT_3D('',#8496,#8497,#8498);
#8496 = CARTESIAN_POINT('',(-0.8,-0.4,0.));
#8497 = DIRECTION('',(0.,1.,0.));
#8498 = DIRECTION('',(0.,-0.,1.));
#8499 = ADVANCED_FACE('',(#8500,#8589),#8615,.F.);
#8500 = FACE_BOUND('',#8501,.F.);
#8501 = EDGE_LOOP('',(#8502,#8510,#8511,#8519,#8527,#8535,#8543,#8551,
    #8559,#8567,#8575,#8583));
#8502 = ORIENTED_EDGE('',*,*,#8503,.F.);
#8503 = EDGE_CURVE('',#8191,#8504,#8506,.T.);
#8504 = VERTEX_POINT('',#8505);
#8505 = CARTESIAN_POINT('',(-0.725,-0.3,3.E-02));
#8506 = LINE('',#8507,#8508);
#8507 = CARTESIAN_POINT('',(-0.725,-0.35,3.E-02));
#8508 = VECTOR('',#8509,1.);
#8509 = DIRECTION('',(0.,1.,0.));
#8510 = ORIENTED_EDGE('',*,*,#8253,.T.);
#8511 = ORIENTED_EDGE('',*,*,#8512,.F.);
#8512 = EDGE_CURVE('',#8513,#8246,#8515,.T.);
#8513 = VERTEX_POINT('',#8514);
#8514 = CARTESIAN_POINT('',(0.725,-0.3,3.E-02));
#8515 = LINE('',#8516,#8517);
#8516 = CARTESIAN_POINT('',(0.725,-0.45,3.E-02));
#8517 = VECTOR('',#8518,1.);
#8518 = DIRECTION('',(0.,-1.,0.));
#8519 = ORIENTED_EDGE('',*,*,#8520,.F.);
#8520 = EDGE_CURVE('',#8521,#8513,#8523,.T.);
#8521 = VERTEX_POINT('',#8522);
#8522 = CARTESIAN_POINT('',(0.5,-0.3,3.E-02));
#8523 = LINE('',#8524,#8525);
#8524 = CARTESIAN_POINT('',(-2.25E-02,-0.3,3.E-02));
#8525 = VECTOR('',#8526,1.);
#8526 = DIRECTION('',(1.,0.,0.));
#8527 = ORIENTED_EDGE('',*,*,#8528,.T.);
#8528 = EDGE_CURVE('',#8521,#8529,#8531,.T.);
#8529 = VERTEX_POINT('',#8530);
#8530 = CARTESIAN_POINT('',(0.5,0.3,3.E-02));
#8531 = LINE('',#8532,#8533);
#8532 = CARTESIAN_POINT('',(0.5,-0.4,3.E-02));
#8533 = VECTOR('',#8534,1.);
#8534 = DIRECTION('',(0.,1.,0.));
#8535 = ORIENTED_EDGE('',*,*,#8536,.F.);
#8536 = EDGE_CURVE('',#8537,#8529,#8539,.T.);
#8537 = VERTEX_POINT('',#8538);
#8538 = CARTESIAN_POINT('',(0.725,0.3,3.E-02));
#8539 = LINE('',#8540,#8541);
#8540 = CARTESIAN_POINT('',(-0.7475,0.3,3.E-02));
#8541 = VECTOR('',#8542,1.);
#8542 = DIRECTION('',(-1.,0.,0.));
#8543 = ORIENTED_EDGE('',*,*,#8544,.F.);
#8544 = EDGE_CURVE('',#8545,#8537,#8547,.T.);
#8545 = VERTEX_POINT('',#8546);
#8546 = CARTESIAN_POINT('',(0.725,0.4,3.E-02));
#8547 = LINE('',#8548,#8549);
#8548 = CARTESIAN_POINT('',(0.725,-5.E-02,3.E-02));
#8549 = VECTOR('',#8550,1.);
#8550 = DIRECTION('',(0.,-1.,0.));
#8551 = ORIENTED_EDGE('',*,*,#8552,.F.);
#8552 = EDGE_CURVE('',#8553,#8545,#8555,.T.);
#8553 = VERTEX_POINT('',#8554);
#8554 = CARTESIAN_POINT('',(-0.725,0.4,3.E-02));
#8555 = LINE('',#8556,#8557);
#8556 = CARTESIAN_POINT('',(-0.77,0.4,3.E-02));
#8557 = VECTOR('',#8558,1.);
#8558 = DIRECTION('',(1.,0.,0.));
#8559 = ORIENTED_EDGE('',*,*,#8560,.F.);
#8560 = EDGE_CURVE('',#8561,#8553,#8563,.T.);
#8561 = VERTEX_POINT('',#8562);
#8562 = CARTESIAN_POINT('',(-0.725,0.3,3.E-02));
#8563 = LINE('',#8564,#8565);
#8564 = CARTESIAN_POINT('',(-0.725,5.E-02,3.E-02));
#8565 = VECTOR('',#8566,1.);
#8566 = DIRECTION('',(0.,1.,0.));
#8567 = ORIENTED_EDGE('',*,*,#8568,.F.);
#8568 = EDGE_CURVE('',#8569,#8561,#8571,.T.);
#8569 = VERTEX_POINT('',#8570);
#8570 = CARTESIAN_POINT('',(-0.5,0.3,3.E-02));
#8571 = LINE('',#8572,#8573);
#8572 = CARTESIAN_POINT('',(-0.7475,0.3,3.E-02));
#8573 = VECTOR('',#8574,1.);
#8574 = DIRECTION('',(-1.,0.,0.));
#8575 = ORIENTED_EDGE('',*,*,#8576,.F.);
#8576 = EDGE_CURVE('',#8577,#8569,#8579,.T.);
#8577 = VERTEX_POINT('',#8578);
#8578 = CARTESIAN_POINT('',(-0.5,-0.3,3.E-02));
#8579 = LINE('',#8580,#8581);
#8580 = CARTESIAN_POINT('',(-0.5,-0.4,3.E-02));
#8581 = VECTOR('',#8582,1.);
#8582 = DIRECTION('',(0.,1.,0.));
#8583 = ORIENTED_EDGE('',*,*,#8584,.F.);
#8584 = EDGE_CURVE('',#8504,#8577,#8585,.T.);
#8585 = LINE('',#8586,#8587);
#8586 = CARTESIAN_POINT('',(-2.25E-02,-0.3,3.E-02));
#8587 = VECTOR('',#8588,1.);
#8588 = DIRECTION('',(1.,0.,0.));
#8589 = FACE_BOUND('',#8590,.F.);
#8590 = EDGE_LOOP('',(#8591,#8601,#8609));
#8591 = ORIENTED_EDGE('',*,*,#8592,.T.);
#8592 = EDGE_CURVE('',#8593,#8595,#8597,.T.);
#8593 = VERTEX_POINT('',#8594);
#8594 = CARTESIAN_POINT('',(0.277128129211,0.32,3.E-02));
#8595 = VERTEX_POINT('',#8596);
#8596 = CARTESIAN_POINT('',(0.277128129211,-0.32,3.E-02));
#8597 = LINE('',#8598,#8599);
#8598 = CARTESIAN_POINT('',(0.277128129211,0.32,3.E-02));
#8599 = VECTOR('',#8600,1.);
#8600 = DIRECTION('',(0.,-1.,0.));
#8601 = ORIENTED_EDGE('',*,*,#8602,.T.);
#8602 = EDGE_CURVE('',#8595,#8603,#8605,.T.);
#8603 = VERTEX_POINT('',#8604);
#8604 = CARTESIAN_POINT('',(-0.277128129211,0.,3.E-02));
#8605 = LINE('',#8606,#8607);
#8606 = CARTESIAN_POINT('',(0.277128129211,-0.32,3.E-02));
#8607 = VECTOR('',#8608,1.);
#8608 = DIRECTION('',(-0.866025403784,0.5,0.));
#8609 = ORIENTED_EDGE('',*,*,#8610,.T.);
#8610 = EDGE_CURVE('',#8603,#8593,#8611,.T.);
#8611 = LINE('',#8612,#8613);
#8612 = CARTESIAN_POINT('',(-0.277128129211,0.,3.E-02));
#8613 = VECTOR('',#8614,1.);
#8614 = DIRECTION('',(0.866025403784,0.5,0.));
#8615 = PLANE('',#8616);
#8616 = AXIS2_PLACEMENT_3D('',#8617,#8618,#8619);
#8617 = CARTESIAN_POINT('',(-0.77,-0.4,3.E-02));
#8618 = DIRECTION('',(0.,0.,1.));
#8619 = DIRECTION('',(1.,0.,-0.));
#8620 = ADVANCED_FACE('',(#8621),#8682,.F.);
#8621 = FACE_BOUND('',#8622,.F.);
#8622 = EDGE_LOOP('',(#8623,#8633,#8639,#8640,#8641,#8642,#8650,#8658,
    #8667,#8675));
#8623 = ORIENTED_EDGE('',*,*,#8624,.F.);
#8624 = EDGE_CURVE('',#8625,#8627,#8629,.T.);
#8625 = VERTEX_POINT('',#8626);
#8626 = CARTESIAN_POINT('',(0.725,-0.4,0.));
#8627 = VERTEX_POINT('',#8628);
#8628 = CARTESIAN_POINT('',(0.77,-0.4,-3.469446951954E-18));
#8629 = LINE('',#8630,#8631);
#8630 = CARTESIAN_POINT('',(0.5,-0.4,0.));
#8631 = VECTOR('',#8632,1.);
#8632 = DIRECTION('',(1.,0.,0.));
#8633 = ORIENTED_EDGE('',*,*,#8634,.F.);
#8634 = EDGE_CURVE('',#8246,#8625,#8635,.T.);
#8635 = LINE('',#8636,#8637);
#8636 = CARTESIAN_POINT('',(0.725,-0.4,0.375));
#8637 = VECTOR('',#8638,1.);
#8638 = DIRECTION('',(0.,0.,-1.));
#8639 = ORIENTED_EDGE('',*,*,#8245,.T.);
#8640 = ORIENTED_EDGE('',*,*,#8237,.T.);
#8641 = ORIENTED_EDGE('',*,*,#8229,.F.);
#8642 = ORIENTED_EDGE('',*,*,#8643,.F.);
#8643 = EDGE_CURVE('',#8644,#8222,#8646,.T.);
#8644 = VERTEX_POINT('',#8645);
#8645 = CARTESIAN_POINT('',(0.725,-0.4,0.5));
#8646 = LINE('',#8647,#8648);
#8647 = CARTESIAN_POINT('',(0.725,-0.4,0.375));
#8648 = VECTOR('',#8649,1.);
#8649 = DIRECTION('',(0.,0.,-1.));
#8650 = ORIENTED_EDGE('',*,*,#8651,.T.);
#8651 = EDGE_CURVE('',#8644,#8652,#8654,.T.);
#8652 = VERTEX_POINT('',#8653);
#8653 = CARTESIAN_POINT('',(0.77,-0.4,0.5));
#8654 = LINE('',#8655,#8656);
#8655 = CARTESIAN_POINT('',(0.5,-0.4,0.5));
#8656 = VECTOR('',#8657,1.);
#8657 = DIRECTION('',(1.,0.,0.));
#8658 = ORIENTED_EDGE('',*,*,#8659,.F.);
#8659 = EDGE_CURVE('',#8660,#8652,#8662,.T.);
#8660 = VERTEX_POINT('',#8661);
#8661 = CARTESIAN_POINT('',(0.8,-0.4,0.47));
#8662 = CIRCLE('',#8663,3.E-02);
#8663 = AXIS2_PLACEMENT_3D('',#8664,#8665,#8666);
#8664 = CARTESIAN_POINT('',(0.77,-0.4,0.47));
#8665 = DIRECTION('',(0.,-1.,0.));
#8666 = DIRECTION('',(0.,0.,1.));
#8667 = ORIENTED_EDGE('',*,*,#8668,.F.);
#8668 = EDGE_CURVE('',#8669,#8660,#8671,.T.);
#8669 = VERTEX_POINT('',#8670);
#8670 = CARTESIAN_POINT('',(0.8,-0.4,3.E-02));
#8671 = LINE('',#8672,#8673);
#8672 = CARTESIAN_POINT('',(0.8,-0.4,0.));
#8673 = VECTOR('',#8674,1.);
#8674 = DIRECTION('',(0.,0.,1.));
#8675 = ORIENTED_EDGE('',*,*,#8676,.T.);
#8676 = EDGE_CURVE('',#8669,#8627,#8677,.T.);
#8677 = CIRCLE('',#8678,3.E-02);
#8678 = AXIS2_PLACEMENT_3D('',#8679,#8680,#8681);
#8679 = CARTESIAN_POINT('',(0.77,-0.4,3.E-02));
#8680 = DIRECTION('',(0.,1.,0.));
#8681 = DIRECTION('',(0.,-0.,1.));
#8682 = PLANE('',#8683);
#8683 = AXIS2_PLACEMENT_3D('',#8684,#8685,#8686);
#8684 = CARTESIAN_POINT('',(0.5,-0.4,0.));
#8685 = DIRECTION('',(0.,1.,0.));
#8686 = DIRECTION('',(0.,-0.,1.));
#8687 = ADVANCED_FACE('',(#8688),#8706,.T.);
#8688 = FACE_BOUND('',#8689,.T.);
#8689 = EDGE_LOOP('',(#8690,#8698,#8699,#8700));
#8690 = ORIENTED_EDGE('',*,*,#8691,.F.);
#8691 = EDGE_CURVE('',#8294,#8692,#8694,.T.);
#8692 = VERTEX_POINT('',#8693);
#8693 = CARTESIAN_POINT('',(0.725,-0.3,0.47));
#8694 = LINE('',#8695,#8696);
#8695 = CARTESIAN_POINT('',(-2.25E-02,-0.3,0.47));
#8696 = VECTOR('',#8697,1.);
#8697 = DIRECTION('',(1.,0.,0.));
#8698 = ORIENTED_EDGE('',*,*,#8293,.T.);
#8699 = ORIENTED_EDGE('',*,*,#8221,.T.);
#8700 = ORIENTED_EDGE('',*,*,#8701,.F.);
#8701 = EDGE_CURVE('',#8692,#8222,#8702,.T.);
#8702 = LINE('',#8703,#8704);
#8703 = CARTESIAN_POINT('',(0.725,-0.45,0.47));
#8704 = VECTOR('',#8705,1.);
#8705 = DIRECTION('',(0.,-1.,0.));
#8706 = PLANE('',#8707);
#8707 = AXIS2_PLACEMENT_3D('',#8708,#8709,#8710);
#8708 = CARTESIAN_POINT('',(-0.77,-0.4,0.47));
#8709 = DIRECTION('',(0.,0.,1.));
#8710 = DIRECTION('',(1.,0.,-0.));
#8711 = ADVANCED_FACE('',(#8712),#8737,.T.);
#8712 = FACE_BOUND('',#8713,.T.);
#8713 = EDGE_LOOP('',(#8714,#8722,#8723,#8731));
#8714 = ORIENTED_EDGE('',*,*,#8715,.F.);
#8715 = EDGE_CURVE('',#8310,#8716,#8718,.T.);
#8716 = VERTEX_POINT('',#8717);
#8717 = CARTESIAN_POINT('',(0.725,0.4,0.47));
#8718 = LINE('',#8719,#8720);
#8719 = CARTESIAN_POINT('',(-0.77,0.4,0.47));
#8720 = VECTOR('',#8721,1.);
#8721 = DIRECTION('',(1.,0.,0.));
#8722 = ORIENTED_EDGE('',*,*,#8309,.T.);
#8723 = ORIENTED_EDGE('',*,*,#8724,.F.);
#8724 = EDGE_CURVE('',#8725,#8302,#8727,.T.);
#8725 = VERTEX_POINT('',#8726);
#8726 = CARTESIAN_POINT('',(0.725,0.3,0.47));
#8727 = LINE('',#8728,#8729);
#8728 = CARTESIAN_POINT('',(-0.7475,0.3,0.47));
#8729 = VECTOR('',#8730,1.);
#8730 = DIRECTION('',(-1.,0.,0.));
#8731 = ORIENTED_EDGE('',*,*,#8732,.F.);
#8732 = EDGE_CURVE('',#8716,#8725,#8733,.T.);
#8733 = LINE('',#8734,#8735);
#8734 = CARTESIAN_POINT('',(0.725,-5.E-02,0.47));
#8735 = VECTOR('',#8736,1.);
#8736 = DIRECTION('',(0.,-1.,0.));
#8737 = PLANE('',#8738);
#8738 = AXIS2_PLACEMENT_3D('',#8739,#8740,#8741);
#8739 = CARTESIAN_POINT('',(-0.77,-0.4,0.47));
#8740 = DIRECTION('',(0.,0.,1.));
#8741 = DIRECTION('',(1.,0.,-0.));
#8742 = ADVANCED_FACE('',(#8743),#8770,.T.);
#8743 = FACE_BOUND('',#8744,.T.);
#8744 = EDGE_LOOP('',(#8745,#8746,#8755,#8763));
#8745 = ORIENTED_EDGE('',*,*,#8301,.F.);
#8746 = ORIENTED_EDGE('',*,*,#8747,.T.);
#8747 = EDGE_CURVE('',#8294,#8748,#8750,.T.);
#8748 = VERTEX_POINT('',#8749);
#8749 = CARTESIAN_POINT('',(0.53,-0.3,0.5));
#8750 = CIRCLE('',#8751,3.E-02);
#8751 = AXIS2_PLACEMENT_3D('',#8752,#8753,#8754);
#8752 = CARTESIAN_POINT('',(0.53,-0.3,0.47));
#8753 = DIRECTION('',(0.,1.,-0.));
#8754 = DIRECTION('',(-1.,0.,0.));
#8755 = ORIENTED_EDGE('',*,*,#8756,.T.);
#8756 = EDGE_CURVE('',#8748,#8757,#8759,.T.);
#8757 = VERTEX_POINT('',#8758);
#8758 = CARTESIAN_POINT('',(0.53,0.3,0.5));
#8759 = LINE('',#8760,#8761);
#8760 = CARTESIAN_POINT('',(0.53,-0.4,0.5));
#8761 = VECTOR('',#8762,1.);
#8762 = DIRECTION('',(0.,1.,0.));
#8763 = ORIENTED_EDGE('',*,*,#8764,.F.);
#8764 = EDGE_CURVE('',#8302,#8757,#8765,.T.);
#8765 = CIRCLE('',#8766,3.E-02);
#8766 = AXIS2_PLACEMENT_3D('',#8767,#8768,#8769);
#8767 = CARTESIAN_POINT('',(0.53,0.3,0.47));
#8768 = DIRECTION('',(0.,1.,-0.));
#8769 = DIRECTION('',(-1.,0.,0.));
#8770 = CYLINDRICAL_SURFACE('',#8771,3.E-02);
#8771 = AXIS2_PLACEMENT_3D('',#8772,#8773,#8774);
#8772 = CARTESIAN_POINT('',(0.53,-0.4,0.47));
#8773 = DIRECTION('',(0.,1.,0.));
#8774 = DIRECTION('',(-1.,0.,0.));
#8775 = ADVANCED_FACE('',(#8776),#8826,.T.);
#8776 = FACE_BOUND('',#8777,.T.);
#8777 = EDGE_LOOP('',(#8778,#8786,#8794,#8800,#8801,#8802,#8803,#8811,
    #8819,#8825));
#8778 = ORIENTED_EDGE('',*,*,#8779,.F.);
#8779 = EDGE_CURVE('',#8780,#8553,#8782,.T.);
#8780 = VERTEX_POINT('',#8781);
#8781 = CARTESIAN_POINT('',(-0.77,0.4,3.E-02));
#8782 = LINE('',#8783,#8784);
#8783 = CARTESIAN_POINT('',(-0.77,0.4,3.E-02));
#8784 = VECTOR('',#8785,1.);
#8785 = DIRECTION('',(1.,0.,0.));
#8786 = ORIENTED_EDGE('',*,*,#8787,.T.);
#8787 = EDGE_CURVE('',#8780,#8788,#8790,.T.);
#8788 = VERTEX_POINT('',#8789);
#8789 = CARTESIAN_POINT('',(-0.77,0.4,0.47));
#8790 = LINE('',#8791,#8792);
#8791 = CARTESIAN_POINT('',(-0.77,0.4,3.E-02));
#8792 = VECTOR('',#8793,1.);
#8793 = DIRECTION('',(0.,0.,1.));
#8794 = ORIENTED_EDGE('',*,*,#8795,.T.);
#8795 = EDGE_CURVE('',#8788,#8332,#8796,.T.);
#8796 = LINE('',#8797,#8798);
#8797 = CARTESIAN_POINT('',(-0.77,0.4,0.47));
#8798 = VECTOR('',#8799,1.);
#8799 = DIRECTION('',(1.,0.,0.));
#8800 = ORIENTED_EDGE('',*,*,#8331,.T.);
#8801 = ORIENTED_EDGE('',*,*,#8365,.F.);
#8802 = ORIENTED_EDGE('',*,*,#8715,.T.);
#8803 = ORIENTED_EDGE('',*,*,#8804,.T.);
#8804 = EDGE_CURVE('',#8716,#8805,#8807,.T.);
#8805 = VERTEX_POINT('',#8806);
#8806 = CARTESIAN_POINT('',(0.77,0.4,0.47));
#8807 = LINE('',#8808,#8809);
#8808 = CARTESIAN_POINT('',(-0.77,0.4,0.47));
#8809 = VECTOR('',#8810,1.);
#8810 = DIRECTION('',(1.,0.,0.));
#8811 = ORIENTED_EDGE('',*,*,#8812,.F.);
#8812 = EDGE_CURVE('',#8813,#8805,#8815,.T.);
#8813 = VERTEX_POINT('',#8814);
#8814 = CARTESIAN_POINT('',(0.77,0.4,3.E-02));
#8815 = LINE('',#8816,#8817);
#8816 = CARTESIAN_POINT('',(0.77,0.4,3.E-02));
#8817 = VECTOR('',#8818,1.);
#8818 = DIRECTION('',(0.,0.,1.));
#8819 = ORIENTED_EDGE('',*,*,#8820,.F.);
#8820 = EDGE_CURVE('',#8545,#8813,#8821,.T.);
#8821 = LINE('',#8822,#8823);
#8822 = CARTESIAN_POINT('',(-0.77,0.4,3.E-02));
#8823 = VECTOR('',#8824,1.);
#8824 = DIRECTION('',(1.,0.,0.));
#8825 = ORIENTED_EDGE('',*,*,#8552,.F.);
#8826 = PLANE('',#8827);
#8827 = AXIS2_PLACEMENT_3D('',#8828,#8829,#8830);
#8828 = CARTESIAN_POINT('',(-0.77,0.4,3.E-02));
#8829 = DIRECTION('',(0.,1.,0.));
#8830 = DIRECTION('',(0.,-0.,1.));
#8831 = ADVANCED_FACE('',(#8832),#8850,.F.);
#8832 = FACE_BOUND('',#8833,.F.);
#8833 = EDGE_LOOP('',(#8834,#8842,#8848,#8849));
#8834 = ORIENTED_EDGE('',*,*,#8835,.F.);
#8835 = EDGE_CURVE('',#8836,#8380,#8838,.T.);
#8836 = VERTEX_POINT('',#8837);
#8837 = CARTESIAN_POINT('',(-0.725,0.3,0.5));
#8838 = LINE('',#8839,#8840);
#8839 = CARTESIAN_POINT('',(-0.7625,0.3,0.5));
#8840 = VECTOR('',#8841,1.);
#8841 = DIRECTION('',(1.,0.,0.));
#8842 = ORIENTED_EDGE('',*,*,#8843,.T.);
#8843 = EDGE_CURVE('',#8836,#8340,#8844,.T.);
#8844 = LINE('',#8845,#8846);
#8845 = CARTESIAN_POINT('',(-0.725,0.3,0.75));
#8846 = VECTOR('',#8847,1.);
#8847 = DIRECTION('',(-0.,-0.,-1.));
#8848 = ORIENTED_EDGE('',*,*,#8347,.F.);
#8849 = ORIENTED_EDGE('',*,*,#8379,.F.);
#8850 = PLANE('',#8851);
#8851 = AXIS2_PLACEMENT_3D('',#8852,#8853,#8854);
#8852 = CARTESIAN_POINT('',(-0.725,0.3,0.75));
#8853 = DIRECTION('',(0.,-1.,0.));
#8854 = DIRECTION('',(1.,0.,0.));
#8855 = ADVANCED_FACE('',(#8856),#8874,.F.);
#8856 = FACE_BOUND('',#8857,.F.);
#8857 = EDGE_LOOP('',(#8858,#8859,#8867,#8873));
#8858 = ORIENTED_EDGE('',*,*,#8843,.F.);
#8859 = ORIENTED_EDGE('',*,*,#8860,.F.);
#8860 = EDGE_CURVE('',#8861,#8836,#8863,.T.);
#8861 = VERTEX_POINT('',#8862);
#8862 = CARTESIAN_POINT('',(-0.725,0.4,0.5));
#8863 = LINE('',#8864,#8865);
#8864 = CARTESIAN_POINT('',(-0.725,5.E-02,0.5));
#8865 = VECTOR('',#8866,1.);
#8866 = DIRECTION('',(0.,-1.,0.));
#8867 = ORIENTED_EDGE('',*,*,#8868,.F.);
#8868 = EDGE_CURVE('',#8332,#8861,#8869,.T.);
#8869 = LINE('',#8870,#8871);
#8870 = CARTESIAN_POINT('',(-0.725,0.4,0.375));
#8871 = VECTOR('',#8872,1.);
#8872 = DIRECTION('',(0.,0.,1.));
#8873 = ORIENTED_EDGE('',*,*,#8339,.F.);
#8874 = PLANE('',#8875);
#8875 = AXIS2_PLACEMENT_3D('',#8876,#8877,#8878);
#8876 = CARTESIAN_POINT('',(-0.725,0.5,0.75));
#8877 = DIRECTION('',(-1.,0.,0.));
#8878 = DIRECTION('',(0.,-1.,0.));
#8879 = ADVANCED_FACE('',(#8880),#8898,.F.);
#8880 = FACE_BOUND('',#8881,.F.);
#8881 = EDGE_LOOP('',(#8882,#8890,#8896,#8897));
#8882 = ORIENTED_EDGE('',*,*,#8883,.F.);
#8883 = EDGE_CURVE('',#8884,#8413,#8886,.T.);
#8884 = VERTEX_POINT('',#8885);
#8885 = CARTESIAN_POINT('',(-0.725,-0.3,0.5));
#8886 = LINE('',#8887,#8888);
#8887 = CARTESIAN_POINT('',(-0.725,-0.3,0.75));
#8888 = VECTOR('',#8889,1.);
#8889 = DIRECTION('',(-0.,-0.,-1.));
#8890 = ORIENTED_EDGE('',*,*,#8891,.F.);
#8891 = EDGE_CURVE('',#8389,#8884,#8892,.T.);
#8892 = LINE('',#8893,#8894);
#8893 = CARTESIAN_POINT('',(-3.75E-02,-0.3,0.5));
#8894 = VECTOR('',#8895,1.);
#8895 = DIRECTION('',(-1.,0.,0.));
#8896 = ORIENTED_EDGE('',*,*,#8396,.T.);
#8897 = ORIENTED_EDGE('',*,*,#8422,.F.);
#8898 = PLANE('',#8899);
#8899 = AXIS2_PLACEMENT_3D('',#8900,#8901,#8902);
#8900 = CARTESIAN_POINT('',(0.725,-0.3,0.75));
#8901 = DIRECTION('',(0.,1.,0.));
#8902 = DIRECTION('',(-1.,0.,0.));
#8903 = ADVANCED_FACE('',(#8904),#8931,.T.);
#8904 = FACE_BOUND('',#8905,.T.);
#8905 = EDGE_LOOP('',(#8906,#8914,#8920,#8921,#8927,#8928,#8929,#8930));
#8906 = ORIENTED_EDGE('',*,*,#8907,.F.);
#8907 = EDGE_CURVE('',#8908,#8861,#8910,.T.);
#8908 = VERTEX_POINT('',#8909);
#8909 = CARTESIAN_POINT('',(-0.77,0.4,0.5));
#8910 = LINE('',#8911,#8912);
#8911 = CARTESIAN_POINT('',(-0.8,0.4,0.5));
#8912 = VECTOR('',#8913,1.);
#8913 = DIRECTION('',(1.,0.,0.));
#8914 = ORIENTED_EDGE('',*,*,#8915,.F.);
#8915 = EDGE_CURVE('',#8464,#8908,#8916,.T.);
#8916 = LINE('',#8917,#8918);
#8917 = CARTESIAN_POINT('',(-0.77,-0.4,0.5));
#8918 = VECTOR('',#8919,1.);
#8919 = DIRECTION('',(0.,1.,0.));
#8920 = ORIENTED_EDGE('',*,*,#8472,.T.);
#8921 = ORIENTED_EDGE('',*,*,#8922,.F.);
#8922 = EDGE_CURVE('',#8884,#8473,#8923,.T.);
#8923 = LINE('',#8924,#8925);
#8924 = CARTESIAN_POINT('',(-0.725,-0.35,0.5));
#8925 = VECTOR('',#8926,1.);
#8926 = DIRECTION('',(0.,-1.,0.));
#8927 = ORIENTED_EDGE('',*,*,#8891,.F.);
#8928 = ORIENTED_EDGE('',*,*,#8388,.T.);
#8929 = ORIENTED_EDGE('',*,*,#8835,.F.);
#8930 = ORIENTED_EDGE('',*,*,#8860,.F.);
#8931 = PLANE('',#8932);
#8932 = AXIS2_PLACEMENT_3D('',#8933,#8934,#8935);
#8933 = CARTESIAN_POINT('',(-0.8,-0.4,0.5));
#8934 = DIRECTION('',(0.,0.,1.));
#8935 = DIRECTION('',(1.,0.,-0.));
#8936 = ADVANCED_FACE('',(#8937),#8943,.F.);
#8937 = FACE_BOUND('',#8938,.F.);
#8938 = EDGE_LOOP('',(#8939,#8940,#8941,#8942));
#8939 = ORIENTED_EDGE('',*,*,#8922,.F.);
#8940 = ORIENTED_EDGE('',*,*,#8883,.T.);
#8941 = ORIENTED_EDGE('',*,*,#8412,.F.);
#8942 = ORIENTED_EDGE('',*,*,#8480,.T.);
#8943 = PLANE('',#8944);
#8944 = AXIS2_PLACEMENT_3D('',#8945,#8946,#8947);
#8945 = CARTESIAN_POINT('',(-0.725,-0.3,0.75));
#8946 = DIRECTION('',(-1.,0.,0.));
#8947 = DIRECTION('',(0.,-1.,0.));
#8948 = ADVANCED_FACE('',(#8949),#9006,.F.);
#8949 = FACE_BOUND('',#8950,.F.);
#8950 = EDGE_LOOP('',(#8951,#8961,#8967,#8968,#8976,#8984,#8992,#9000));
#8951 = ORIENTED_EDGE('',*,*,#8952,.F.);
#8952 = EDGE_CURVE('',#8953,#8955,#8957,.T.);
#8953 = VERTEX_POINT('',#8954);
#8954 = CARTESIAN_POINT('',(-0.77,0.4,-3.469446951954E-18));
#8955 = VERTEX_POINT('',#8956);
#8956 = CARTESIAN_POINT('',(-0.725,0.4,0.));
#8957 = LINE('',#8958,#8959);
#8958 = CARTESIAN_POINT('',(-0.8,0.4,0.));
#8959 = VECTOR('',#8960,1.);
#8960 = DIRECTION('',(1.,0.,0.));
#8961 = ORIENTED_EDGE('',*,*,#8962,.F.);
#8962 = EDGE_CURVE('',#8437,#8953,#8963,.T.);
#8963 = LINE('',#8964,#8965);
#8964 = CARTESIAN_POINT('',(-0.77,-0.4,-3.469446951954E-18));
#8965 = VECTOR('',#8966,1.);
#8966 = DIRECTION('',(0.,1.,0.));
#8967 = ORIENTED_EDGE('',*,*,#8436,.T.);
#8968 = ORIENTED_EDGE('',*,*,#8969,.F.);
#8969 = EDGE_CURVE('',#8970,#8439,#8972,.T.);
#8970 = VERTEX_POINT('',#8971);
#8971 = CARTESIAN_POINT('',(-0.725,-0.3,0.));
#8972 = LINE('',#8973,#8974);
#8973 = CARTESIAN_POINT('',(-0.725,-0.35,0.));
#8974 = VECTOR('',#8975,1.);
#8975 = DIRECTION('',(0.,-1.,0.));
#8976 = ORIENTED_EDGE('',*,*,#8977,.F.);
#8977 = EDGE_CURVE('',#8978,#8970,#8980,.T.);
#8978 = VERTEX_POINT('',#8979);
#8979 = CARTESIAN_POINT('',(-0.53,-0.3,-3.469446951954E-18));
#8980 = LINE('',#8981,#8982);
#8981 = CARTESIAN_POINT('',(-3.75E-02,-0.3,0.));
#8982 = VECTOR('',#8983,1.);
#8983 = DIRECTION('',(-1.,0.,0.));
#8984 = ORIENTED_EDGE('',*,*,#8985,.T.);
#8985 = EDGE_CURVE('',#8978,#8986,#8988,.T.);
#8986 = VERTEX_POINT('',#8987);
#8987 = CARTESIAN_POINT('',(-0.53,0.3,-3.469446951954E-18));
#8988 = LINE('',#8989,#8990);
#8989 = CARTESIAN_POINT('',(-0.53,-0.4,-3.469446951954E-18));
#8990 = VECTOR('',#8991,1.);
#8991 = DIRECTION('',(0.,1.,0.));
#8992 = ORIENTED_EDGE('',*,*,#8993,.F.);
#8993 = EDGE_CURVE('',#8994,#8986,#8996,.T.);
#8994 = VERTEX_POINT('',#8995);
#8995 = CARTESIAN_POINT('',(-0.725,0.3,0.));
#8996 = LINE('',#8997,#8998);
#8997 = CARTESIAN_POINT('',(-0.7625,0.3,0.));
#8998 = VECTOR('',#8999,1.);
#8999 = DIRECTION('',(1.,0.,0.));
#9000 = ORIENTED_EDGE('',*,*,#9001,.F.);
#9001 = EDGE_CURVE('',#8955,#8994,#9002,.T.);
#9002 = LINE('',#9003,#9004);
#9003 = CARTESIAN_POINT('',(-0.725,5.E-02,0.));
#9004 = VECTOR('',#9005,1.);
#9005 = DIRECTION('',(0.,-1.,0.));
#9006 = PLANE('',#9007);
#9007 = AXIS2_PLACEMENT_3D('',#9008,#9009,#9010);
#9008 = CARTESIAN_POINT('',(-0.8,-0.4,0.));
#9009 = DIRECTION('',(0.,0.,1.));
#9010 = DIRECTION('',(1.,0.,-0.));
#9011 = ADVANCED_FACE('',(#9012),#9031,.T.);
#9012 = FACE_BOUND('',#9013,.T.);
#9013 = EDGE_LOOP('',(#9014,#9022,#9029,#9030));
#9014 = ORIENTED_EDGE('',*,*,#9015,.T.);
#9015 = EDGE_CURVE('',#8447,#9016,#9018,.T.);
#9016 = VERTEX_POINT('',#9017);
#9017 = CARTESIAN_POINT('',(-0.8,0.4,3.E-02));
#9018 = LINE('',#9019,#9020);
#9019 = CARTESIAN_POINT('',(-0.8,-0.4,3.E-02));
#9020 = VECTOR('',#9021,1.);
#9021 = DIRECTION('',(0.,1.,0.));
#9022 = ORIENTED_EDGE('',*,*,#9023,.T.);
#9023 = EDGE_CURVE('',#9016,#8953,#9024,.T.);
#9024 = CIRCLE('',#9025,3.E-02);
#9025 = AXIS2_PLACEMENT_3D('',#9026,#9027,#9028);
#9026 = CARTESIAN_POINT('',(-0.77,0.4,3.E-02));
#9027 = DIRECTION('',(0.,-1.,0.));
#9028 = DIRECTION('',(0.,0.,1.));
#9029 = ORIENTED_EDGE('',*,*,#8962,.F.);
#9030 = ORIENTED_EDGE('',*,*,#8446,.F.);
#9031 = CYLINDRICAL_SURFACE('',#9032,3.E-02);
#9032 = AXIS2_PLACEMENT_3D('',#9033,#9034,#9035);
#9033 = CARTESIAN_POINT('',(-0.77,-0.4,3.E-02));
#9034 = DIRECTION('',(0.,1.,0.));
#9035 = DIRECTION('',(-1.,0.,0.));
#9036 = ADVANCED_FACE('',(#9037),#9048,.F.);
#9037 = FACE_BOUND('',#9038,.F.);
#9038 = EDGE_LOOP('',(#9039,#9040,#9046,#9047));
#9039 = ORIENTED_EDGE('',*,*,#8503,.T.);
#9040 = ORIENTED_EDGE('',*,*,#9041,.T.);
#9041 = EDGE_CURVE('',#8504,#8970,#9042,.T.);
#9042 = LINE('',#9043,#9044);
#9043 = CARTESIAN_POINT('',(-0.725,-0.3,0.75));
#9044 = VECTOR('',#9045,1.);
#9045 = DIRECTION('',(-0.,-0.,-1.));
#9046 = ORIENTED_EDGE('',*,*,#8969,.T.);
#9047 = ORIENTED_EDGE('',*,*,#8489,.T.);
#9048 = PLANE('',#9049);
#9049 = AXIS2_PLACEMENT_3D('',#9050,#9051,#9052);
#9050 = CARTESIAN_POINT('',(-0.725,-0.3,0.75));
#9051 = DIRECTION('',(-1.,0.,0.));
#9052 = DIRECTION('',(0.,-1.,0.));
#9053 = ADVANCED_FACE('',(#9054),#9072,.F.);
#9054 = FACE_BOUND('',#9055,.F.);
#9055 = EDGE_LOOP('',(#9056,#9057,#9058,#9066));
#9056 = ORIENTED_EDGE('',*,*,#8455,.F.);
#9057 = ORIENTED_EDGE('',*,*,#9015,.T.);
#9058 = ORIENTED_EDGE('',*,*,#9059,.T.);
#9059 = EDGE_CURVE('',#9016,#9060,#9062,.T.);
#9060 = VERTEX_POINT('',#9061);
#9061 = CARTESIAN_POINT('',(-0.8,0.4,0.47));
#9062 = LINE('',#9063,#9064);
#9063 = CARTESIAN_POINT('',(-0.8,0.4,0.));
#9064 = VECTOR('',#9065,1.);
#9065 = DIRECTION('',(0.,0.,1.));
#9066 = ORIENTED_EDGE('',*,*,#9067,.F.);
#9067 = EDGE_CURVE('',#8456,#9060,#9068,.T.);
#9068 = LINE('',#9069,#9070);
#9069 = CARTESIAN_POINT('',(-0.8,-0.4,0.47));
#9070 = VECTOR('',#9071,1.);
#9071 = DIRECTION('',(0.,1.,0.));
#9072 = PLANE('',#9073);
#9073 = AXIS2_PLACEMENT_3D('',#9074,#9075,#9076);
#9074 = CARTESIAN_POINT('',(-0.8,-0.4,0.));
#9075 = DIRECTION('',(1.,0.,0.));
#9076 = DIRECTION('',(0.,0.,1.));
#9077 = ADVANCED_FACE('',(#9078),#9090,.T.);
#9078 = FACE_BOUND('',#9079,.T.);
#9079 = EDGE_LOOP('',(#9080,#9081,#9082,#9089));
#9080 = ORIENTED_EDGE('',*,*,#8463,.T.);
#9081 = ORIENTED_EDGE('',*,*,#8915,.T.);
#9082 = ORIENTED_EDGE('',*,*,#9083,.F.);
#9083 = EDGE_CURVE('',#9060,#8908,#9084,.T.);
#9084 = CIRCLE('',#9085,3.E-02);
#9085 = AXIS2_PLACEMENT_3D('',#9086,#9087,#9088);
#9086 = CARTESIAN_POINT('',(-0.77,0.4,0.47));
#9087 = DIRECTION('',(0.,1.,0.));
#9088 = DIRECTION('',(0.,-0.,1.));
#9089 = ORIENTED_EDGE('',*,*,#9067,.F.);
#9090 = CYLINDRICAL_SURFACE('',#9091,3.E-02);
#9091 = AXIS2_PLACEMENT_3D('',#9092,#9093,#9094);
#9092 = CARTESIAN_POINT('',(-0.77,-0.4,0.47));
#9093 = DIRECTION('',(0.,1.,0.));
#9094 = DIRECTION('',(-1.,0.,0.));
#9095 = ADVANCED_FACE('',(#9096),#9108,.F.);
#9096 = FACE_BOUND('',#9097,.F.);
#9097 = EDGE_LOOP('',(#9098,#9099,#9100,#9107));
#9098 = ORIENTED_EDGE('',*,*,#9041,.F.);
#9099 = ORIENTED_EDGE('',*,*,#8584,.T.);
#9100 = ORIENTED_EDGE('',*,*,#9101,.T.);
#9101 = EDGE_CURVE('',#8577,#8978,#9102,.T.);
#9102 = CIRCLE('',#9103,3.E-02);
#9103 = AXIS2_PLACEMENT_3D('',#9104,#9105,#9106);
#9104 = CARTESIAN_POINT('',(-0.53,-0.3,3.E-02));
#9105 = DIRECTION('',(-0.,1.,0.));
#9106 = DIRECTION('',(1.,0.,0.));
#9107 = ORIENTED_EDGE('',*,*,#8977,.T.);
#9108 = PLANE('',#9109);
#9109 = AXIS2_PLACEMENT_3D('',#9110,#9111,#9112);
#9110 = CARTESIAN_POINT('',(0.725,-0.3,0.75));
#9111 = DIRECTION('',(0.,1.,0.));
#9112 = DIRECTION('',(-1.,0.,0.));
#9113 = ADVANCED_FACE('',(#9114),#9126,.T.);
#9114 = FACE_BOUND('',#9115,.T.);
#9115 = EDGE_LOOP('',(#9116,#9117,#9118,#9119));
#9116 = ORIENTED_EDGE('',*,*,#8576,.F.);
#9117 = ORIENTED_EDGE('',*,*,#9101,.T.);
#9118 = ORIENTED_EDGE('',*,*,#8985,.T.);
#9119 = ORIENTED_EDGE('',*,*,#9120,.F.);
#9120 = EDGE_CURVE('',#8569,#8986,#9121,.T.);
#9121 = CIRCLE('',#9122,3.E-02);
#9122 = AXIS2_PLACEMENT_3D('',#9123,#9124,#9125);
#9123 = CARTESIAN_POINT('',(-0.53,0.3,3.E-02));
#9124 = DIRECTION('',(-0.,1.,0.));
#9125 = DIRECTION('',(1.,0.,0.));
#9126 = CYLINDRICAL_SURFACE('',#9127,3.E-02);
#9127 = AXIS2_PLACEMENT_3D('',#9128,#9129,#9130);
#9128 = CARTESIAN_POINT('',(-0.53,-0.4,3.E-02));
#9129 = DIRECTION('',(0.,1.,0.));
#9130 = DIRECTION('',(1.,0.,0.));
#9131 = ADVANCED_FACE('',(#9132),#9143,.F.);
#9132 = FACE_BOUND('',#9133,.F.);
#9133 = EDGE_LOOP('',(#9134,#9135,#9141,#9142));
#9134 = ORIENTED_EDGE('',*,*,#8568,.T.);
#9135 = ORIENTED_EDGE('',*,*,#9136,.T.);
#9136 = EDGE_CURVE('',#8561,#8994,#9137,.T.);
#9137 = LINE('',#9138,#9139);
#9138 = CARTESIAN_POINT('',(-0.725,0.3,0.75));
#9139 = VECTOR('',#9140,1.);
#9140 = DIRECTION('',(-0.,-0.,-1.));
#9141 = ORIENTED_EDGE('',*,*,#8993,.T.);
#9142 = ORIENTED_EDGE('',*,*,#9120,.F.);
#9143 = PLANE('',#9144);
#9144 = AXIS2_PLACEMENT_3D('',#9145,#9146,#9147);
#9145 = CARTESIAN_POINT('',(-0.725,0.3,0.75));
#9146 = DIRECTION('',(0.,-1.,0.));
#9147 = DIRECTION('',(1.,0.,0.));
#9148 = ADVANCED_FACE('',(#9149),#9160,.F.);
#9149 = FACE_BOUND('',#9150,.F.);
#9150 = EDGE_LOOP('',(#9151,#9152,#9153,#9159));
#9151 = ORIENTED_EDGE('',*,*,#9136,.F.);
#9152 = ORIENTED_EDGE('',*,*,#8560,.T.);
#9153 = ORIENTED_EDGE('',*,*,#9154,.F.);
#9154 = EDGE_CURVE('',#8955,#8553,#9155,.T.);
#9155 = LINE('',#9156,#9157);
#9156 = CARTESIAN_POINT('',(-0.725,0.4,0.375));
#9157 = VECTOR('',#9158,1.);
#9158 = DIRECTION('',(0.,0.,1.));
#9159 = ORIENTED_EDGE('',*,*,#9001,.T.);
#9160 = PLANE('',#9161);
#9161 = AXIS2_PLACEMENT_3D('',#9162,#9163,#9164);
#9162 = CARTESIAN_POINT('',(-0.725,0.5,0.75));
#9163 = DIRECTION('',(-1.,0.,0.));
#9164 = DIRECTION('',(0.,-1.,0.));
#9165 = ADVANCED_FACE('',(#9166),#9191,.F.);
#9166 = FACE_BOUND('',#9167,.F.);
#9167 = EDGE_LOOP('',(#9168,#9169,#9177,#9185));
#9168 = ORIENTED_EDGE('',*,*,#8544,.T.);
#9169 = ORIENTED_EDGE('',*,*,#9170,.T.);
#9170 = EDGE_CURVE('',#8537,#9171,#9173,.T.);
#9171 = VERTEX_POINT('',#9172);
#9172 = CARTESIAN_POINT('',(0.725,0.3,0.));
#9173 = LINE('',#9174,#9175);
#9174 = CARTESIAN_POINT('',(0.725,0.3,0.75));
#9175 = VECTOR('',#9176,1.);
#9176 = DIRECTION('',(-0.,-0.,-1.));
#9177 = ORIENTED_EDGE('',*,*,#9178,.T.);
#9178 = EDGE_CURVE('',#9171,#9179,#9181,.T.);
#9179 = VERTEX_POINT('',#9180);
#9180 = CARTESIAN_POINT('',(0.725,0.4,0.));
#9181 = LINE('',#9182,#9183);
#9182 = CARTESIAN_POINT('',(0.725,-5.E-02,0.));
#9183 = VECTOR('',#9184,1.);
#9184 = DIRECTION('',(0.,1.,0.));
#9185 = ORIENTED_EDGE('',*,*,#9186,.F.);
#9186 = EDGE_CURVE('',#8545,#9179,#9187,.T.);
#9187 = LINE('',#9188,#9189);
#9188 = CARTESIAN_POINT('',(0.725,0.4,0.375));
#9189 = VECTOR('',#9190,1.);
#9190 = DIRECTION('',(0.,0.,-1.));
#9191 = PLANE('',#9192);
#9192 = AXIS2_PLACEMENT_3D('',#9193,#9194,#9195);
#9193 = CARTESIAN_POINT('',(0.725,0.3,0.75));
#9194 = DIRECTION('',(1.,0.,0.));
#9195 = DIRECTION('',(-0.,1.,0.));
#9196 = ADVANCED_FACE('',(#9197),#9216,.F.);
#9197 = FACE_BOUND('',#9198,.F.);
#9198 = EDGE_LOOP('',(#9199,#9200,#9201,#9210));
#9199 = ORIENTED_EDGE('',*,*,#9170,.F.);
#9200 = ORIENTED_EDGE('',*,*,#8536,.T.);
#9201 = ORIENTED_EDGE('',*,*,#9202,.F.);
#9202 = EDGE_CURVE('',#9203,#8529,#9205,.T.);
#9203 = VERTEX_POINT('',#9204);
#9204 = CARTESIAN_POINT('',(0.53,0.3,-3.469446951954E-18));
#9205 = CIRCLE('',#9206,3.E-02);
#9206 = AXIS2_PLACEMENT_3D('',#9207,#9208,#9209);
#9207 = CARTESIAN_POINT('',(0.53,0.3,3.E-02));
#9208 = DIRECTION('',(0.,1.,-0.));
#9209 = DIRECTION('',(-1.,0.,0.));
#9210 = ORIENTED_EDGE('',*,*,#9211,.T.);
#9211 = EDGE_CURVE('',#9203,#9171,#9212,.T.);
#9212 = LINE('',#9213,#9214);
#9213 = CARTESIAN_POINT('',(-0.1125,0.3,0.));
#9214 = VECTOR('',#9215,1.);
#9215 = DIRECTION('',(1.,0.,0.));
#9216 = PLANE('',#9217);
#9217 = AXIS2_PLACEMENT_3D('',#9218,#9219,#9220);
#9218 = CARTESIAN_POINT('',(-0.725,0.3,0.75));
#9219 = DIRECTION('',(0.,-1.,0.));
#9220 = DIRECTION('',(1.,0.,0.));
#9221 = ADVANCED_FACE('',(#9222),#9241,.T.);
#9222 = FACE_BOUND('',#9223,.T.);
#9223 = EDGE_LOOP('',(#9224,#9225,#9233,#9240));
#9224 = ORIENTED_EDGE('',*,*,#9202,.F.);
#9225 = ORIENTED_EDGE('',*,*,#9226,.F.);
#9226 = EDGE_CURVE('',#9227,#9203,#9229,.T.);
#9227 = VERTEX_POINT('',#9228);
#9228 = CARTESIAN_POINT('',(0.53,-0.3,-3.469446951954E-18));
#9229 = LINE('',#9230,#9231);
#9230 = CARTESIAN_POINT('',(0.53,-0.4,-3.469446951954E-18));
#9231 = VECTOR('',#9232,1.);
#9232 = DIRECTION('',(0.,1.,0.));
#9233 = ORIENTED_EDGE('',*,*,#9234,.T.);
#9234 = EDGE_CURVE('',#9227,#8521,#9235,.T.);
#9235 = CIRCLE('',#9236,3.E-02);
#9236 = AXIS2_PLACEMENT_3D('',#9237,#9238,#9239);
#9237 = CARTESIAN_POINT('',(0.53,-0.3,3.E-02));
#9238 = DIRECTION('',(0.,1.,-0.));
#9239 = DIRECTION('',(-1.,0.,0.));
#9240 = ORIENTED_EDGE('',*,*,#8528,.T.);
#9241 = CYLINDRICAL_SURFACE('',#9242,3.E-02);
#9242 = AXIS2_PLACEMENT_3D('',#9243,#9244,#9245);
#9243 = CARTESIAN_POINT('',(0.53,-0.4,3.E-02));
#9244 = DIRECTION('',(0.,1.,0.));
#9245 = DIRECTION('',(-1.,0.,0.));
#9246 = ADVANCED_FACE('',(#9247),#9265,.F.);
#9247 = FACE_BOUND('',#9248,.F.);
#9248 = EDGE_LOOP('',(#9249,#9250,#9258,#9264));
#9249 = ORIENTED_EDGE('',*,*,#8520,.T.);
#9250 = ORIENTED_EDGE('',*,*,#9251,.T.);
#9251 = EDGE_CURVE('',#8513,#9252,#9254,.T.);
#9252 = VERTEX_POINT('',#9253);
#9253 = CARTESIAN_POINT('',(0.725,-0.3,0.));
#9254 = LINE('',#9255,#9256);
#9255 = CARTESIAN_POINT('',(0.725,-0.3,0.75));
#9256 = VECTOR('',#9257,1.);
#9257 = DIRECTION('',(-0.,-0.,-1.));
#9258 = ORIENTED_EDGE('',*,*,#9259,.T.);
#9259 = EDGE_CURVE('',#9252,#9227,#9260,.T.);
#9260 = LINE('',#9261,#9262);
#9261 = CARTESIAN_POINT('',(0.6125,-0.3,0.));
#9262 = VECTOR('',#9263,1.);
#9263 = DIRECTION('',(-1.,0.,0.));
#9264 = ORIENTED_EDGE('',*,*,#9234,.T.);
#9265 = PLANE('',#9266);
#9266 = AXIS2_PLACEMENT_3D('',#9267,#9268,#9269);
#9267 = CARTESIAN_POINT('',(0.725,-0.3,0.75));
#9268 = DIRECTION('',(0.,1.,0.));
#9269 = DIRECTION('',(-1.,0.,0.));
#9270 = ADVANCED_FACE('',(#9271),#9282,.F.);
#9271 = FACE_BOUND('',#9272,.F.);
#9272 = EDGE_LOOP('',(#9273,#9274,#9275,#9276));
#9273 = ORIENTED_EDGE('',*,*,#9251,.F.);
#9274 = ORIENTED_EDGE('',*,*,#8512,.T.);
#9275 = ORIENTED_EDGE('',*,*,#8634,.T.);
#9276 = ORIENTED_EDGE('',*,*,#9277,.T.);
#9277 = EDGE_CURVE('',#8625,#9252,#9278,.T.);
#9278 = LINE('',#9279,#9280);
#9279 = CARTESIAN_POINT('',(0.725,-0.45,0.));
#9280 = VECTOR('',#9281,1.);
#9281 = DIRECTION('',(0.,1.,0.));
#9282 = PLANE('',#9283);
#9283 = AXIS2_PLACEMENT_3D('',#9284,#9285,#9286);
#9284 = CARTESIAN_POINT('',(0.725,-0.5,0.75));
#9285 = DIRECTION('',(1.,0.,0.));
#9286 = DIRECTION('',(-0.,1.,0.));
#9287 = ADVANCED_FACE('',(#9288),#9313,.T.);
#9288 = FACE_BOUND('',#9289,.T.);
#9289 = EDGE_LOOP('',(#9290,#9298,#9299,#9307));
#9290 = ORIENTED_EDGE('',*,*,#9291,.T.);
#9291 = EDGE_CURVE('',#9292,#8593,#9294,.T.);
#9292 = VERTEX_POINT('',#9293);
#9293 = CARTESIAN_POINT('',(0.277128129211,0.32,1.5E-02));
#9294 = LINE('',#9295,#9296);
#9295 = CARTESIAN_POINT('',(0.277128129211,0.32,1.5E-02));
#9296 = VECTOR('',#9297,1.);
#9297 = DIRECTION('',(0.,0.,1.));
#9298 = ORIENTED_EDGE('',*,*,#8592,.T.);
#9299 = ORIENTED_EDGE('',*,*,#9300,.F.);
#9300 = EDGE_CURVE('',#9301,#8595,#9303,.T.);
#9301 = VERTEX_POINT('',#9302);
#9302 = CARTESIAN_POINT('',(0.277128129211,-0.32,1.5E-02));
#9303 = LINE('',#9304,#9305);
#9304 = CARTESIAN_POINT('',(0.277128129211,-0.32,1.5E-02));
#9305 = VECTOR('',#9306,1.);
#9306 = DIRECTION('',(0.,0.,1.));
#9307 = ORIENTED_EDGE('',*,*,#9308,.F.);
#9308 = EDGE_CURVE('',#9292,#9301,#9309,.T.);
#9309 = LINE('',#9310,#9311);
#9310 = CARTESIAN_POINT('',(0.277128129211,0.32,1.5E-02));
#9311 = VECTOR('',#9312,1.);
#9312 = DIRECTION('',(0.,-1.,0.));
#9313 = PLANE('',#9314);
#9314 = AXIS2_PLACEMENT_3D('',#9315,#9316,#9317);
#9315 = CARTESIAN_POINT('',(0.277128129211,0.32,1.5E-02));
#9316 = DIRECTION('',(1.,0.,0.));
#9317 = DIRECTION('',(0.,-1.,0.));
#9318 = ADVANCED_FACE('',(#9319),#9337,.T.);
#9319 = FACE_BOUND('',#9320,.T.);
#9320 = EDGE_LOOP('',(#9321,#9329,#9330,#9331));
#9321 = ORIENTED_EDGE('',*,*,#9322,.T.);
#9322 = EDGE_CURVE('',#9323,#8603,#9325,.T.);
#9323 = VERTEX_POINT('',#9324);
#9324 = CARTESIAN_POINT('',(-0.277128129211,0.,1.5E-02));
#9325 = LINE('',#9326,#9327);
#9326 = CARTESIAN_POINT('',(-0.277128129211,0.,1.5E-02));
#9327 = VECTOR('',#9328,1.);
#9328 = DIRECTION('',(0.,0.,1.));
#9329 = ORIENTED_EDGE('',*,*,#8610,.T.);
#9330 = ORIENTED_EDGE('',*,*,#9291,.F.);
#9331 = ORIENTED_EDGE('',*,*,#9332,.F.);
#9332 = EDGE_CURVE('',#9323,#9292,#9333,.T.);
#9333 = LINE('',#9334,#9335);
#9334 = CARTESIAN_POINT('',(-0.277128129211,0.,1.5E-02));
#9335 = VECTOR('',#9336,1.);
#9336 = DIRECTION('',(0.866025403784,0.5,0.));
#9337 = PLANE('',#9338);
#9338 = AXIS2_PLACEMENT_3D('',#9339,#9340,#9341);
#9339 = CARTESIAN_POINT('',(-0.277128129211,0.,1.5E-02));
#9340 = DIRECTION('',(-0.5,0.866025403784,0.));
#9341 = DIRECTION('',(0.866025403784,0.5,0.));
#9342 = ADVANCED_FACE('',(#9343),#9354,.T.);
#9343 = FACE_BOUND('',#9344,.T.);
#9344 = EDGE_LOOP('',(#9345,#9346,#9347,#9348));
#9345 = ORIENTED_EDGE('',*,*,#9300,.T.);
#9346 = ORIENTED_EDGE('',*,*,#8602,.T.);
#9347 = ORIENTED_EDGE('',*,*,#9322,.F.);
#9348 = ORIENTED_EDGE('',*,*,#9349,.F.);
#9349 = EDGE_CURVE('',#9301,#9323,#9350,.T.);
#9350 = LINE('',#9351,#9352);
#9351 = CARTESIAN_POINT('',(0.277128129211,-0.32,1.5E-02));
#9352 = VECTOR('',#9353,1.);
#9353 = DIRECTION('',(-0.866025403784,0.5,0.));
#9354 = PLANE('',#9355);
#9355 = AXIS2_PLACEMENT_3D('',#9356,#9357,#9358);
#9356 = CARTESIAN_POINT('',(0.277128129211,-0.32,1.5E-02));
#9357 = DIRECTION('',(-0.5,-0.866025403784,0.));
#9358 = DIRECTION('',(-0.866025403784,0.5,0.));
#9359 = ADVANCED_FACE('',(#9360),#9382,.F.);
#9360 = FACE_BOUND('',#9361,.F.);
#9361 = EDGE_LOOP('',(#9362,#9370,#9371,#9372,#9373,#9374,#9375,#9376));
#9362 = ORIENTED_EDGE('',*,*,#9363,.F.);
#9363 = EDGE_CURVE('',#9179,#9364,#9366,.T.);
#9364 = VERTEX_POINT('',#9365);
#9365 = CARTESIAN_POINT('',(0.77,0.4,-3.469446951954E-18));
#9366 = LINE('',#9367,#9368);
#9367 = CARTESIAN_POINT('',(0.5,0.4,0.));
#9368 = VECTOR('',#9369,1.);
#9369 = DIRECTION('',(1.,0.,0.));
#9370 = ORIENTED_EDGE('',*,*,#9178,.F.);
#9371 = ORIENTED_EDGE('',*,*,#9211,.F.);
#9372 = ORIENTED_EDGE('',*,*,#9226,.F.);
#9373 = ORIENTED_EDGE('',*,*,#9259,.F.);
#9374 = ORIENTED_EDGE('',*,*,#9277,.F.);
#9375 = ORIENTED_EDGE('',*,*,#8624,.T.);
#9376 = ORIENTED_EDGE('',*,*,#9377,.T.);
#9377 = EDGE_CURVE('',#8627,#9364,#9378,.T.);
#9378 = LINE('',#9379,#9380);
#9379 = CARTESIAN_POINT('',(0.77,-0.4,-3.469446951954E-18));
#9380 = VECTOR('',#9381,1.);
#9381 = DIRECTION('',(0.,1.,0.));
#9382 = PLANE('',#9383);
#9383 = AXIS2_PLACEMENT_3D('',#9384,#9385,#9386);
#9384 = CARTESIAN_POINT('',(0.5,-0.4,0.));
#9385 = DIRECTION('',(0.,0.,1.));
#9386 = DIRECTION('',(1.,0.,-0.));
#9387 = ADVANCED_FACE('',(#9388),#9407,.T.);
#9388 = FACE_BOUND('',#9389,.T.);
#9389 = EDGE_LOOP('',(#9390,#9391,#9392,#9401));
#9390 = ORIENTED_EDGE('',*,*,#8676,.T.);
#9391 = ORIENTED_EDGE('',*,*,#9377,.T.);
#9392 = ORIENTED_EDGE('',*,*,#9393,.F.);
#9393 = EDGE_CURVE('',#9394,#9364,#9396,.T.);
#9394 = VERTEX_POINT('',#9395);
#9395 = CARTESIAN_POINT('',(0.8,0.4,3.E-02));
#9396 = CIRCLE('',#9397,3.E-02);
#9397 = AXIS2_PLACEMENT_3D('',#9398,#9399,#9400);
#9398 = CARTESIAN_POINT('',(0.77,0.4,3.E-02));
#9399 = DIRECTION('',(0.,1.,0.));
#9400 = DIRECTION('',(0.,-0.,1.));
#9401 = ORIENTED_EDGE('',*,*,#9402,.F.);
#9402 = EDGE_CURVE('',#8669,#9394,#9403,.T.);
#9403 = LINE('',#9404,#9405);
#9404 = CARTESIAN_POINT('',(0.8,-0.4,3.E-02));
#9405 = VECTOR('',#9406,1.);
#9406 = DIRECTION('',(0.,1.,0.));
#9407 = CYLINDRICAL_SURFACE('',#9408,3.E-02);
#9408 = AXIS2_PLACEMENT_3D('',#9409,#9410,#9411);
#9409 = CARTESIAN_POINT('',(0.77,-0.4,3.E-02));
#9410 = DIRECTION('',(0.,1.,0.));
#9411 = DIRECTION('',(1.,0.,0.));
#9412 = ADVANCED_FACE('',(#9413),#9431,.T.);
#9413 = FACE_BOUND('',#9414,.T.);
#9414 = EDGE_LOOP('',(#9415,#9416,#9417,#9425));
#9415 = ORIENTED_EDGE('',*,*,#8668,.F.);
#9416 = ORIENTED_EDGE('',*,*,#9402,.T.);
#9417 = ORIENTED_EDGE('',*,*,#9418,.T.);
#9418 = EDGE_CURVE('',#9394,#9419,#9421,.T.);
#9419 = VERTEX_POINT('',#9420);
#9420 = CARTESIAN_POINT('',(0.8,0.4,0.47));
#9421 = LINE('',#9422,#9423);
#9422 = CARTESIAN_POINT('',(0.8,0.4,0.));
#9423 = VECTOR('',#9424,1.);
#9424 = DIRECTION('',(0.,0.,1.));
#9425 = ORIENTED_EDGE('',*,*,#9426,.F.);
#9426 = EDGE_CURVE('',#8660,#9419,#9427,.T.);
#9427 = LINE('',#9428,#9429);
#9428 = CARTESIAN_POINT('',(0.8,-0.4,0.47));
#9429 = VECTOR('',#9430,1.);
#9430 = DIRECTION('',(0.,1.,0.));
#9431 = PLANE('',#9432);
#9432 = AXIS2_PLACEMENT_3D('',#9433,#9434,#9435);
#9433 = CARTESIAN_POINT('',(0.8,-0.4,0.));
#9434 = DIRECTION('',(1.,0.,0.));
#9435 = DIRECTION('',(0.,0.,1.));
#9436 = ADVANCED_FACE('',(#9437),#9456,.T.);
#9437 = FACE_BOUND('',#9438,.T.);
#9438 = EDGE_LOOP('',(#9439,#9440,#9449,#9455));
#9439 = ORIENTED_EDGE('',*,*,#9426,.T.);
#9440 = ORIENTED_EDGE('',*,*,#9441,.T.);
#9441 = EDGE_CURVE('',#9419,#9442,#9444,.T.);
#9442 = VERTEX_POINT('',#9443);
#9443 = CARTESIAN_POINT('',(0.77,0.4,0.5));
#9444 = CIRCLE('',#9445,3.E-02);
#9445 = AXIS2_PLACEMENT_3D('',#9446,#9447,#9448);
#9446 = CARTESIAN_POINT('',(0.77,0.4,0.47));
#9447 = DIRECTION('',(0.,-1.,0.));
#9448 = DIRECTION('',(0.,0.,1.));
#9449 = ORIENTED_EDGE('',*,*,#9450,.F.);
#9450 = EDGE_CURVE('',#8652,#9442,#9451,.T.);
#9451 = LINE('',#9452,#9453);
#9452 = CARTESIAN_POINT('',(0.77,-0.4,0.5));
#9453 = VECTOR('',#9454,1.);
#9454 = DIRECTION('',(0.,1.,0.));
#9455 = ORIENTED_EDGE('',*,*,#8659,.F.);
#9456 = CYLINDRICAL_SURFACE('',#9457,3.E-02);
#9457 = AXIS2_PLACEMENT_3D('',#9458,#9459,#9460);
#9458 = CARTESIAN_POINT('',(0.77,-0.4,0.47));
#9459 = DIRECTION('',(0.,1.,0.));
#9460 = DIRECTION('',(1.,0.,0.));
#9461 = ADVANCED_FACE('',(#9462),#9503,.T.);
#9462 = FACE_BOUND('',#9463,.T.);
#9463 = EDGE_LOOP('',(#9464,#9472,#9480,#9486,#9487,#9495,#9501,#9502));
#9464 = ORIENTED_EDGE('',*,*,#9465,.F.);
#9465 = EDGE_CURVE('',#9466,#9442,#9468,.T.);
#9466 = VERTEX_POINT('',#9467);
#9467 = CARTESIAN_POINT('',(0.725,0.4,0.5));
#9468 = LINE('',#9469,#9470);
#9469 = CARTESIAN_POINT('',(0.5,0.4,0.5));
#9470 = VECTOR('',#9471,1.);
#9471 = DIRECTION('',(1.,0.,0.));
#9472 = ORIENTED_EDGE('',*,*,#9473,.F.);
#9473 = EDGE_CURVE('',#9474,#9466,#9476,.T.);
#9474 = VERTEX_POINT('',#9475);
#9475 = CARTESIAN_POINT('',(0.725,0.3,0.5));
#9476 = LINE('',#9477,#9478);
#9477 = CARTESIAN_POINT('',(0.725,-5.E-02,0.5));
#9478 = VECTOR('',#9479,1.);
#9479 = DIRECTION('',(0.,1.,0.));
#9480 = ORIENTED_EDGE('',*,*,#9481,.F.);
#9481 = EDGE_CURVE('',#8757,#9474,#9482,.T.);
#9482 = LINE('',#9483,#9484);
#9483 = CARTESIAN_POINT('',(-0.1125,0.3,0.5));
#9484 = VECTOR('',#9485,1.);
#9485 = DIRECTION('',(1.,0.,0.));
#9486 = ORIENTED_EDGE('',*,*,#8756,.F.);
#9487 = ORIENTED_EDGE('',*,*,#9488,.F.);
#9488 = EDGE_CURVE('',#9489,#8748,#9491,.T.);
#9489 = VERTEX_POINT('',#9490);
#9490 = CARTESIAN_POINT('',(0.725,-0.3,0.5));
#9491 = LINE('',#9492,#9493);
#9492 = CARTESIAN_POINT('',(0.6125,-0.3,0.5));
#9493 = VECTOR('',#9494,1.);
#9494 = DIRECTION('',(-1.,0.,0.));
#9495 = ORIENTED_EDGE('',*,*,#9496,.F.);
#9496 = EDGE_CURVE('',#8644,#9489,#9497,.T.);
#9497 = LINE('',#9498,#9499);
#9498 = CARTESIAN_POINT('',(0.725,-0.45,0.5));
#9499 = VECTOR('',#9500,1.);
#9500 = DIRECTION('',(0.,1.,0.));
#9501 = ORIENTED_EDGE('',*,*,#8651,.T.);
#9502 = ORIENTED_EDGE('',*,*,#9450,.T.);
#9503 = PLANE('',#9504);
#9504 = AXIS2_PLACEMENT_3D('',#9505,#9506,#9507);
#9505 = CARTESIAN_POINT('',(0.5,-0.4,0.5));
#9506 = DIRECTION('',(0.,0.,1.));
#9507 = DIRECTION('',(1.,0.,-0.));
#9508 = ADVANCED_FACE('',(#9509),#9520,.F.);
#9509 = FACE_BOUND('',#9510,.F.);
#9510 = EDGE_LOOP('',(#9511,#9517,#9518,#9519));
#9511 = ORIENTED_EDGE('',*,*,#9512,.F.);
#9512 = EDGE_CURVE('',#9489,#8692,#9513,.T.);
#9513 = LINE('',#9514,#9515);
#9514 = CARTESIAN_POINT('',(0.725,-0.3,0.75));
#9515 = VECTOR('',#9516,1.);
#9516 = DIRECTION('',(-0.,-0.,-1.));
#9517 = ORIENTED_EDGE('',*,*,#9496,.F.);
#9518 = ORIENTED_EDGE('',*,*,#8643,.T.);
#9519 = ORIENTED_EDGE('',*,*,#8701,.F.);
#9520 = PLANE('',#9521);
#9521 = AXIS2_PLACEMENT_3D('',#9522,#9523,#9524);
#9522 = CARTESIAN_POINT('',(0.725,-0.5,0.75));
#9523 = DIRECTION('',(1.,0.,0.));
#9524 = DIRECTION('',(-0.,1.,0.));
#9525 = ADVANCED_FACE('',(#9526),#9532,.F.);
#9526 = FACE_BOUND('',#9527,.F.);
#9527 = EDGE_LOOP('',(#9528,#9529,#9530,#9531));
#9528 = ORIENTED_EDGE('',*,*,#9488,.F.);
#9529 = ORIENTED_EDGE('',*,*,#9512,.T.);
#9530 = ORIENTED_EDGE('',*,*,#8691,.F.);
#9531 = ORIENTED_EDGE('',*,*,#8747,.T.);
#9532 = PLANE('',#9533);
#9533 = AXIS2_PLACEMENT_3D('',#9534,#9535,#9536);
#9534 = CARTESIAN_POINT('',(0.725,-0.3,0.75));
#9535 = DIRECTION('',(0.,1.,0.));
#9536 = DIRECTION('',(-1.,0.,0.));
#9537 = ADVANCED_FACE('',(#9538),#9554,.F.);
#9538 = FACE_BOUND('',#9539,.F.);
#9539 = EDGE_LOOP('',(#9540,#9541,#9547,#9548));
#9540 = ORIENTED_EDGE('',*,*,#9473,.F.);
#9541 = ORIENTED_EDGE('',*,*,#9542,.T.);
#9542 = EDGE_CURVE('',#9474,#8725,#9543,.T.);
#9543 = LINE('',#9544,#9545);
#9544 = CARTESIAN_POINT('',(0.725,0.3,0.75));
#9545 = VECTOR('',#9546,1.);
#9546 = DIRECTION('',(-0.,-0.,-1.));
#9547 = ORIENTED_EDGE('',*,*,#8732,.F.);
#9548 = ORIENTED_EDGE('',*,*,#9549,.F.);
#9549 = EDGE_CURVE('',#9466,#8716,#9550,.T.);
#9550 = LINE('',#9551,#9552);
#9551 = CARTESIAN_POINT('',(0.725,0.4,0.375));
#9552 = VECTOR('',#9553,1.);
#9553 = DIRECTION('',(0.,0.,-1.));
#9554 = PLANE('',#9555);
#9555 = AXIS2_PLACEMENT_3D('',#9556,#9557,#9558);
#9556 = CARTESIAN_POINT('',(0.725,0.3,0.75));
#9557 = DIRECTION('',(1.,0.,0.));
#9558 = DIRECTION('',(-0.,1.,0.));
#9559 = ADVANCED_FACE('',(#9560),#9566,.F.);
#9560 = FACE_BOUND('',#9561,.F.);
#9561 = EDGE_LOOP('',(#9562,#9563,#9564,#9565));
#9562 = ORIENTED_EDGE('',*,*,#9542,.F.);
#9563 = ORIENTED_EDGE('',*,*,#9481,.F.);
#9564 = ORIENTED_EDGE('',*,*,#8764,.F.);
#9565 = ORIENTED_EDGE('',*,*,#8724,.F.);
#9566 = PLANE('',#9567);
#9567 = AXIS2_PLACEMENT_3D('',#9568,#9569,#9570);
#9568 = CARTESIAN_POINT('',(-0.725,0.3,0.75));
#9569 = DIRECTION('',(0.,-1.,0.));
#9570 = DIRECTION('',(1.,0.,0.));
#9571 = ADVANCED_FACE('',(#9572),#9584,.T.);
#9572 = FACE_BOUND('',#9573,.T.);
#9573 = EDGE_LOOP('',(#9574,#9575,#9576,#9577,#9578,#9579,#9580,#9581,
    #9582,#9583));
#9574 = ORIENTED_EDGE('',*,*,#8952,.F.);
#9575 = ORIENTED_EDGE('',*,*,#9023,.F.);
#9576 = ORIENTED_EDGE('',*,*,#9059,.T.);
#9577 = ORIENTED_EDGE('',*,*,#9083,.T.);
#9578 = ORIENTED_EDGE('',*,*,#8907,.T.);
#9579 = ORIENTED_EDGE('',*,*,#8868,.F.);
#9580 = ORIENTED_EDGE('',*,*,#8795,.F.);
#9581 = ORIENTED_EDGE('',*,*,#8787,.F.);
#9582 = ORIENTED_EDGE('',*,*,#8779,.T.);
#9583 = ORIENTED_EDGE('',*,*,#9154,.F.);
#9584 = PLANE('',#9585);
#9585 = AXIS2_PLACEMENT_3D('',#9586,#9587,#9588);
#9586 = CARTESIAN_POINT('',(-0.8,0.4,0.));
#9587 = DIRECTION('',(0.,1.,0.));
#9588 = DIRECTION('',(0.,-0.,1.));
#9589 = ADVANCED_FACE('',(#9590),#9602,.T.);
#9590 = FACE_BOUND('',#9591,.T.);
#9591 = EDGE_LOOP('',(#9592,#9593,#9594,#9595,#9596,#9597,#9598,#9599,
    #9600,#9601));
#9592 = ORIENTED_EDGE('',*,*,#9363,.F.);
#9593 = ORIENTED_EDGE('',*,*,#9186,.F.);
#9594 = ORIENTED_EDGE('',*,*,#8820,.T.);
#9595 = ORIENTED_EDGE('',*,*,#8812,.T.);
#9596 = ORIENTED_EDGE('',*,*,#8804,.F.);
#9597 = ORIENTED_EDGE('',*,*,#9549,.F.);
#9598 = ORIENTED_EDGE('',*,*,#9465,.T.);
#9599 = ORIENTED_EDGE('',*,*,#9441,.F.);
#9600 = ORIENTED_EDGE('',*,*,#9418,.F.);
#9601 = ORIENTED_EDGE('',*,*,#9393,.T.);
#9602 = PLANE('',#9603);
#9603 = AXIS2_PLACEMENT_3D('',#9604,#9605,#9606);
#9604 = CARTESIAN_POINT('',(0.5,0.4,0.));
#9605 = DIRECTION('',(0.,1.,0.));
#9606 = DIRECTION('',(0.,-0.,1.));
#9607 = ADVANCED_FACE('',(#9608),#9613,.T.);
#9608 = FACE_BOUND('',#9609,.T.);
#9609 = EDGE_LOOP('',(#9610,#9611,#9612));
#9610 = ORIENTED_EDGE('',*,*,#9332,.T.);
#9611 = ORIENTED_EDGE('',*,*,#9308,.T.);
#9612 = ORIENTED_EDGE('',*,*,#9349,.T.);
#9613 = PLANE('',#9614);
#9614 = AXIS2_PLACEMENT_3D('',#9615,#9616,#9617);
#9615 = CARTESIAN_POINT('',(9.237604307034E-02,0.,1.5E-02));
#9616 = DIRECTION('',(-0.,-0.,-1.));
#9617 = DIRECTION('',(-1.,0.,0.));
#9618 = ( GEOMETRIC_REPRESENTATION_CONTEXT(3) 
GLOBAL_UNCERTAINTY_ASSIGNED_CONTEXT((#9622)) 
GLOBAL_UNIT_ASSIGNED_CONTEXT((#9619,#9620,#9621)) REPRESENTATION_CONTEXT
('Context #1','3D Context with UNIT and UNCERTAINTY') );
#9619 = ( LENGTH_UNIT() NAMED_UNIT(*) SI_UNIT(.MILLI.,.METRE.) );
#9620 = ( NAMED_UNIT(*) PLANE_ANGLE_UNIT() SI_UNIT($,.RADIAN.) );
#9621 = ( NAMED_UNIT(*) SI_UNIT($,.STERADIAN.) SOLID_ANGLE_UNIT() );
#9622 = UNCERTAINTY_MEASURE_WITH_UNIT(LENGTH_MEASURE(1.E-07),#9619,
  'distance_accuracy_value','confusion accuracy');
#9623 = CONTEXT_DEPENDENT_SHAPE_REPRESENTATION(#9624,#9626);
#9624 = ( REPRESENTATION_RELATIONSHIP('','',#8094,#10) 
REPRESENTATION_RELATIONSHIP_WITH_TRANSFORMATION(#9625) 
SHAPE_REPRESENTATION_RELATIONSHIP() );
#9625 = ITEM_DEFINED_TRANSFORMATION('','',#11,#39);
#9626 = PRODUCT_DEFINITION_SHAPE('Placement','Placement of an item',
  #9627);
#9627 = NEXT_ASSEMBLY_USAGE_OCCURRENCE('7','D1','',#5,#8089,$);
#9628 = PRODUCT_RELATED_PRODUCT_CATEGORY('part',$,(#8091));
#9629 = CONTEXT_DEPENDENT_SHAPE_REPRESENTATION(#9630,#9632);
#9630 = ( REPRESENTATION_RELATIONSHIP('','',#6402,#10) 
REPRESENTATION_RELATIONSHIP_WITH_TRANSFORMATION(#9631) 
SHAPE_REPRESENTATION_RELATIONSHIP() );
#9631 = ITEM_DEFINED_TRANSFORMATION('','',#11,#43);
#9632 = PRODUCT_DEFINITION_SHAPE('Placement','Placement of an item',
  #9633);
#9633 = NEXT_ASSEMBLY_USAGE_OCCURRENCE('8','R1','',#5,#6397,$);
#9634 = CONTEXT_DEPENDENT_SHAPE_REPRESENTATION(#9635,#9637);
#9635 = ( REPRESENTATION_RELATIONSHIP('','',#7211,#10) 
REPRESENTATION_RELATIONSHIP_WITH_TRANSFORMATION(#9636) 
SHAPE_REPRESENTATION_RELATIONSHIP() );
#9636 = ITEM_DEFINED_TRANSFORMATION('','',#11,#47);
#9637 = PRODUCT_DEFINITION_SHAPE('Placement','Placement of an item',
  #9638);
#9638 = NEXT_ASSEMBLY_USAGE_OCCURRENCE('9','C8','',#5,#7206,$);
#9639 = CONTEXT_DEPENDENT_SHAPE_REPRESENTATION(#9640,#9642);
#9640 = ( REPRESENTATION_RELATIONSHIP('','',#3668,#10) 
REPRESENTATION_RELATIONSHIP_WITH_TRANSFORMATION(#9641) 
SHAPE_REPRESENTATION_RELATIONSHIP() );
#9641 = ITEM_DEFINED_TRANSFORMATION('','',#11,#51);
#9642 = PRODUCT_DEFINITION_SHAPE('Placement','Placement of an item',
  #9643);
#9643 = NEXT_ASSEMBLY_USAGE_OCCURRENCE('10','J2','',#5,#3663,$);
#9644 = SHAPE_DEFINITION_REPRESENTATION(#9645,#9651);
#9645 = PRODUCT_DEFINITION_SHAPE('','',#9646);
#9646 = PRODUCT_DEFINITION('design','',#9647,#9650);
#9647 = PRODUCT_DEFINITION_FORMATION('','',#9648);
#9648 = PRODUCT('SOIC-8_5.3x6.2mm_P1.27mm','SOIC-8_5.3x6.2mm_P1.27mm',''
  ,(#9649));
#9649 = PRODUCT_CONTEXT('',#2,'mechanical');
#9650 = PRODUCT_DEFINITION_CONTEXT('part definition',#2,'design');
#9651 = ADVANCED_BREP_SHAPE_REPRESENTATION('',(#11,#9652),#13772);
#9652 = MANIFOLD_SOLID_BREP('',#9653);
#9653 = CLOSED_SHELL('',(#9654,#9756,#9787,#9810,#9840,#9871,#9902,#9933
    ,#9964,#9995,#10026,#10057,#10087,#10110,#10191,#10214,#10237,#10293
    ,#10385,#10477,#10494,#10525,#10617,#10709,#10726,#10757,#10849,
    #10941,#10958,#10989,#11081,#11173,#11190,#11246,#11263,#11294,
    #11325,#11356,#11387,#11418,#11449,#11480,#11497,#11542,#11619,
    #11642,#11693,#11712,#11729,#11746,#11763,#11780,#11797,#11814,
    #11831,#11843,#11862,#11879,#11896,#11913,#11930,#11947,#11964,
    #11981,#11993,#12012,#12029,#12046,#12063,#12080,#12097,#12114,
    #12131,#12143,#12162,#12179,#12196,#12213,#12230,#12247,#12264,
    #12281,#12293,#12310,#12348,#12433,#12518,#12535,#12552,#12644,
    #12736,#12753,#12775,#12867,#12959,#12976,#12993,#13078,#13163,
    #13180,#13197,#13216,#13235,#13258,#13275,#13292,#13309,#13326,
    #13343,#13360,#13377,#13389,#13406,#13423,#13440,#13457,#13474,
    #13491,#13508,#13520,#13537,#13554,#13571,#13588,#13605,#13622,
    #13639,#13651,#13668,#13685,#13702,#13719,#13736,#13753,#13765));
#9654 = ADVANCED_FACE('',(#9655),#9751,.T.);
#9655 = FACE_BOUND('',#9656,.T.);
#9656 = EDGE_LOOP('',(#9657,#9667,#9674,#9682,#9690,#9698,#9706,#9714,
    #9722,#9730,#9738,#9746));
#9657 = ORIENTED_EDGE('',*,*,#9658,.T.);
#9658 = EDGE_CURVE('',#9659,#9661,#9663,.T.);
#9659 = VERTEX_POINT('',#9660);
#9660 = CARTESIAN_POINT('',(-2.511413614716,2.961413614716,0.1));
#9661 = VERTEX_POINT('',#9662);
#9662 = CARTESIAN_POINT('',(-2.511413614716,-2.961413614716,0.1));
#9663 = LINE('',#9664,#9665);
#9664 = CARTESIAN_POINT('',(-2.511413614716,2.961413614716,0.1));
#9665 = VECTOR('',#9666,1.);
#9666 = DIRECTION('',(1.110223024625E-16,-1.,0.));
#9667 = ORIENTED_EDGE('',*,*,#9668,.T.);
#9668 = EDGE_CURVE('',#9661,#9669,#9671,.T.);
#9669 = VERTEX_POINT('',#9670);
#9670 = CARTESIAN_POINT('',(-2.65,-3.1,0.975));
#9671 = B_SPLINE_CURVE_WITH_KNOTS('',1,(#9672,#9673),.UNSPECIFIED.,.F.,
  .F.,(2,2),(0.,1.),.PIECEWISE_BEZIER_KNOTS.);
#9672 = CARTESIAN_POINT('',(-2.511413614716,-2.961413614716,0.1));
#9673 = CARTESIAN_POINT('',(-2.65,-3.1,0.975));
#9674 = ORIENTED_EDGE('',*,*,#9675,.F.);
#9675 = EDGE_CURVE('',#9676,#9669,#9678,.T.);
#9676 = VERTEX_POINT('',#9677);
#9677 = CARTESIAN_POINT('',(-2.65,-2.12,0.975));
#9678 = LINE('',#9679,#9680);
#9679 = CARTESIAN_POINT('',(-2.65,3.1,0.975));
#9680 = VECTOR('',#9681,1.);
#9681 = DIRECTION('',(1.110223024625E-16,-1.,0.));
#9682 = ORIENTED_EDGE('',*,*,#9683,.F.);
#9683 = EDGE_CURVE('',#9684,#9676,#9686,.T.);
#9684 = VERTEX_POINT('',#9685);
#9685 = CARTESIAN_POINT('',(-2.65,-1.69,0.975));
#9686 = LINE('',#9687,#9688);
#9687 = CARTESIAN_POINT('',(-2.65,3.1,0.975));
#9688 = VECTOR('',#9689,1.);
#9689 = DIRECTION('',(1.110223024625E-16,-1.,0.));
#9690 = ORIENTED_EDGE('',*,*,#9691,.F.);
#9691 = EDGE_CURVE('',#9692,#9684,#9694,.T.);
#9692 = VERTEX_POINT('',#9693);
#9693 = CARTESIAN_POINT('',(-2.65,-0.85,0.975));
#9694 = LINE('',#9695,#9696);
#9695 = CARTESIAN_POINT('',(-2.65,3.1,0.975));
#9696 = VECTOR('',#9697,1.);
#9697 = DIRECTION('',(1.110223024625E-16,-1.,0.));
#9698 = ORIENTED_EDGE('',*,*,#9699,.F.);
#9699 = EDGE_CURVE('',#9700,#9692,#9702,.T.);
#9700 = VERTEX_POINT('',#9701);
#9701 = CARTESIAN_POINT('',(-2.65,-0.42,0.975));
#9702 = LINE('',#9703,#9704);
#9703 = CARTESIAN_POINT('',(-2.65,3.1,0.975));
#9704 = VECTOR('',#9705,1.);
#9705 = DIRECTION('',(1.110223024625E-16,-1.,0.));
#9706 = ORIENTED_EDGE('',*,*,#9707,.F.);
#9707 = EDGE_CURVE('',#9708,#9700,#9710,.T.);
#9708 = VERTEX_POINT('',#9709);
#9709 = CARTESIAN_POINT('',(-2.65,0.42,0.975));
#9710 = LINE('',#9711,#9712);
#9711 = CARTESIAN_POINT('',(-2.65,3.1,0.975));
#9712 = VECTOR('',#9713,1.);
#9713 = DIRECTION('',(1.110223024625E-16,-1.,0.));
#9714 = ORIENTED_EDGE('',*,*,#9715,.F.);
#9715 = EDGE_CURVE('',#9716,#9708,#9718,.T.);
#9716 = VERTEX_POINT('',#9717);
#9717 = CARTESIAN_POINT('',(-2.65,0.85,0.975));
#9718 = LINE('',#9719,#9720);
#9719 = CARTESIAN_POINT('',(-2.65,3.1,0.975));
#9720 = VECTOR('',#9721,1.);
#9721 = DIRECTION('',(1.110223024625E-16,-1.,0.));
#9722 = ORIENTED_EDGE('',*,*,#9723,.F.);
#9723 = EDGE_CURVE('',#9724,#9716,#9726,.T.);
#9724 = VERTEX_POINT('',#9725);
#9725 = CARTESIAN_POINT('',(-2.65,1.69,0.975));
#9726 = LINE('',#9727,#9728);
#9727 = CARTESIAN_POINT('',(-2.65,3.1,0.975));
#9728 = VECTOR('',#9729,1.);
#9729 = DIRECTION('',(1.110223024625E-16,-1.,0.));
#9730 = ORIENTED_EDGE('',*,*,#9731,.F.);
#9731 = EDGE_CURVE('',#9732,#9724,#9734,.T.);
#9732 = VERTEX_POINT('',#9733);
#9733 = CARTESIAN_POINT('',(-2.65,2.12,0.975));
#9734 = LINE('',#9735,#9736);
#9735 = CARTESIAN_POINT('',(-2.65,3.1,0.975));
#9736 = VECTOR('',#9737,1.);
#9737 = DIRECTION('',(1.110223024625E-16,-1.,0.));
#9738 = ORIENTED_EDGE('',*,*,#9739,.F.);
#9739 = EDGE_CURVE('',#9740,#9732,#9742,.T.);
#9740 = VERTEX_POINT('',#9741);
#9741 = CARTESIAN_POINT('',(-2.65,3.1,0.975));
#9742 = LINE('',#9743,#9744);
#9743 = CARTESIAN_POINT('',(-2.65,3.1,0.975));
#9744 = VECTOR('',#9745,1.);
#9745 = DIRECTION('',(1.110223024625E-16,-1.,0.));
#9746 = ORIENTED_EDGE('',*,*,#9747,.F.);
#9747 = EDGE_CURVE('',#9659,#9740,#9748,.T.);
#9748 = B_SPLINE_CURVE_WITH_KNOTS('',1,(#9749,#9750),.UNSPECIFIED.,.F.,
  .F.,(2,2),(0.,1.),.PIECEWISE_BEZIER_KNOTS.);
#9749 = CARTESIAN_POINT('',(-2.511413614716,2.961413614716,0.1));
#9750 = CARTESIAN_POINT('',(-2.65,3.1,0.975));
#9751 = B_SPLINE_SURFACE_WITH_KNOTS('',1,1,(
    (#9752,#9753)
    ,(#9754,#9755
    )),.UNSPECIFIED.,.F.,.F.,.F.,(2,2),(2,2),(0.,6.2),(0.,1.),
  .PIECEWISE_BEZIER_KNOTS.);
#9752 = CARTESIAN_POINT('',(-2.511413614716,2.961413614716,0.1));
#9753 = CARTESIAN_POINT('',(-2.65,3.1,0.975));
#9754 = CARTESIAN_POINT('',(-2.511413614716,-2.961413614716,0.1));
#9755 = CARTESIAN_POINT('',(-2.65,-3.1,0.975));
#9756 = ADVANCED_FACE('',(#9757),#9782,.T.);
#9757 = FACE_BOUND('',#9758,.F.);
#9758 = EDGE_LOOP('',(#9759,#9760,#9768,#9776));
#9759 = ORIENTED_EDGE('',*,*,#9658,.T.);
#9760 = ORIENTED_EDGE('',*,*,#9761,.T.);
#9761 = EDGE_CURVE('',#9661,#9762,#9764,.T.);
#9762 = VERTEX_POINT('',#9763);
#9763 = CARTESIAN_POINT('',(2.511413614716,-2.961413614716,0.1));
#9764 = LINE('',#9765,#9766);
#9765 = CARTESIAN_POINT('',(-2.511413614716,-2.961413614716,0.1));
#9766 = VECTOR('',#9767,1.);
#9767 = DIRECTION('',(1.,1.110223024625E-16,0.));
#9768 = ORIENTED_EDGE('',*,*,#9769,.T.);
#9769 = EDGE_CURVE('',#9762,#9770,#9772,.T.);
#9770 = VERTEX_POINT('',#9771);
#9771 = CARTESIAN_POINT('',(2.511413614716,2.961413614716,0.1));
#9772 = LINE('',#9773,#9774);
#9773 = CARTESIAN_POINT('',(2.511413614716,-2.961413614716,0.1));
#9774 = VECTOR('',#9775,1.);
#9775 = DIRECTION('',(-1.110223024625E-16,1.,0.));
#9776 = ORIENTED_EDGE('',*,*,#9777,.T.);
#9777 = EDGE_CURVE('',#9770,#9659,#9778,.T.);
#9778 = LINE('',#9779,#9780);
#9779 = CARTESIAN_POINT('',(2.511413614716,2.961413614716,0.1));
#9780 = VECTOR('',#9781,1.);
#9781 = DIRECTION('',(-1.,-1.110223024625E-16,0.));
#9782 = PLANE('',#9783);
#9783 = AXIS2_PLACEMENT_3D('',#9784,#9785,#9786);
#9784 = CARTESIAN_POINT('',(-2.511413614716,2.961413614716,0.1));
#9785 = DIRECTION('',(0.,0.,-1.));
#9786 = DIRECTION('',(0.646782623634,-0.762674398262,0.));
#9787 = ADVANCED_FACE('',(#9788),#9805,.T.);
#9788 = FACE_BOUND('',#9789,.T.);
#9789 = EDGE_LOOP('',(#9790,#9791,#9798,#9804));
#9790 = ORIENTED_EDGE('',*,*,#9761,.T.);
#9791 = ORIENTED_EDGE('',*,*,#9792,.T.);
#9792 = EDGE_CURVE('',#9762,#9793,#9795,.T.);
#9793 = VERTEX_POINT('',#9794);
#9794 = CARTESIAN_POINT('',(2.65,-3.1,0.975));
#9795 = B_SPLINE_CURVE_WITH_KNOTS('',1,(#9796,#9797),.UNSPECIFIED.,.F.,
  .F.,(2,2),(0.,1.),.PIECEWISE_BEZIER_KNOTS.);
#9796 = CARTESIAN_POINT('',(2.511413614716,-2.961413614716,0.1));
#9797 = CARTESIAN_POINT('',(2.65,-3.1,0.975));
#9798 = ORIENTED_EDGE('',*,*,#9799,.F.);
#9799 = EDGE_CURVE('',#9669,#9793,#9800,.T.);
#9800 = LINE('',#9801,#9802);
#9801 = CARTESIAN_POINT('',(-2.65,-3.1,0.975));
#9802 = VECTOR('',#9803,1.);
#9803 = DIRECTION('',(1.,1.110223024625E-16,0.));
#9804 = ORIENTED_EDGE('',*,*,#9668,.F.);
#9805 = B_SPLINE_SURFACE_WITH_KNOTS('',1,1,(
    (#9806,#9807)
    ,(#9808,#9809
    )),.UNSPECIFIED.,.F.,.F.,.F.,(2,2),(2,2),(0.,5.3),(0.,1.),
  .PIECEWISE_BEZIER_KNOTS.);
#9806 = CARTESIAN_POINT('',(-2.511413614716,-2.961413614716,0.1));
#9807 = CARTESIAN_POINT('',(-2.65,-3.1,0.975));
#9808 = CARTESIAN_POINT('',(2.511413614716,-2.961413614716,0.1));
#9809 = CARTESIAN_POINT('',(2.65,-3.1,0.975));
#9810 = ADVANCED_FACE('',(#9811),#9835,.T.);
#9811 = FACE_BOUND('',#9812,.T.);
#9812 = EDGE_LOOP('',(#9813,#9820,#9821,#9829));
#9813 = ORIENTED_EDGE('',*,*,#9814,.F.);
#9814 = EDGE_CURVE('',#9740,#9815,#9817,.T.);
#9815 = VERTEX_POINT('',#9816);
#9816 = CARTESIAN_POINT('',(-2.65,3.1,1.125));
#9817 = B_SPLINE_CURVE_WITH_KNOTS('',1,(#9818,#9819),.UNSPECIFIED.,.F.,
  .F.,(2,2),(0.,1.),.PIECEWISE_BEZIER_KNOTS.);
#9818 = CARTESIAN_POINT('',(-2.65,3.1,0.975));
#9819 = CARTESIAN_POINT('',(-2.65,3.1,1.125));
#9820 = ORIENTED_EDGE('',*,*,#9739,.T.);
#9821 = ORIENTED_EDGE('',*,*,#9822,.F.);
#9822 = EDGE_CURVE('',#9823,#9732,#9825,.T.);
#9823 = VERTEX_POINT('',#9824);
#9824 = CARTESIAN_POINT('',(-2.65,2.12,1.125));
#9825 = LINE('',#9826,#9827);
#9826 = CARTESIAN_POINT('',(-2.65,2.12,0.819702419135));
#9827 = VECTOR('',#9828,1.);
#9828 = DIRECTION('',(0.,0.,-1.));
#9829 = ORIENTED_EDGE('',*,*,#9830,.F.);
#9830 = EDGE_CURVE('',#9815,#9823,#9831,.T.);
#9831 = LINE('',#9832,#9833);
#9832 = CARTESIAN_POINT('',(-2.65,3.1,1.125));
#9833 = VECTOR('',#9834,1.);
#9834 = DIRECTION('',(1.110223024625E-16,-1.,0.));
#9835 = PLANE('',#9836);
#9836 = AXIS2_PLACEMENT_3D('',#9837,#9838,#9839);
#9837 = CARTESIAN_POINT('',(-2.65,3.1,1.125));
#9838 = DIRECTION('',(-1.,-1.110223024625E-16,0.));
#9839 = DIRECTION('',(1.110223024625E-16,-1.,0.));
#9840 = ADVANCED_FACE('',(#9841),#9866,.F.);
#9841 = FACE_BOUND('',#9842,.F.);
#9842 = EDGE_LOOP('',(#9843,#9851,#9852,#9860));
#9843 = ORIENTED_EDGE('',*,*,#9844,.F.);
#9844 = EDGE_CURVE('',#9724,#9845,#9847,.T.);
#9845 = VERTEX_POINT('',#9846);
#9846 = CARTESIAN_POINT('',(-2.939795637057,1.69,0.975));
#9847 = LINE('',#9848,#9849);
#9848 = CARTESIAN_POINT('',(-2.649,1.69,0.975));
#9849 = VECTOR('',#9850,1.);
#9850 = DIRECTION('',(-1.,1.144237745222E-17,0.));
#9851 = ORIENTED_EDGE('',*,*,#9731,.F.);
#9852 = ORIENTED_EDGE('',*,*,#9853,.T.);
#9853 = EDGE_CURVE('',#9732,#9854,#9856,.T.);
#9854 = VERTEX_POINT('',#9855);
#9855 = CARTESIAN_POINT('',(-2.939795637057,2.12,0.975));
#9856 = LINE('',#9857,#9858);
#9857 = CARTESIAN_POINT('',(-2.649,2.12,0.975));
#9858 = VECTOR('',#9859,1.);
#9859 = DIRECTION('',(-1.,1.144237745222E-17,0.));
#9860 = ORIENTED_EDGE('',*,*,#9861,.F.);
#9861 = EDGE_CURVE('',#9845,#9854,#9862,.T.);
#9862 = LINE('',#9863,#9864);
#9863 = CARTESIAN_POINT('',(-2.939795637057,1.69,0.975));
#9864 = VECTOR('',#9865,1.);
#9865 = DIRECTION('',(1.144237745222E-17,1.,0.));
#9866 = PLANE('',#9867);
#9867 = AXIS2_PLACEMENT_3D('',#9868,#9869,#9870);
#9868 = CARTESIAN_POINT('',(-2.649,1.69,0.975));
#9869 = DIRECTION('',(0.,0.,1.));
#9870 = DIRECTION('',(-1.,1.144237745222E-17,0.));
#9871 = ADVANCED_FACE('',(#9872),#9897,.T.);
#9872 = FACE_BOUND('',#9873,.T.);
#9873 = EDGE_LOOP('',(#9874,#9882,#9883,#9891));
#9874 = ORIENTED_EDGE('',*,*,#9875,.T.);
#9875 = EDGE_CURVE('',#9876,#9724,#9878,.T.);
#9876 = VERTEX_POINT('',#9877);
#9877 = CARTESIAN_POINT('',(-2.65,1.69,1.125));
#9878 = LINE('',#9879,#9880);
#9879 = CARTESIAN_POINT('',(-2.65,1.69,0.819702419135));
#9880 = VECTOR('',#9881,1.);
#9881 = DIRECTION('',(0.,0.,-1.));
#9882 = ORIENTED_EDGE('',*,*,#9723,.T.);
#9883 = ORIENTED_EDGE('',*,*,#9884,.F.);
#9884 = EDGE_CURVE('',#9885,#9716,#9887,.T.);
#9885 = VERTEX_POINT('',#9886);
#9886 = CARTESIAN_POINT('',(-2.65,0.85,1.125));
#9887 = LINE('',#9888,#9889);
#9888 = CARTESIAN_POINT('',(-2.65,0.85,0.819702419135));
#9889 = VECTOR('',#9890,1.);
#9890 = DIRECTION('',(0.,0.,-1.));
#9891 = ORIENTED_EDGE('',*,*,#9892,.F.);
#9892 = EDGE_CURVE('',#9876,#9885,#9893,.T.);
#9893 = LINE('',#9894,#9895);
#9894 = CARTESIAN_POINT('',(-2.65,3.1,1.125));
#9895 = VECTOR('',#9896,1.);
#9896 = DIRECTION('',(1.110223024625E-16,-1.,0.));
#9897 = PLANE('',#9898);
#9898 = AXIS2_PLACEMENT_3D('',#9899,#9900,#9901);
#9899 = CARTESIAN_POINT('',(-2.65,3.1,1.125));
#9900 = DIRECTION('',(-1.,-1.110223024625E-16,0.));
#9901 = DIRECTION('',(1.110223024625E-16,-1.,0.));
#9902 = ADVANCED_FACE('',(#9903),#9928,.F.);
#9903 = FACE_BOUND('',#9904,.F.);
#9904 = EDGE_LOOP('',(#9905,#9913,#9914,#9922));
#9905 = ORIENTED_EDGE('',*,*,#9906,.F.);
#9906 = EDGE_CURVE('',#9708,#9907,#9909,.T.);
#9907 = VERTEX_POINT('',#9908);
#9908 = CARTESIAN_POINT('',(-2.939795637057,0.42,0.975));
#9909 = LINE('',#9910,#9911);
#9910 = CARTESIAN_POINT('',(-2.649,0.42,0.975));
#9911 = VECTOR('',#9912,1.);
#9912 = DIRECTION('',(-1.,1.144237745222E-17,0.));
#9913 = ORIENTED_EDGE('',*,*,#9715,.F.);
#9914 = ORIENTED_EDGE('',*,*,#9915,.T.);
#9915 = EDGE_CURVE('',#9716,#9916,#9918,.T.);
#9916 = VERTEX_POINT('',#9917);
#9917 = CARTESIAN_POINT('',(-2.939795637057,0.85,0.975));
#9918 = LINE('',#9919,#9920);
#9919 = CARTESIAN_POINT('',(-2.649,0.85,0.975));
#9920 = VECTOR('',#9921,1.);
#9921 = DIRECTION('',(-1.,1.144237745222E-17,0.));
#9922 = ORIENTED_EDGE('',*,*,#9923,.F.);
#9923 = EDGE_CURVE('',#9907,#9916,#9924,.T.);
#9924 = LINE('',#9925,#9926);
#9925 = CARTESIAN_POINT('',(-2.939795637057,0.42,0.975));
#9926 = VECTOR('',#9927,1.);
#9927 = DIRECTION('',(1.144237745222E-17,1.,0.));
#9928 = PLANE('',#9929);
#9929 = AXIS2_PLACEMENT_3D('',#9930,#9931,#9932);
#9930 = CARTESIAN_POINT('',(-2.649,0.42,0.975));
#9931 = DIRECTION('',(0.,0.,1.));
#9932 = DIRECTION('',(-1.,1.144237745222E-17,0.));
#9933 = ADVANCED_FACE('',(#9934),#9959,.T.);
#9934 = FACE_BOUND('',#9935,.T.);
#9935 = EDGE_LOOP('',(#9936,#9944,#9945,#9953));
#9936 = ORIENTED_EDGE('',*,*,#9937,.T.);
#9937 = EDGE_CURVE('',#9938,#9708,#9940,.T.);
#9938 = VERTEX_POINT('',#9939);
#9939 = CARTESIAN_POINT('',(-2.65,0.42,1.125));
#9940 = LINE('',#9941,#9942);
#9941 = CARTESIAN_POINT('',(-2.65,0.42,0.819702419135));
#9942 = VECTOR('',#9943,1.);
#9943 = DIRECTION('',(0.,0.,-1.));
#9944 = ORIENTED_EDGE('',*,*,#9707,.T.);
#9945 = ORIENTED_EDGE('',*,*,#9946,.F.);
#9946 = EDGE_CURVE('',#9947,#9700,#9949,.T.);
#9947 = VERTEX_POINT('',#9948);
#9948 = CARTESIAN_POINT('',(-2.65,-0.42,1.125));
#9949 = LINE('',#9950,#9951);
#9950 = CARTESIAN_POINT('',(-2.65,-0.42,0.819702419135));
#9951 = VECTOR('',#9952,1.);
#9952 = DIRECTION('',(0.,0.,-1.));
#9953 = ORIENTED_EDGE('',*,*,#9954,.F.);
#9954 = EDGE_CURVE('',#9938,#9947,#9955,.T.);
#9955 = LINE('',#9956,#9957);
#9956 = CARTESIAN_POINT('',(-2.65,3.1,1.125));
#9957 = VECTOR('',#9958,1.);
#9958 = DIRECTION('',(1.110223024625E-16,-1.,0.));
#9959 = PLANE('',#9960);
#9960 = AXIS2_PLACEMENT_3D('',#9961,#9962,#9963);
#9961 = CARTESIAN_POINT('',(-2.65,3.1,1.125));
#9962 = DIRECTION('',(-1.,-1.110223024625E-16,0.));
#9963 = DIRECTION('',(1.110223024625E-16,-1.,0.));
#9964 = ADVANCED_FACE('',(#9965),#9990,.F.);
#9965 = FACE_BOUND('',#9966,.F.);
#9966 = EDGE_LOOP('',(#9967,#9975,#9976,#9984));
#9967 = ORIENTED_EDGE('',*,*,#9968,.F.);
#9968 = EDGE_CURVE('',#9692,#9969,#9971,.T.);
#9969 = VERTEX_POINT('',#9970);
#9970 = CARTESIAN_POINT('',(-2.939795637057,-0.85,0.975));
#9971 = LINE('',#9972,#9973);
#9972 = CARTESIAN_POINT('',(-2.649,-0.85,0.975));
#9973 = VECTOR('',#9974,1.);
#9974 = DIRECTION('',(-1.,1.144237745222E-17,0.));
#9975 = ORIENTED_EDGE('',*,*,#9699,.F.);
#9976 = ORIENTED_EDGE('',*,*,#9977,.T.);
#9977 = EDGE_CURVE('',#9700,#9978,#9980,.T.);
#9978 = VERTEX_POINT('',#9979);
#9979 = CARTESIAN_POINT('',(-2.939795637057,-0.42,0.975));
#9980 = LINE('',#9981,#9982);
#9981 = CARTESIAN_POINT('',(-2.649,-0.42,0.975));
#9982 = VECTOR('',#9983,1.);
#9983 = DIRECTION('',(-1.,1.144237745222E-17,0.));
#9984 = ORIENTED_EDGE('',*,*,#9985,.F.);
#9985 = EDGE_CURVE('',#9969,#9978,#9986,.T.);
#9986 = LINE('',#9987,#9988);
#9987 = CARTESIAN_POINT('',(-2.939795637057,-0.85,0.975));
#9988 = VECTOR('',#9989,1.);
#9989 = DIRECTION('',(1.144237745222E-17,1.,0.));
#9990 = PLANE('',#9991);
#9991 = AXIS2_PLACEMENT_3D('',#9992,#9993,#9994);
#9992 = CARTESIAN_POINT('',(-2.649,-0.85,0.975));
#9993 = DIRECTION('',(0.,0.,1.));
#9994 = DIRECTION('',(-1.,1.144237745222E-17,0.));
#9995 = ADVANCED_FACE('',(#9996),#10021,.T.);
#9996 = FACE_BOUND('',#9997,.T.);
#9997 = EDGE_LOOP('',(#9998,#10006,#10007,#10015));
#9998 = ORIENTED_EDGE('',*,*,#9999,.T.);
#9999 = EDGE_CURVE('',#10000,#9692,#10002,.T.);
#10000 = VERTEX_POINT('',#10001);
#10001 = CARTESIAN_POINT('',(-2.65,-0.85,1.125));
#10002 = LINE('',#10003,#10004);
#10003 = CARTESIAN_POINT('',(-2.65,-0.85,0.819702419135));
#10004 = VECTOR('',#10005,1.);
#10005 = DIRECTION('',(0.,0.,-1.));
#10006 = ORIENTED_EDGE('',*,*,#9691,.T.);
#10007 = ORIENTED_EDGE('',*,*,#10008,.F.);
#10008 = EDGE_CURVE('',#10009,#9684,#10011,.T.);
#10009 = VERTEX_POINT('',#10010);
#10010 = CARTESIAN_POINT('',(-2.65,-1.69,1.125));
#10011 = LINE('',#10012,#10013);
#10012 = CARTESIAN_POINT('',(-2.65,-1.69,0.819702419135));
#10013 = VECTOR('',#10014,1.);
#10014 = DIRECTION('',(0.,0.,-1.));
#10015 = ORIENTED_EDGE('',*,*,#10016,.F.);
#10016 = EDGE_CURVE('',#10000,#10009,#10017,.T.);
#10017 = LINE('',#10018,#10019);
#10018 = CARTESIAN_POINT('',(-2.65,3.1,1.125));
#10019 = VECTOR('',#10020,1.);
#10020 = DIRECTION('',(1.110223024625E-16,-1.,0.));
#10021 = PLANE('',#10022);
#10022 = AXIS2_PLACEMENT_3D('',#10023,#10024,#10025);
#10023 = CARTESIAN_POINT('',(-2.65,3.1,1.125));
#10024 = DIRECTION('',(-1.,-1.110223024625E-16,0.));
#10025 = DIRECTION('',(1.110223024625E-16,-1.,0.));
#10026 = ADVANCED_FACE('',(#10027),#10052,.F.);
#10027 = FACE_BOUND('',#10028,.F.);
#10028 = EDGE_LOOP('',(#10029,#10037,#10038,#10046));
#10029 = ORIENTED_EDGE('',*,*,#10030,.F.);
#10030 = EDGE_CURVE('',#9676,#10031,#10033,.T.);
#10031 = VERTEX_POINT('',#10032);
#10032 = CARTESIAN_POINT('',(-2.939795637057,-2.12,0.975));
#10033 = LINE('',#10034,#10035);
#10034 = CARTESIAN_POINT('',(-2.649,-2.12,0.975));
#10035 = VECTOR('',#10036,1.);
#10036 = DIRECTION('',(-1.,1.144237745222E-17,0.));
#10037 = ORIENTED_EDGE('',*,*,#9683,.F.);
#10038 = ORIENTED_EDGE('',*,*,#10039,.T.);
#10039 = EDGE_CURVE('',#9684,#10040,#10042,.T.);
#10040 = VERTEX_POINT('',#10041);
#10041 = CARTESIAN_POINT('',(-2.939795637057,-1.69,0.975));
#10042 = LINE('',#10043,#10044);
#10043 = CARTESIAN_POINT('',(-2.649,-1.69,0.975));
#10044 = VECTOR('',#10045,1.);
#10045 = DIRECTION('',(-1.,1.144237745222E-17,0.));
#10046 = ORIENTED_EDGE('',*,*,#10047,.F.);
#10047 = EDGE_CURVE('',#10031,#10040,#10048,.T.);
#10048 = LINE('',#10049,#10050);
#10049 = CARTESIAN_POINT('',(-2.939795637057,-2.12,0.975));
#10050 = VECTOR('',#10051,1.);
#10051 = DIRECTION('',(1.144237745222E-17,1.,0.));
#10052 = PLANE('',#10053);
#10053 = AXIS2_PLACEMENT_3D('',#10054,#10055,#10056);
#10054 = CARTESIAN_POINT('',(-2.649,-2.12,0.975));
#10055 = DIRECTION('',(0.,0.,1.));
#10056 = DIRECTION('',(-1.,1.144237745222E-17,0.));
#10057 = ADVANCED_FACE('',(#10058),#10082,.T.);
#10058 = FACE_BOUND('',#10059,.T.);
#10059 = EDGE_LOOP('',(#10060,#10068,#10069,#10076));
#10060 = ORIENTED_EDGE('',*,*,#10061,.T.);
#10061 = EDGE_CURVE('',#10062,#9676,#10064,.T.);
#10062 = VERTEX_POINT('',#10063);
#10063 = CARTESIAN_POINT('',(-2.65,-2.12,1.125));
#10064 = LINE('',#10065,#10066);
#10065 = CARTESIAN_POINT('',(-2.65,-2.12,0.819702419135));
#10066 = VECTOR('',#10067,1.);
#10067 = DIRECTION('',(0.,0.,-1.));
#10068 = ORIENTED_EDGE('',*,*,#9675,.T.);
#10069 = ORIENTED_EDGE('',*,*,#10070,.T.);
#10070 = EDGE_CURVE('',#9669,#10071,#10073,.T.);
#10071 = VERTEX_POINT('',#10072);
#10072 = CARTESIAN_POINT('',(-2.65,-3.1,1.125));
#10073 = B_SPLINE_CURVE_WITH_KNOTS('',1,(#10074,#10075),.UNSPECIFIED.,
  .F.,.F.,(2,2),(0.,1.),.PIECEWISE_BEZIER_KNOTS.);
#10074 = CARTESIAN_POINT('',(-2.65,-3.1,0.975));
#10075 = CARTESIAN_POINT('',(-2.65,-3.1,1.125));
#10076 = ORIENTED_EDGE('',*,*,#10077,.F.);
#10077 = EDGE_CURVE('',#10062,#10071,#10078,.T.);
#10078 = LINE('',#10079,#10080);
#10079 = CARTESIAN_POINT('',(-2.65,3.1,1.125));
#10080 = VECTOR('',#10081,1.);
#10081 = DIRECTION('',(1.110223024625E-16,-1.,0.));
#10082 = PLANE('',#10083);
#10083 = AXIS2_PLACEMENT_3D('',#10084,#10085,#10086);
#10084 = CARTESIAN_POINT('',(-2.65,3.1,1.125));
#10085 = DIRECTION('',(-1.,-1.110223024625E-16,0.));
#10086 = DIRECTION('',(1.110223024625E-16,-1.,0.));
#10087 = ADVANCED_FACE('',(#10088),#10105,.T.);
#10088 = FACE_BOUND('',#10089,.T.);
#10089 = EDGE_LOOP('',(#10090,#10091,#10092,#10100));
#10090 = ORIENTED_EDGE('',*,*,#9777,.T.);
#10091 = ORIENTED_EDGE('',*,*,#9747,.T.);
#10092 = ORIENTED_EDGE('',*,*,#10093,.F.);
#10093 = EDGE_CURVE('',#10094,#9740,#10096,.T.);
#10094 = VERTEX_POINT('',#10095);
#10095 = CARTESIAN_POINT('',(2.65,3.1,0.975));
#10096 = LINE('',#10097,#10098);
#10097 = CARTESIAN_POINT('',(2.65,3.1,0.975));
#10098 = VECTOR('',#10099,1.);
#10099 = DIRECTION('',(-1.,-1.110223024625E-16,0.));
#10100 = ORIENTED_EDGE('',*,*,#10101,.F.);
#10101 = EDGE_CURVE('',#9770,#10094,#10102,.T.);
#10102 = B_SPLINE_CURVE_WITH_KNOTS('',1,(#10103,#10104),.UNSPECIFIED.,
  .F.,.F.,(2,2),(0.,1.),.PIECEWISE_BEZIER_KNOTS.);
#10103 = CARTESIAN_POINT('',(2.511413614716,2.961413614716,0.1));
#10104 = CARTESIAN_POINT('',(2.65,3.1,0.975));
#10105 = B_SPLINE_SURFACE_WITH_KNOTS('',1,1,(
    (#10106,#10107)
    ,(#10108,#10109
    )),.UNSPECIFIED.,.F.,.F.,.F.,(2,2),(2,2),(0.,5.3),(0.,1.),
  .PIECEWISE_BEZIER_KNOTS.);
#10106 = CARTESIAN_POINT('',(2.511413614716,2.961413614716,0.1));
#10107 = CARTESIAN_POINT('',(2.65,3.1,0.975));
#10108 = CARTESIAN_POINT('',(-2.511413614716,2.961413614716,0.1));
#10109 = CARTESIAN_POINT('',(-2.65,3.1,0.975));
#10110 = ADVANCED_FACE('',(#10111),#10186,.T.);
#10111 = FACE_BOUND('',#10112,.T.);
#10112 = EDGE_LOOP('',(#10113,#10114,#10115,#10123,#10131,#10139,#10147,
    #10155,#10163,#10171,#10179,#10185));
#10113 = ORIENTED_EDGE('',*,*,#9769,.T.);
#10114 = ORIENTED_EDGE('',*,*,#10101,.T.);
#10115 = ORIENTED_EDGE('',*,*,#10116,.F.);
#10116 = EDGE_CURVE('',#10117,#10094,#10119,.T.);
#10117 = VERTEX_POINT('',#10118);
#10118 = CARTESIAN_POINT('',(2.65,2.12,0.975));
#10119 = LINE('',#10120,#10121);
#10120 = CARTESIAN_POINT('',(2.65,-3.1,0.975));
#10121 = VECTOR('',#10122,1.);
#10122 = DIRECTION('',(-1.110223024625E-16,1.,0.));
#10123 = ORIENTED_EDGE('',*,*,#10124,.F.);
#10124 = EDGE_CURVE('',#10125,#10117,#10127,.T.);
#10125 = VERTEX_POINT('',#10126);
#10126 = CARTESIAN_POINT('',(2.65,1.69,0.975));
#10127 = LINE('',#10128,#10129);
#10128 = CARTESIAN_POINT('',(2.65,-3.1,0.975));
#10129 = VECTOR('',#10130,1.);
#10130 = DIRECTION('',(-1.110223024625E-16,1.,0.));
#10131 = ORIENTED_EDGE('',*,*,#10132,.F.);
#10132 = EDGE_CURVE('',#10133,#10125,#10135,.T.);
#10133 = VERTEX_POINT('',#10134);
#10134 = CARTESIAN_POINT('',(2.65,0.85,0.975));
#10135 = LINE('',#10136,#10137);
#10136 = CARTESIAN_POINT('',(2.65,-3.1,0.975));
#10137 = VECTOR('',#10138,1.);
#10138 = DIRECTION('',(-1.110223024625E-16,1.,0.));
#10139 = ORIENTED_EDGE('',*,*,#10140,.F.);
#10140 = EDGE_CURVE('',#10141,#10133,#10143,.T.);
#10141 = VERTEX_POINT('',#10142);
#10142 = CARTESIAN_POINT('',(2.65,0.42,0.975));
#10143 = LINE('',#10144,#10145);
#10144 = CARTESIAN_POINT('',(2.65,-3.1,0.975));
#10145 = VECTOR('',#10146,1.);
#10146 = DIRECTION('',(-1.110223024625E-16,1.,0.));
#10147 = ORIENTED_EDGE('',*,*,#10148,.F.);
#10148 = EDGE_CURVE('',#10149,#10141,#10151,.T.);
#10149 = VERTEX_POINT('',#10150);
#10150 = CARTESIAN_POINT('',(2.65,-0.42,0.975));
#10151 = LINE('',#10152,#10153);
#10152 = CARTESIAN_POINT('',(2.65,-3.1,0.975));
#10153 = VECTOR('',#10154,1.);
#10154 = DIRECTION('',(-1.110223024625E-16,1.,0.));
#10155 = ORIENTED_EDGE('',*,*,#10156,.F.);
#10156 = EDGE_CURVE('',#10157,#10149,#10159,.T.);
#10157 = VERTEX_POINT('',#10158);
#10158 = CARTESIAN_POINT('',(2.65,-0.85,0.975));
#10159 = LINE('',#10160,#10161);
#10160 = CARTESIAN_POINT('',(2.65,-3.1,0.975));
#10161 = VECTOR('',#10162,1.);
#10162 = DIRECTION('',(-1.110223024625E-16,1.,0.));
#10163 = ORIENTED_EDGE('',*,*,#10164,.F.);
#10164 = EDGE_CURVE('',#10165,#10157,#10167,.T.);
#10165 = VERTEX_POINT('',#10166);
#10166 = CARTESIAN_POINT('',(2.65,-1.69,0.975));
#10167 = LINE('',#10168,#10169);
#10168 = CARTESIAN_POINT('',(2.65,-3.1,0.975));
#10169 = VECTOR('',#10170,1.);
#10170 = DIRECTION('',(-1.110223024625E-16,1.,0.));
#10171 = ORIENTED_EDGE('',*,*,#10172,.F.);
#10172 = EDGE_CURVE('',#10173,#10165,#10175,.T.);
#10173 = VERTEX_POINT('',#10174);
#10174 = CARTESIAN_POINT('',(2.65,-2.12,0.975));
#10175 = LINE('',#10176,#10177);
#10176 = CARTESIAN_POINT('',(2.65,-3.1,0.975));
#10177 = VECTOR('',#10178,1.);
#10178 = DIRECTION('',(-1.110223024625E-16,1.,0.));
#10179 = ORIENTED_EDGE('',*,*,#10180,.F.);
#10180 = EDGE_CURVE('',#9793,#10173,#10181,.T.);
#10181 = LINE('',#10182,#10183);
#10182 = CARTESIAN_POINT('',(2.65,-3.1,0.975));
#10183 = VECTOR('',#10184,1.);
#10184 = DIRECTION('',(-1.110223024625E-16,1.,0.));
#10185 = ORIENTED_EDGE('',*,*,#9792,.F.);
#10186 = B_SPLINE_SURFACE_WITH_KNOTS('',1,1,(
    (#10187,#10188)
    ,(#10189,#10190
    )),.UNSPECIFIED.,.F.,.F.,.F.,(2,2),(2,2),(0.,6.2),(0.,1.),
  .PIECEWISE_BEZIER_KNOTS.);
#10187 = CARTESIAN_POINT('',(2.511413614716,-2.961413614716,0.1));
#10188 = CARTESIAN_POINT('',(2.65,-3.1,0.975));
#10189 = CARTESIAN_POINT('',(2.511413614716,2.961413614716,0.1));
#10190 = CARTESIAN_POINT('',(2.65,3.1,0.975));
#10191 = ADVANCED_FACE('',(#10192),#10209,.T.);
#10192 = FACE_BOUND('',#10193,.T.);
#10193 = EDGE_LOOP('',(#10194,#10195,#10202,#10208));
#10194 = ORIENTED_EDGE('',*,*,#9799,.T.);
#10195 = ORIENTED_EDGE('',*,*,#10196,.T.);
#10196 = EDGE_CURVE('',#9793,#10197,#10199,.T.);
#10197 = VERTEX_POINT('',#10198);
#10198 = CARTESIAN_POINT('',(2.65,-3.1,1.125));
#10199 = B_SPLINE_CURVE_WITH_KNOTS('',1,(#10200,#10201),.UNSPECIFIED.,
  .F.,.F.,(2,2),(0.,1.),.PIECEWISE_BEZIER_KNOTS.);
#10200 = CARTESIAN_POINT('',(2.65,-3.1,0.975));
#10201 = CARTESIAN_POINT('',(2.65,-3.1,1.125));
#10202 = ORIENTED_EDGE('',*,*,#10203,.F.);
#10203 = EDGE_CURVE('',#10071,#10197,#10204,.T.);
#10204 = LINE('',#10205,#10206);
#10205 = CARTESIAN_POINT('',(-2.65,-3.1,1.125));
#10206 = VECTOR('',#10207,1.);
#10207 = DIRECTION('',(1.,1.110223024625E-16,0.));
#10208 = ORIENTED_EDGE('',*,*,#10070,.F.);
#10209 = PLANE('',#10210);
#10210 = AXIS2_PLACEMENT_3D('',#10211,#10212,#10213);
#10211 = CARTESIAN_POINT('',(-2.65,-3.1,1.125));
#10212 = DIRECTION('',(1.110223024625E-16,-1.,0.));
#10213 = DIRECTION('',(1.,1.110223024625E-16,0.));
#10214 = ADVANCED_FACE('',(#10215),#10232,.T.);
#10215 = FACE_BOUND('',#10216,.T.);
#10216 = EDGE_LOOP('',(#10217,#10218,#10219,#10227));
#10217 = ORIENTED_EDGE('',*,*,#10093,.T.);
#10218 = ORIENTED_EDGE('',*,*,#9814,.T.);
#10219 = ORIENTED_EDGE('',*,*,#10220,.F.);
#10220 = EDGE_CURVE('',#10221,#9815,#10223,.T.);
#10221 = VERTEX_POINT('',#10222);
#10222 = CARTESIAN_POINT('',(2.65,3.1,1.125));
#10223 = LINE('',#10224,#10225);
#10224 = CARTESIAN_POINT('',(2.65,3.1,1.125));
#10225 = VECTOR('',#10226,1.);
#10226 = DIRECTION('',(-1.,-1.110223024625E-16,0.));
#10227 = ORIENTED_EDGE('',*,*,#10228,.F.);
#10228 = EDGE_CURVE('',#10094,#10221,#10229,.T.);
#10229 = B_SPLINE_CURVE_WITH_KNOTS('',1,(#10230,#10231),.UNSPECIFIED.,
  .F.,.F.,(2,2),(0.,1.),.PIECEWISE_BEZIER_KNOTS.);
#10230 = CARTESIAN_POINT('',(2.65,3.1,0.975));
#10231 = CARTESIAN_POINT('',(2.65,3.1,1.125));
#10232 = PLANE('',#10233);
#10233 = AXIS2_PLACEMENT_3D('',#10234,#10235,#10236);
#10234 = CARTESIAN_POINT('',(2.65,3.1,1.125));
#10235 = DIRECTION('',(-1.110223024625E-16,1.,0.));
#10236 = DIRECTION('',(-1.,-1.110223024625E-16,0.));
#10237 = ADVANCED_FACE('',(#10238),#10288,.T.);
#10238 = FACE_BOUND('',#10239,.T.);
#10239 = EDGE_LOOP('',(#10240,#10241,#10242,#10250,#10258,#10266,#10274,
    #10282));
#10240 = ORIENTED_EDGE('',*,*,#10220,.T.);
#10241 = ORIENTED_EDGE('',*,*,#9830,.T.);
#10242 = ORIENTED_EDGE('',*,*,#10243,.T.);
#10243 = EDGE_CURVE('',#9823,#10244,#10246,.T.);
#10244 = VERTEX_POINT('',#10245);
#10245 = CARTESIAN_POINT('',(-2.6495,2.12,1.125));
#10246 = LINE('',#10247,#10248);
#10247 = CARTESIAN_POINT('',(-2.939795637057,2.12,1.125));
#10248 = VECTOR('',#10249,1.);
#10249 = DIRECTION('',(1.,-1.144237745222E-17,0.));
#10250 = ORIENTED_EDGE('',*,*,#10251,.F.);
#10251 = EDGE_CURVE('',#10252,#10244,#10254,.T.);
#10252 = VERTEX_POINT('',#10253);
#10253 = CARTESIAN_POINT('',(-2.6495,3.0995,1.125));
#10254 = LINE('',#10255,#10256);
#10255 = CARTESIAN_POINT('',(-2.6495,3.0995,1.125));
#10256 = VECTOR('',#10257,1.);
#10257 = DIRECTION('',(1.110223024625E-16,-1.,0.));
#10258 = ORIENTED_EDGE('',*,*,#10259,.F.);
#10259 = EDGE_CURVE('',#10260,#10252,#10262,.T.);
#10260 = VERTEX_POINT('',#10261);
#10261 = CARTESIAN_POINT('',(2.6495,3.0995,1.125));
#10262 = LINE('',#10263,#10264);
#10263 = CARTESIAN_POINT('',(2.6495,3.0995,1.125));
#10264 = VECTOR('',#10265,1.);
#10265 = DIRECTION('',(-1.,-1.110223024625E-16,0.));
#10266 = ORIENTED_EDGE('',*,*,#10267,.F.);
#10267 = EDGE_CURVE('',#10268,#10260,#10270,.T.);
#10268 = VERTEX_POINT('',#10269);
#10269 = CARTESIAN_POINT('',(2.6495,2.12,1.125));
#10270 = LINE('',#10271,#10272);
#10271 = CARTESIAN_POINT('',(2.6495,-3.0995,1.125));
#10272 = VECTOR('',#10273,1.);
#10273 = DIRECTION('',(-1.110223024625E-16,1.,0.));
#10274 = ORIENTED_EDGE('',*,*,#10275,.F.);
#10275 = EDGE_CURVE('',#10276,#10268,#10278,.T.);
#10276 = VERTEX_POINT('',#10277);
#10277 = CARTESIAN_POINT('',(2.65,2.12,1.125));
#10278 = LINE('',#10279,#10280);
#10279 = CARTESIAN_POINT('',(2.939795637057,2.12,1.125));
#10280 = VECTOR('',#10281,1.);
#10281 = DIRECTION('',(-1.,-1.110223024625E-16,0.));
#10282 = ORIENTED_EDGE('',*,*,#10283,.T.);
#10283 = EDGE_CURVE('',#10276,#10221,#10284,.T.);
#10284 = LINE('',#10285,#10286);
#10285 = CARTESIAN_POINT('',(2.65,-3.1,1.125));
#10286 = VECTOR('',#10287,1.);
#10287 = DIRECTION('',(-1.110223024625E-16,1.,0.));
#10288 = PLANE('',#10289);
#10289 = AXIS2_PLACEMENT_3D('',#10290,#10291,#10292);
#10290 = CARTESIAN_POINT('',(-2.64975,-3.785949974092E-16,1.125));
#10291 = DIRECTION('',(0.,0.,1.));
#10292 = DIRECTION('',(1.110218361881E-16,-1.,0.));
#10293 = ADVANCED_FACE('',(#10294),#10380,.T.);
#10294 = FACE_BOUND('',#10295,.T.);
#10295 = EDGE_LOOP('',(#10296,#10297,#10298,#10307,#10315,#10324,#10332,
    #10340,#10348,#10357,#10365,#10374));
#10296 = ORIENTED_EDGE('',*,*,#9822,.T.);
#10297 = ORIENTED_EDGE('',*,*,#9853,.T.);
#10298 = ORIENTED_EDGE('',*,*,#10299,.T.);
#10299 = EDGE_CURVE('',#9854,#10300,#10302,.T.);
#10300 = VERTEX_POINT('',#10301);
#10301 = CARTESIAN_POINT('',(-3.038276412358,2.12,0.892364817767));
#10302 = CIRCLE('',#10303,0.1);
#10303 = AXIS2_PLACEMENT_3D('',#10304,#10305,#10306);
#10304 = CARTESIAN_POINT('',(-2.939795637057,2.12,0.875));
#10305 = DIRECTION('',(-1.144237745222E-17,-1.,0.));
#10306 = DIRECTION('',(0.,0.,1.));
#10307 = ORIENTED_EDGE('',*,*,#10308,.T.);
#10308 = EDGE_CURVE('',#10300,#10309,#10311,.T.);
#10309 = VERTEX_POINT('',#10310);
#10310 = CARTESIAN_POINT('',(-3.153798061747,2.12,0.206587955583));
#10311 = LINE('',#10312,#10313);
#10312 = CARTESIAN_POINT('',(-3.038276412358,2.12,0.892364817767));
#10313 = VECTOR('',#10314,1.);
#10314 = DIRECTION('',(-0.166113316671,1.900731269194E-18,
    -0.986106670713));
#10315 = ORIENTED_EDGE('',*,*,#10316,.T.);
#10316 = EDGE_CURVE('',#10309,#10317,#10319,.T.);
#10317 = VERTEX_POINT('',#10318);
#10318 = CARTESIAN_POINT('',(-3.4,2.12,5.551115123126E-17));
#10319 = CIRCLE('',#10320,0.25);
#10320 = AXIS2_PLACEMENT_3D('',#10321,#10322,#10323);
#10321 = CARTESIAN_POINT('',(-3.4,2.12,0.25));
#10322 = DIRECTION('',(1.144237745222E-17,1.,2.311115933265E-33));
#10323 = DIRECTION('',(0.984807753012,-1.126854202784E-17,
    -0.173648177667));
#10324 = ORIENTED_EDGE('',*,*,#10325,.T.);
#10325 = EDGE_CURVE('',#10317,#10326,#10328,.T.);
#10326 = VERTEX_POINT('',#10327);
#10327 = CARTESIAN_POINT('',(-3.9,2.12,5.551115123126E-17));
#10328 = LINE('',#10329,#10330);
#10329 = CARTESIAN_POINT('',(-3.4,2.12,5.551115123126E-17));
#10330 = VECTOR('',#10331,1.);
#10331 = DIRECTION('',(-1.,1.144237745222E-17,0.));
#10332 = ORIENTED_EDGE('',*,*,#10333,.T.);
#10333 = EDGE_CURVE('',#10326,#10334,#10336,.T.);
#10334 = VERTEX_POINT('',#10335);
#10335 = CARTESIAN_POINT('',(-3.9,2.12,0.15));
#10336 = LINE('',#10337,#10338);
#10337 = CARTESIAN_POINT('',(-3.9,2.12,5.551115123126E-17));
#10338 = VECTOR('',#10339,1.);
#10339 = DIRECTION('',(0.,0.,1.));
#10340 = ORIENTED_EDGE('',*,*,#10341,.T.);
#10341 = EDGE_CURVE('',#10334,#10342,#10344,.T.);
#10342 = VERTEX_POINT('',#10343);
#10343 = CARTESIAN_POINT('',(-3.4,2.12,0.15));
#10344 = LINE('',#10345,#10346);
#10345 = CARTESIAN_POINT('',(-3.9,2.12,0.15));
#10346 = VECTOR('',#10347,1.);
#10347 = DIRECTION('',(1.,-1.144237745222E-17,0.));
#10348 = ORIENTED_EDGE('',*,*,#10349,.T.);
#10349 = EDGE_CURVE('',#10342,#10350,#10352,.T.);
#10350 = VERTEX_POINT('',#10351);
#10351 = CARTESIAN_POINT('',(-3.301519224699,2.12,0.232635182233));
#10352 = CIRCLE('',#10353,0.1);
#10353 = AXIS2_PLACEMENT_3D('',#10354,#10355,#10356);
#10354 = CARTESIAN_POINT('',(-3.4,2.12,0.25));
#10355 = DIRECTION('',(-1.144237745222E-17,-1.,1.094764425254E-47));
#10356 = DIRECTION('',(4.440892098501E-15,-5.081436361563E-32,-1.));
#10357 = ORIENTED_EDGE('',*,*,#10358,.T.);
#10358 = EDGE_CURVE('',#10350,#10359,#10361,.T.);
#10359 = VERTEX_POINT('',#10360);
#10360 = CARTESIAN_POINT('',(-3.18599757531,2.12,0.918412044417));
#10361 = LINE('',#10362,#10363);
#10362 = CARTESIAN_POINT('',(-3.301519224699,2.12,0.232635182233));
#10363 = VECTOR('',#10364,1.);
#10364 = DIRECTION('',(0.166113316671,-1.900731269194E-18,0.986106670713
    ));
#10365 = ORIENTED_EDGE('',*,*,#10366,.T.);
#10366 = EDGE_CURVE('',#10359,#10367,#10369,.T.);
#10367 = VERTEX_POINT('',#10368);
#10368 = CARTESIAN_POINT('',(-2.939795637057,2.12,1.125));
#10369 = CIRCLE('',#10370,0.25);
#10370 = AXIS2_PLACEMENT_3D('',#10371,#10372,#10373);
#10371 = CARTESIAN_POINT('',(-2.939795637057,2.12,0.875));
#10372 = DIRECTION('',(1.144237745222E-17,1.,2.311115933265E-33));
#10373 = DIRECTION('',(-0.984807753012,1.126854202784E-17,0.173648177667
    ));
#10374 = ORIENTED_EDGE('',*,*,#10375,.T.);
#10375 = EDGE_CURVE('',#10367,#9823,#10376,.T.);
#10376 = LINE('',#10377,#10378);
#10377 = CARTESIAN_POINT('',(-2.939795637057,2.12,1.125));
#10378 = VECTOR('',#10379,1.);
#10379 = DIRECTION('',(1.,-1.144237745222E-17,0.));
#10380 = PLANE('',#10381);
#10381 = AXIS2_PLACEMENT_3D('',#10382,#10383,#10384);
#10382 = CARTESIAN_POINT('',(-3.239006866307,2.12,0.51440483827));
#10383 = DIRECTION('',(1.144237745222E-17,1.,0.));
#10384 = DIRECTION('',(0.,-0.,1.));
#10385 = ADVANCED_FACE('',(#10386),#10472,.F.);
#10386 = FACE_BOUND('',#10387,.F.);
#10387 = EDGE_LOOP('',(#10388,#10389,#10390,#10399,#10407,#10416,#10424,
    #10432,#10440,#10449,#10457,#10466));
#10388 = ORIENTED_EDGE('',*,*,#9875,.T.);
#10389 = ORIENTED_EDGE('',*,*,#9844,.T.);
#10390 = ORIENTED_EDGE('',*,*,#10391,.T.);
#10391 = EDGE_CURVE('',#9845,#10392,#10394,.T.);
#10392 = VERTEX_POINT('',#10393);
#10393 = CARTESIAN_POINT('',(-3.038276412358,1.69,0.892364817767));
#10394 = CIRCLE('',#10395,0.1);
#10395 = AXIS2_PLACEMENT_3D('',#10396,#10397,#10398);
#10396 = CARTESIAN_POINT('',(-2.939795637057,1.69,0.875));
#10397 = DIRECTION('',(-1.144237745222E-17,-1.,0.));
#10398 = DIRECTION('',(0.,0.,1.));
#10399 = ORIENTED_EDGE('',*,*,#10400,.T.);
#10400 = EDGE_CURVE('',#10392,#10401,#10403,.T.);
#10401 = VERTEX_POINT('',#10402);
#10402 = CARTESIAN_POINT('',(-3.153798061747,1.69,0.206587955583));
#10403 = LINE('',#10404,#10405);
#10404 = CARTESIAN_POINT('',(-3.038276412358,1.69,0.892364817767));
#10405 = VECTOR('',#10406,1.);
#10406 = DIRECTION('',(-0.166113316671,1.900731269194E-18,
    -0.986106670713));
#10407 = ORIENTED_EDGE('',*,*,#10408,.T.);
#10408 = EDGE_CURVE('',#10401,#10409,#10411,.T.);
#10409 = VERTEX_POINT('',#10410);
#10410 = CARTESIAN_POINT('',(-3.4,1.69,5.551115123126E-17));
#10411 = CIRCLE('',#10412,0.25);
#10412 = AXIS2_PLACEMENT_3D('',#10413,#10414,#10415);
#10413 = CARTESIAN_POINT('',(-3.4,1.69,0.25));
#10414 = DIRECTION('',(1.144237745222E-17,1.,2.311115933265E-33));
#10415 = DIRECTION('',(0.984807753012,-1.126854202784E-17,
    -0.173648177667));
#10416 = ORIENTED_EDGE('',*,*,#10417,.T.);
#10417 = EDGE_CURVE('',#10409,#10418,#10420,.T.);
#10418 = VERTEX_POINT('',#10419);
#10419 = CARTESIAN_POINT('',(-3.9,1.69,5.551115123126E-17));
#10420 = LINE('',#10421,#10422);
#10421 = CARTESIAN_POINT('',(-3.4,1.69,5.551115123126E-17));
#10422 = VECTOR('',#10423,1.);
#10423 = DIRECTION('',(-1.,1.144237745222E-17,0.));
#10424 = ORIENTED_EDGE('',*,*,#10425,.T.);
#10425 = EDGE_CURVE('',#10418,#10426,#10428,.T.);
#10426 = VERTEX_POINT('',#10427);
#10427 = CARTESIAN_POINT('',(-3.9,1.69,0.15));
#10428 = LINE('',#10429,#10430);
#10429 = CARTESIAN_POINT('',(-3.9,1.69,5.551115123126E-17));
#10430 = VECTOR('',#10431,1.);
#10431 = DIRECTION('',(0.,0.,1.));
#10432 = ORIENTED_EDGE('',*,*,#10433,.T.);
#10433 = EDGE_CURVE('',#10426,#10434,#10436,.T.);
#10434 = VERTEX_POINT('',#10435);
#10435 = CARTESIAN_POINT('',(-3.4,1.69,0.15));
#10436 = LINE('',#10437,#10438);
#10437 = CARTESIAN_POINT('',(-3.9,1.69,0.15));
#10438 = VECTOR('',#10439,1.);
#10439 = DIRECTION('',(1.,-1.144237745222E-17,0.));
#10440 = ORIENTED_EDGE('',*,*,#10441,.T.);
#10441 = EDGE_CURVE('',#10434,#10442,#10444,.T.);
#10442 = VERTEX_POINT('',#10443);
#10443 = CARTESIAN_POINT('',(-3.301519224699,1.69,0.232635182233));
#10444 = CIRCLE('',#10445,0.1);
#10445 = AXIS2_PLACEMENT_3D('',#10446,#10447,#10448);
#10446 = CARTESIAN_POINT('',(-3.4,1.69,0.25));
#10447 = DIRECTION('',(-1.144237745222E-17,-1.,1.094764425254E-47));
#10448 = DIRECTION('',(4.440892098501E-15,-5.081436361563E-32,-1.));
#10449 = ORIENTED_EDGE('',*,*,#10450,.T.);
#10450 = EDGE_CURVE('',#10442,#10451,#10453,.T.);
#10451 = VERTEX_POINT('',#10452);
#10452 = CARTESIAN_POINT('',(-3.18599757531,1.69,0.918412044417));
#10453 = LINE('',#10454,#10455);
#10454 = CARTESIAN_POINT('',(-3.301519224699,1.69,0.232635182233));
#10455 = VECTOR('',#10456,1.);
#10456 = DIRECTION('',(0.166113316671,-1.900731269194E-18,0.986106670713
    ));
#10457 = ORIENTED_EDGE('',*,*,#10458,.T.);
#10458 = EDGE_CURVE('',#10451,#10459,#10461,.T.);
#10459 = VERTEX_POINT('',#10460);
#10460 = CARTESIAN_POINT('',(-2.939795637057,1.69,1.125));
#10461 = CIRCLE('',#10462,0.25);
#10462 = AXIS2_PLACEMENT_3D('',#10463,#10464,#10465);
#10463 = CARTESIAN_POINT('',(-2.939795637057,1.69,0.875));
#10464 = DIRECTION('',(1.144237745222E-17,1.,2.311115933265E-33));
#10465 = DIRECTION('',(-0.984807753012,1.126854202784E-17,0.173648177667
    ));
#10466 = ORIENTED_EDGE('',*,*,#10467,.T.);
#10467 = EDGE_CURVE('',#10459,#9876,#10468,.T.);
#10468 = LINE('',#10469,#10470);
#10469 = CARTESIAN_POINT('',(-2.939795637057,1.69,1.125));
#10470 = VECTOR('',#10471,1.);
#10471 = DIRECTION('',(1.,-1.144237745222E-17,0.));
#10472 = PLANE('',#10473);
#10473 = AXIS2_PLACEMENT_3D('',#10474,#10475,#10476);
#10474 = CARTESIAN_POINT('',(-3.239006866307,1.69,0.51440483827));
#10475 = DIRECTION('',(1.144237745222E-17,1.,0.));
#10476 = DIRECTION('',(0.,-0.,1.));
#10477 = ADVANCED_FACE('',(#10478),#10489,.F.);
#10478 = FACE_BOUND('',#10479,.F.);
#10479 = EDGE_LOOP('',(#10480,#10481,#10482,#10488));
#10480 = ORIENTED_EDGE('',*,*,#9861,.T.);
#10481 = ORIENTED_EDGE('',*,*,#10299,.T.);
#10482 = ORIENTED_EDGE('',*,*,#10483,.F.);
#10483 = EDGE_CURVE('',#10392,#10300,#10484,.T.);
#10484 = LINE('',#10485,#10486);
#10485 = CARTESIAN_POINT('',(-3.038276412358,1.69,0.892364817767));
#10486 = VECTOR('',#10487,1.);
#10487 = DIRECTION('',(1.144237745222E-17,1.,0.));
#10488 = ORIENTED_EDGE('',*,*,#10391,.F.);
#10489 = CYLINDRICAL_SURFACE('',#10490,0.1);
#10490 = AXIS2_PLACEMENT_3D('',#10491,#10492,#10493);
#10491 = CARTESIAN_POINT('',(-2.939795637057,1.69,0.875));
#10492 = DIRECTION('',(-1.144237745222E-17,-1.,0.));
#10493 = DIRECTION('',(0.,0.,1.));
#10494 = ADVANCED_FACE('',(#10495),#10520,.T.);
#10495 = FACE_BOUND('',#10496,.T.);
#10496 = EDGE_LOOP('',(#10497,#10505,#10506,#10514));
#10497 = ORIENTED_EDGE('',*,*,#10498,.F.);
#10498 = EDGE_CURVE('',#9876,#10499,#10501,.T.);
#10499 = VERTEX_POINT('',#10500);
#10500 = CARTESIAN_POINT('',(-2.6495,1.69,1.125));
#10501 = LINE('',#10502,#10503);
#10502 = CARTESIAN_POINT('',(-2.939795637057,1.69,1.125));
#10503 = VECTOR('',#10504,1.);
#10504 = DIRECTION('',(1.,-1.144237745222E-17,0.));
#10505 = ORIENTED_EDGE('',*,*,#9892,.T.);
#10506 = ORIENTED_EDGE('',*,*,#10507,.T.);
#10507 = EDGE_CURVE('',#9885,#10508,#10510,.T.);
#10508 = VERTEX_POINT('',#10509);
#10509 = CARTESIAN_POINT('',(-2.6495,0.85,1.125));
#10510 = LINE('',#10511,#10512);
#10511 = CARTESIAN_POINT('',(-2.939795637057,0.85,1.125));
#10512 = VECTOR('',#10513,1.);
#10513 = DIRECTION('',(1.,-1.144237745222E-17,0.));
#10514 = ORIENTED_EDGE('',*,*,#10515,.F.);
#10515 = EDGE_CURVE('',#10499,#10508,#10516,.T.);
#10516 = LINE('',#10517,#10518);
#10517 = CARTESIAN_POINT('',(-2.6495,3.0995,1.125));
#10518 = VECTOR('',#10519,1.);
#10519 = DIRECTION('',(1.110223024625E-16,-1.,0.));
#10520 = PLANE('',#10521);
#10521 = AXIS2_PLACEMENT_3D('',#10522,#10523,#10524);
#10522 = CARTESIAN_POINT('',(-2.64975,-3.785949974092E-16,1.125));
#10523 = DIRECTION('',(0.,0.,1.));
#10524 = DIRECTION('',(1.110218361881E-16,-1.,0.));
#10525 = ADVANCED_FACE('',(#10526),#10612,.T.);
#10526 = FACE_BOUND('',#10527,.T.);
#10527 = EDGE_LOOP('',(#10528,#10529,#10530,#10539,#10547,#10556,#10564,
    #10572,#10580,#10589,#10597,#10606));
#10528 = ORIENTED_EDGE('',*,*,#9884,.T.);
#10529 = ORIENTED_EDGE('',*,*,#9915,.T.);
#10530 = ORIENTED_EDGE('',*,*,#10531,.T.);
#10531 = EDGE_CURVE('',#9916,#10532,#10534,.T.);
#10532 = VERTEX_POINT('',#10533);
#10533 = CARTESIAN_POINT('',(-3.038276412358,0.85,0.892364817767));
#10534 = CIRCLE('',#10535,0.1);
#10535 = AXIS2_PLACEMENT_3D('',#10536,#10537,#10538);
#10536 = CARTESIAN_POINT('',(-2.939795637057,0.85,0.875));
#10537 = DIRECTION('',(-1.144237745222E-17,-1.,0.));
#10538 = DIRECTION('',(0.,0.,1.));
#10539 = ORIENTED_EDGE('',*,*,#10540,.T.);
#10540 = EDGE_CURVE('',#10532,#10541,#10543,.T.);
#10541 = VERTEX_POINT('',#10542);
#10542 = CARTESIAN_POINT('',(-3.153798061747,0.85,0.206587955583));
#10543 = LINE('',#10544,#10545);
#10544 = CARTESIAN_POINT('',(-3.038276412358,0.85,0.892364817767));
#10545 = VECTOR('',#10546,1.);
#10546 = DIRECTION('',(-0.166113316671,1.900731269194E-18,
    -0.986106670713));
#10547 = ORIENTED_EDGE('',*,*,#10548,.T.);
#10548 = EDGE_CURVE('',#10541,#10549,#10551,.T.);
#10549 = VERTEX_POINT('',#10550);
#10550 = CARTESIAN_POINT('',(-3.4,0.85,5.551115123126E-17));
#10551 = CIRCLE('',#10552,0.25);
#10552 = AXIS2_PLACEMENT_3D('',#10553,#10554,#10555);
#10553 = CARTESIAN_POINT('',(-3.4,0.85,0.25));
#10554 = DIRECTION('',(1.144237745222E-17,1.,2.311115933265E-33));
#10555 = DIRECTION('',(0.984807753012,-1.126854202784E-17,
    -0.173648177667));
#10556 = ORIENTED_EDGE('',*,*,#10557,.T.);
#10557 = EDGE_CURVE('',#10549,#10558,#10560,.T.);
#10558 = VERTEX_POINT('',#10559);
#10559 = CARTESIAN_POINT('',(-3.9,0.85,5.551115123126E-17));
#10560 = LINE('',#10561,#10562);
#10561 = CARTESIAN_POINT('',(-3.4,0.85,5.551115123126E-17));
#10562 = VECTOR('',#10563,1.);
#10563 = DIRECTION('',(-1.,1.144237745222E-17,0.));
#10564 = ORIENTED_EDGE('',*,*,#10565,.T.);
#10565 = EDGE_CURVE('',#10558,#10566,#10568,.T.);
#10566 = VERTEX_POINT('',#10567);
#10567 = CARTESIAN_POINT('',(-3.9,0.85,0.15));
#10568 = LINE('',#10569,#10570);
#10569 = CARTESIAN_POINT('',(-3.9,0.85,5.551115123126E-17));
#10570 = VECTOR('',#10571,1.);
#10571 = DIRECTION('',(0.,0.,1.));
#10572 = ORIENTED_EDGE('',*,*,#10573,.T.);
#10573 = EDGE_CURVE('',#10566,#10574,#10576,.T.);
#10574 = VERTEX_POINT('',#10575);
#10575 = CARTESIAN_POINT('',(-3.4,0.85,0.15));
#10576 = LINE('',#10577,#10578);
#10577 = CARTESIAN_POINT('',(-3.9,0.85,0.15));
#10578 = VECTOR('',#10579,1.);
#10579 = DIRECTION('',(1.,-1.144237745222E-17,0.));
#10580 = ORIENTED_EDGE('',*,*,#10581,.T.);
#10581 = EDGE_CURVE('',#10574,#10582,#10584,.T.);
#10582 = VERTEX_POINT('',#10583);
#10583 = CARTESIAN_POINT('',(-3.301519224699,0.85,0.232635182233));
#10584 = CIRCLE('',#10585,0.1);
#10585 = AXIS2_PLACEMENT_3D('',#10586,#10587,#10588);
#10586 = CARTESIAN_POINT('',(-3.4,0.85,0.25));
#10587 = DIRECTION('',(-1.144237745222E-17,-1.,1.094764425254E-47));
#10588 = DIRECTION('',(4.440892098501E-15,-5.081436361563E-32,-1.));
#10589 = ORIENTED_EDGE('',*,*,#10590,.T.);
#10590 = EDGE_CURVE('',#10582,#10591,#10593,.T.);
#10591 = VERTEX_POINT('',#10592);
#10592 = CARTESIAN_POINT('',(-3.18599757531,0.85,0.918412044417));
#10593 = LINE('',#10594,#10595);
#10594 = CARTESIAN_POINT('',(-3.301519224699,0.85,0.232635182233));
#10595 = VECTOR('',#10596,1.);
#10596 = DIRECTION('',(0.166113316671,-1.900731269194E-18,0.986106670713
    ));
#10597 = ORIENTED_EDGE('',*,*,#10598,.T.);
#10598 = EDGE_CURVE('',#10591,#10599,#10601,.T.);
#10599 = VERTEX_POINT('',#10600);
#10600 = CARTESIAN_POINT('',(-2.939795637057,0.85,1.125));
#10601 = CIRCLE('',#10602,0.25);
#10602 = AXIS2_PLACEMENT_3D('',#10603,#10604,#10605);
#10603 = CARTESIAN_POINT('',(-2.939795637057,0.85,0.875));
#10604 = DIRECTION('',(1.144237745222E-17,1.,2.311115933265E-33));
#10605 = DIRECTION('',(-0.984807753012,1.126854202784E-17,0.173648177667
    ));
#10606 = ORIENTED_EDGE('',*,*,#10607,.T.);
#10607 = EDGE_CURVE('',#10599,#9885,#10608,.T.);
#10608 = LINE('',#10609,#10610);
#10609 = CARTESIAN_POINT('',(-2.939795637057,0.85,1.125));
#10610 = VECTOR('',#10611,1.);
#10611 = DIRECTION('',(1.,-1.144237745222E-17,0.));
#10612 = PLANE('',#10613);
#10613 = AXIS2_PLACEMENT_3D('',#10614,#10615,#10616);
#10614 = CARTESIAN_POINT('',(-3.239006866307,0.85,0.51440483827));
#10615 = DIRECTION('',(1.144237745222E-17,1.,0.));
#10616 = DIRECTION('',(0.,-0.,1.));
#10617 = ADVANCED_FACE('',(#10618),#10704,.F.);
#10618 = FACE_BOUND('',#10619,.F.);
#10619 = EDGE_LOOP('',(#10620,#10621,#10622,#10631,#10639,#10648,#10656,
    #10664,#10672,#10681,#10689,#10698));
#10620 = ORIENTED_EDGE('',*,*,#9937,.T.);
#10621 = ORIENTED_EDGE('',*,*,#9906,.T.);
#10622 = ORIENTED_EDGE('',*,*,#10623,.T.);
#10623 = EDGE_CURVE('',#9907,#10624,#10626,.T.);
#10624 = VERTEX_POINT('',#10625);
#10625 = CARTESIAN_POINT('',(-3.038276412358,0.42,0.892364817767));
#10626 = CIRCLE('',#10627,0.1);
#10627 = AXIS2_PLACEMENT_3D('',#10628,#10629,#10630);
#10628 = CARTESIAN_POINT('',(-2.939795637057,0.42,0.875));
#10629 = DIRECTION('',(-1.144237745222E-17,-1.,0.));
#10630 = DIRECTION('',(0.,0.,1.));
#10631 = ORIENTED_EDGE('',*,*,#10632,.T.);
#10632 = EDGE_CURVE('',#10624,#10633,#10635,.T.);
#10633 = VERTEX_POINT('',#10634);
#10634 = CARTESIAN_POINT('',(-3.153798061747,0.42,0.206587955583));
#10635 = LINE('',#10636,#10637);
#10636 = CARTESIAN_POINT('',(-3.038276412358,0.42,0.892364817767));
#10637 = VECTOR('',#10638,1.);
#10638 = DIRECTION('',(-0.166113316671,1.900731269194E-18,
    -0.986106670713));
#10639 = ORIENTED_EDGE('',*,*,#10640,.T.);
#10640 = EDGE_CURVE('',#10633,#10641,#10643,.T.);
#10641 = VERTEX_POINT('',#10642);
#10642 = CARTESIAN_POINT('',(-3.4,0.42,5.551115123126E-17));
#10643 = CIRCLE('',#10644,0.25);
#10644 = AXIS2_PLACEMENT_3D('',#10645,#10646,#10647);
#10645 = CARTESIAN_POINT('',(-3.4,0.42,0.25));
#10646 = DIRECTION('',(1.144237745222E-17,1.,2.311115933265E-33));
#10647 = DIRECTION('',(0.984807753012,-1.126854202784E-17,
    -0.173648177667));
#10648 = ORIENTED_EDGE('',*,*,#10649,.T.);
#10649 = EDGE_CURVE('',#10641,#10650,#10652,.T.);
#10650 = VERTEX_POINT('',#10651);
#10651 = CARTESIAN_POINT('',(-3.9,0.42,5.551115123126E-17));
#10652 = LINE('',#10653,#10654);
#10653 = CARTESIAN_POINT('',(-3.4,0.42,5.551115123126E-17));
#10654 = VECTOR('',#10655,1.);
#10655 = DIRECTION('',(-1.,1.144237745222E-17,0.));
#10656 = ORIENTED_EDGE('',*,*,#10657,.T.);
#10657 = EDGE_CURVE('',#10650,#10658,#10660,.T.);
#10658 = VERTEX_POINT('',#10659);
#10659 = CARTESIAN_POINT('',(-3.9,0.42,0.15));
#10660 = LINE('',#10661,#10662);
#10661 = CARTESIAN_POINT('',(-3.9,0.42,5.551115123126E-17));
#10662 = VECTOR('',#10663,1.);
#10663 = DIRECTION('',(0.,0.,1.));
#10664 = ORIENTED_EDGE('',*,*,#10665,.T.);
#10665 = EDGE_CURVE('',#10658,#10666,#10668,.T.);
#10666 = VERTEX_POINT('',#10667);
#10667 = CARTESIAN_POINT('',(-3.4,0.42,0.15));
#10668 = LINE('',#10669,#10670);
#10669 = CARTESIAN_POINT('',(-3.9,0.42,0.15));
#10670 = VECTOR('',#10671,1.);
#10671 = DIRECTION('',(1.,-1.144237745222E-17,0.));
#10672 = ORIENTED_EDGE('',*,*,#10673,.T.);
#10673 = EDGE_CURVE('',#10666,#10674,#10676,.T.);
#10674 = VERTEX_POINT('',#10675);
#10675 = CARTESIAN_POINT('',(-3.301519224699,0.42,0.232635182233));
#10676 = CIRCLE('',#10677,0.1);
#10677 = AXIS2_PLACEMENT_3D('',#10678,#10679,#10680);
#10678 = CARTESIAN_POINT('',(-3.4,0.42,0.25));
#10679 = DIRECTION('',(-1.144237745222E-17,-1.,1.094764425254E-47));
#10680 = DIRECTION('',(4.440892098501E-15,-5.081436361563E-32,-1.));
#10681 = ORIENTED_EDGE('',*,*,#10682,.T.);
#10682 = EDGE_CURVE('',#10674,#10683,#10685,.T.);
#10683 = VERTEX_POINT('',#10684);
#10684 = CARTESIAN_POINT('',(-3.18599757531,0.42,0.918412044417));
#10685 = LINE('',#10686,#10687);
#10686 = CARTESIAN_POINT('',(-3.301519224699,0.42,0.232635182233));
#10687 = VECTOR('',#10688,1.);
#10688 = DIRECTION('',(0.166113316671,-1.900731269194E-18,0.986106670713
    ));
#10689 = ORIENTED_EDGE('',*,*,#10690,.T.);
#10690 = EDGE_CURVE('',#10683,#10691,#10693,.T.);
#10691 = VERTEX_POINT('',#10692);
#10692 = CARTESIAN_POINT('',(-2.939795637057,0.42,1.125));
#10693 = CIRCLE('',#10694,0.25);
#10694 = AXIS2_PLACEMENT_3D('',#10695,#10696,#10697);
#10695 = CARTESIAN_POINT('',(-2.939795637057,0.42,0.875));
#10696 = DIRECTION('',(1.144237745222E-17,1.,2.311115933265E-33));
#10697 = DIRECTION('',(-0.984807753012,1.126854202784E-17,0.173648177667
    ));
#10698 = ORIENTED_EDGE('',*,*,#10699,.T.);
#10699 = EDGE_CURVE('',#10691,#9938,#10700,.T.);
#10700 = LINE('',#10701,#10702);
#10701 = CARTESIAN_POINT('',(-2.939795637057,0.42,1.125));
#10702 = VECTOR('',#10703,1.);
#10703 = DIRECTION('',(1.,-1.144237745222E-17,0.));
#10704 = PLANE('',#10705);
#10705 = AXIS2_PLACEMENT_3D('',#10706,#10707,#10708);
#10706 = CARTESIAN_POINT('',(-3.239006866307,0.42,0.51440483827));
#10707 = DIRECTION('',(1.144237745222E-17,1.,0.));
#10708 = DIRECTION('',(0.,-0.,1.));
#10709 = ADVANCED_FACE('',(#10710),#10721,.F.);
#10710 = FACE_BOUND('',#10711,.F.);
#10711 = EDGE_LOOP('',(#10712,#10713,#10714,#10720));
#10712 = ORIENTED_EDGE('',*,*,#9923,.T.);
#10713 = ORIENTED_EDGE('',*,*,#10531,.T.);
#10714 = ORIENTED_EDGE('',*,*,#10715,.F.);
#10715 = EDGE_CURVE('',#10624,#10532,#10716,.T.);
#10716 = LINE('',#10717,#10718);
#10717 = CARTESIAN_POINT('',(-3.038276412358,0.42,0.892364817767));
#10718 = VECTOR('',#10719,1.);
#10719 = DIRECTION('',(1.144237745222E-17,1.,0.));
#10720 = ORIENTED_EDGE('',*,*,#10623,.F.);
#10721 = CYLINDRICAL_SURFACE('',#10722,0.1);
#10722 = AXIS2_PLACEMENT_3D('',#10723,#10724,#10725);
#10723 = CARTESIAN_POINT('',(-2.939795637057,0.42,0.875));
#10724 = DIRECTION('',(-1.144237745222E-17,-1.,0.));
#10725 = DIRECTION('',(0.,0.,1.));
#10726 = ADVANCED_FACE('',(#10727),#10752,.T.);
#10727 = FACE_BOUND('',#10728,.T.);
#10728 = EDGE_LOOP('',(#10729,#10737,#10738,#10746));
#10729 = ORIENTED_EDGE('',*,*,#10730,.F.);
#10730 = EDGE_CURVE('',#9938,#10731,#10733,.T.);
#10731 = VERTEX_POINT('',#10732);
#10732 = CARTESIAN_POINT('',(-2.6495,0.42,1.125));
#10733 = LINE('',#10734,#10735);
#10734 = CARTESIAN_POINT('',(-2.939795637057,0.42,1.125));
#10735 = VECTOR('',#10736,1.);
#10736 = DIRECTION('',(1.,-1.144237745222E-17,0.));
#10737 = ORIENTED_EDGE('',*,*,#9954,.T.);
#10738 = ORIENTED_EDGE('',*,*,#10739,.T.);
#10739 = EDGE_CURVE('',#9947,#10740,#10742,.T.);
#10740 = VERTEX_POINT('',#10741);
#10741 = CARTESIAN_POINT('',(-2.6495,-0.42,1.125));
#10742 = LINE('',#10743,#10744);
#10743 = CARTESIAN_POINT('',(-2.939795637057,-0.42,1.125));
#10744 = VECTOR('',#10745,1.);
#10745 = DIRECTION('',(1.,-1.144237745222E-17,0.));
#10746 = ORIENTED_EDGE('',*,*,#10747,.F.);
#10747 = EDGE_CURVE('',#10731,#10740,#10748,.T.);
#10748 = LINE('',#10749,#10750);
#10749 = CARTESIAN_POINT('',(-2.6495,3.0995,1.125));
#10750 = VECTOR('',#10751,1.);
#10751 = DIRECTION('',(1.110223024625E-16,-1.,0.));
#10752 = PLANE('',#10753);
#10753 = AXIS2_PLACEMENT_3D('',#10754,#10755,#10756);
#10754 = CARTESIAN_POINT('',(-2.64975,-3.785949974092E-16,1.125));
#10755 = DIRECTION('',(0.,0.,1.));
#10756 = DIRECTION('',(1.110218361881E-16,-1.,0.));
#10757 = ADVANCED_FACE('',(#10758),#10844,.T.);
#10758 = FACE_BOUND('',#10759,.T.);
#10759 = EDGE_LOOP('',(#10760,#10761,#10762,#10771,#10779,#10788,#10796,
    #10804,#10812,#10821,#10829,#10838));
#10760 = ORIENTED_EDGE('',*,*,#9946,.T.);
#10761 = ORIENTED_EDGE('',*,*,#9977,.T.);
#10762 = ORIENTED_EDGE('',*,*,#10763,.T.);
#10763 = EDGE_CURVE('',#9978,#10764,#10766,.T.);
#10764 = VERTEX_POINT('',#10765);
#10765 = CARTESIAN_POINT('',(-3.038276412358,-0.42,0.892364817767));
#10766 = CIRCLE('',#10767,0.1);
#10767 = AXIS2_PLACEMENT_3D('',#10768,#10769,#10770);
#10768 = CARTESIAN_POINT('',(-2.939795637057,-0.42,0.875));
#10769 = DIRECTION('',(-1.144237745222E-17,-1.,0.));
#10770 = DIRECTION('',(0.,0.,1.));
#10771 = ORIENTED_EDGE('',*,*,#10772,.T.);
#10772 = EDGE_CURVE('',#10764,#10773,#10775,.T.);
#10773 = VERTEX_POINT('',#10774);
#10774 = CARTESIAN_POINT('',(-3.153798061747,-0.42,0.206587955583));
#10775 = LINE('',#10776,#10777);
#10776 = CARTESIAN_POINT('',(-3.038276412358,-0.42,0.892364817767));
#10777 = VECTOR('',#10778,1.);
#10778 = DIRECTION('',(-0.166113316671,1.900731269194E-18,
    -0.986106670713));
#10779 = ORIENTED_EDGE('',*,*,#10780,.T.);
#10780 = EDGE_CURVE('',#10773,#10781,#10783,.T.);
#10781 = VERTEX_POINT('',#10782);
#10782 = CARTESIAN_POINT('',(-3.4,-0.42,5.551115123126E-17));
#10783 = CIRCLE('',#10784,0.25);
#10784 = AXIS2_PLACEMENT_3D('',#10785,#10786,#10787);
#10785 = CARTESIAN_POINT('',(-3.4,-0.42,0.25));
#10786 = DIRECTION('',(1.144237745222E-17,1.,2.311115933265E-33));
#10787 = DIRECTION('',(0.984807753012,-1.126854202784E-17,
    -0.173648177667));
#10788 = ORIENTED_EDGE('',*,*,#10789,.T.);
#10789 = EDGE_CURVE('',#10781,#10790,#10792,.T.);
#10790 = VERTEX_POINT('',#10791);
#10791 = CARTESIAN_POINT('',(-3.9,-0.42,5.551115123126E-17));
#10792 = LINE('',#10793,#10794);
#10793 = CARTESIAN_POINT('',(-3.4,-0.42,5.551115123126E-17));
#10794 = VECTOR('',#10795,1.);
#10795 = DIRECTION('',(-1.,1.144237745222E-17,0.));
#10796 = ORIENTED_EDGE('',*,*,#10797,.T.);
#10797 = EDGE_CURVE('',#10790,#10798,#10800,.T.);
#10798 = VERTEX_POINT('',#10799);
#10799 = CARTESIAN_POINT('',(-3.9,-0.42,0.15));
#10800 = LINE('',#10801,#10802);
#10801 = CARTESIAN_POINT('',(-3.9,-0.42,5.551115123126E-17));
#10802 = VECTOR('',#10803,1.);
#10803 = DIRECTION('',(0.,0.,1.));
#10804 = ORIENTED_EDGE('',*,*,#10805,.T.);
#10805 = EDGE_CURVE('',#10798,#10806,#10808,.T.);
#10806 = VERTEX_POINT('',#10807);
#10807 = CARTESIAN_POINT('',(-3.4,-0.42,0.15));
#10808 = LINE('',#10809,#10810);
#10809 = CARTESIAN_POINT('',(-3.9,-0.42,0.15));
#10810 = VECTOR('',#10811,1.);
#10811 = DIRECTION('',(1.,-1.144237745222E-17,0.));
#10812 = ORIENTED_EDGE('',*,*,#10813,.T.);
#10813 = EDGE_CURVE('',#10806,#10814,#10816,.T.);
#10814 = VERTEX_POINT('',#10815);
#10815 = CARTESIAN_POINT('',(-3.301519224699,-0.42,0.232635182233));
#10816 = CIRCLE('',#10817,0.1);
#10817 = AXIS2_PLACEMENT_3D('',#10818,#10819,#10820);
#10818 = CARTESIAN_POINT('',(-3.4,-0.42,0.25));
#10819 = DIRECTION('',(-1.144237745222E-17,-1.,1.094764425254E-47));
#10820 = DIRECTION('',(4.440892098501E-15,-5.081436361563E-32,-1.));
#10821 = ORIENTED_EDGE('',*,*,#10822,.T.);
#10822 = EDGE_CURVE('',#10814,#10823,#10825,.T.);
#10823 = VERTEX_POINT('',#10824);
#10824 = CARTESIAN_POINT('',(-3.18599757531,-0.42,0.918412044417));
#10825 = LINE('',#10826,#10827);
#10826 = CARTESIAN_POINT('',(-3.301519224699,-0.42,0.232635182233));
#10827 = VECTOR('',#10828,1.);
#10828 = DIRECTION('',(0.166113316671,-1.900731269194E-18,0.986106670713
    ));
#10829 = ORIENTED_EDGE('',*,*,#10830,.T.);
#10830 = EDGE_CURVE('',#10823,#10831,#10833,.T.);
#10831 = VERTEX_POINT('',#10832);
#10832 = CARTESIAN_POINT('',(-2.939795637057,-0.42,1.125));
#10833 = CIRCLE('',#10834,0.25);
#10834 = AXIS2_PLACEMENT_3D('',#10835,#10836,#10837);
#10835 = CARTESIAN_POINT('',(-2.939795637057,-0.42,0.875));
#10836 = DIRECTION('',(1.144237745222E-17,1.,2.311115933265E-33));
#10837 = DIRECTION('',(-0.984807753012,1.126854202784E-17,0.173648177667
    ));
#10838 = ORIENTED_EDGE('',*,*,#10839,.T.);
#10839 = EDGE_CURVE('',#10831,#9947,#10840,.T.);
#10840 = LINE('',#10841,#10842);
#10841 = CARTESIAN_POINT('',(-2.939795637057,-0.42,1.125));
#10842 = VECTOR('',#10843,1.);
#10843 = DIRECTION('',(1.,-1.144237745222E-17,0.));
#10844 = PLANE('',#10845);
#10845 = AXIS2_PLACEMENT_3D('',#10846,#10847,#10848);
#10846 = CARTESIAN_POINT('',(-3.239006866307,-0.42,0.51440483827));
#10847 = DIRECTION('',(1.144237745222E-17,1.,0.));
#10848 = DIRECTION('',(0.,-0.,1.));
#10849 = ADVANCED_FACE('',(#10850),#10936,.F.);
#10850 = FACE_BOUND('',#10851,.F.);
#10851 = EDGE_LOOP('',(#10852,#10853,#10854,#10863,#10871,#10880,#10888,
    #10896,#10904,#10913,#10921,#10930));
#10852 = ORIENTED_EDGE('',*,*,#9999,.T.);
#10853 = ORIENTED_EDGE('',*,*,#9968,.T.);
#10854 = ORIENTED_EDGE('',*,*,#10855,.T.);
#10855 = EDGE_CURVE('',#9969,#10856,#10858,.T.);
#10856 = VERTEX_POINT('',#10857);
#10857 = CARTESIAN_POINT('',(-3.038276412358,-0.85,0.892364817767));
#10858 = CIRCLE('',#10859,0.1);
#10859 = AXIS2_PLACEMENT_3D('',#10860,#10861,#10862);
#10860 = CARTESIAN_POINT('',(-2.939795637057,-0.85,0.875));
#10861 = DIRECTION('',(-1.144237745222E-17,-1.,0.));
#10862 = DIRECTION('',(0.,0.,1.));
#10863 = ORIENTED_EDGE('',*,*,#10864,.T.);
#10864 = EDGE_CURVE('',#10856,#10865,#10867,.T.);
#10865 = VERTEX_POINT('',#10866);
#10866 = CARTESIAN_POINT('',(-3.153798061747,-0.85,0.206587955583));
#10867 = LINE('',#10868,#10869);
#10868 = CARTESIAN_POINT('',(-3.038276412358,-0.85,0.892364817767));
#10869 = VECTOR('',#10870,1.);
#10870 = DIRECTION('',(-0.166113316671,1.900731269194E-18,
    -0.986106670713));
#10871 = ORIENTED_EDGE('',*,*,#10872,.T.);
#10872 = EDGE_CURVE('',#10865,#10873,#10875,.T.);
#10873 = VERTEX_POINT('',#10874);
#10874 = CARTESIAN_POINT('',(-3.4,-0.85,5.551115123126E-17));
#10875 = CIRCLE('',#10876,0.25);
#10876 = AXIS2_PLACEMENT_3D('',#10877,#10878,#10879);
#10877 = CARTESIAN_POINT('',(-3.4,-0.85,0.25));
#10878 = DIRECTION('',(1.144237745222E-17,1.,2.311115933265E-33));
#10879 = DIRECTION('',(0.984807753012,-1.126854202784E-17,
    -0.173648177667));
#10880 = ORIENTED_EDGE('',*,*,#10881,.T.);
#10881 = EDGE_CURVE('',#10873,#10882,#10884,.T.);
#10882 = VERTEX_POINT('',#10883);
#10883 = CARTESIAN_POINT('',(-3.9,-0.85,5.551115123126E-17));
#10884 = LINE('',#10885,#10886);
#10885 = CARTESIAN_POINT('',(-3.4,-0.85,5.551115123126E-17));
#10886 = VECTOR('',#10887,1.);
#10887 = DIRECTION('',(-1.,1.144237745222E-17,0.));
#10888 = ORIENTED_EDGE('',*,*,#10889,.T.);
#10889 = EDGE_CURVE('',#10882,#10890,#10892,.T.);
#10890 = VERTEX_POINT('',#10891);
#10891 = CARTESIAN_POINT('',(-3.9,-0.85,0.15));
#10892 = LINE('',#10893,#10894);
#10893 = CARTESIAN_POINT('',(-3.9,-0.85,5.551115123126E-17));
#10894 = VECTOR('',#10895,1.);
#10895 = DIRECTION('',(0.,0.,1.));
#10896 = ORIENTED_EDGE('',*,*,#10897,.T.);
#10897 = EDGE_CURVE('',#10890,#10898,#10900,.T.);
#10898 = VERTEX_POINT('',#10899);
#10899 = CARTESIAN_POINT('',(-3.4,-0.85,0.15));
#10900 = LINE('',#10901,#10902);
#10901 = CARTESIAN_POINT('',(-3.9,-0.85,0.15));
#10902 = VECTOR('',#10903,1.);
#10903 = DIRECTION('',(1.,-1.144237745222E-17,0.));
#10904 = ORIENTED_EDGE('',*,*,#10905,.T.);
#10905 = EDGE_CURVE('',#10898,#10906,#10908,.T.);
#10906 = VERTEX_POINT('',#10907);
#10907 = CARTESIAN_POINT('',(-3.301519224699,-0.85,0.232635182233));
#10908 = CIRCLE('',#10909,0.1);
#10909 = AXIS2_PLACEMENT_3D('',#10910,#10911,#10912);
#10910 = CARTESIAN_POINT('',(-3.4,-0.85,0.25));
#10911 = DIRECTION('',(-1.144237745222E-17,-1.,1.094764425254E-47));
#10912 = DIRECTION('',(4.440892098501E-15,-5.081436361563E-32,-1.));
#10913 = ORIENTED_EDGE('',*,*,#10914,.T.);
#10914 = EDGE_CURVE('',#10906,#10915,#10917,.T.);
#10915 = VERTEX_POINT('',#10916);
#10916 = CARTESIAN_POINT('',(-3.18599757531,-0.85,0.918412044417));
#10917 = LINE('',#10918,#10919);
#10918 = CARTESIAN_POINT('',(-3.301519224699,-0.85,0.232635182233));
#10919 = VECTOR('',#10920,1.);
#10920 = DIRECTION('',(0.166113316671,-1.900731269194E-18,0.986106670713
    ));
#10921 = ORIENTED_EDGE('',*,*,#10922,.T.);
#10922 = EDGE_CURVE('',#10915,#10923,#10925,.T.);
#10923 = VERTEX_POINT('',#10924);
#10924 = CARTESIAN_POINT('',(-2.939795637057,-0.85,1.125));
#10925 = CIRCLE('',#10926,0.25);
#10926 = AXIS2_PLACEMENT_3D('',#10927,#10928,#10929);
#10927 = CARTESIAN_POINT('',(-2.939795637057,-0.85,0.875));
#10928 = DIRECTION('',(1.144237745222E-17,1.,2.311115933265E-33));
#10929 = DIRECTION('',(-0.984807753012,1.126854202784E-17,0.173648177667
    ));
#10930 = ORIENTED_EDGE('',*,*,#10931,.T.);
#10931 = EDGE_CURVE('',#10923,#10000,#10932,.T.);
#10932 = LINE('',#10933,#10934);
#10933 = CARTESIAN_POINT('',(-2.939795637057,-0.85,1.125));
#10934 = VECTOR('',#10935,1.);
#10935 = DIRECTION('',(1.,-1.144237745222E-17,0.));
#10936 = PLANE('',#10937);
#10937 = AXIS2_PLACEMENT_3D('',#10938,#10939,#10940);
#10938 = CARTESIAN_POINT('',(-3.239006866307,-0.85,0.51440483827));
#10939 = DIRECTION('',(1.144237745222E-17,1.,0.));
#10940 = DIRECTION('',(0.,-0.,1.));
#10941 = ADVANCED_FACE('',(#10942),#10953,.F.);
#10942 = FACE_BOUND('',#10943,.F.);
#10943 = EDGE_LOOP('',(#10944,#10945,#10946,#10952));
#10944 = ORIENTED_EDGE('',*,*,#9985,.T.);
#10945 = ORIENTED_EDGE('',*,*,#10763,.T.);
#10946 = ORIENTED_EDGE('',*,*,#10947,.F.);
#10947 = EDGE_CURVE('',#10856,#10764,#10948,.T.);
#10948 = LINE('',#10949,#10950);
#10949 = CARTESIAN_POINT('',(-3.038276412358,-0.85,0.892364817767));
#10950 = VECTOR('',#10951,1.);
#10951 = DIRECTION('',(1.144237745222E-17,1.,0.));
#10952 = ORIENTED_EDGE('',*,*,#10855,.F.);
#10953 = CYLINDRICAL_SURFACE('',#10954,0.1);
#10954 = AXIS2_PLACEMENT_3D('',#10955,#10956,#10957);
#10955 = CARTESIAN_POINT('',(-2.939795637057,-0.85,0.875));
#10956 = DIRECTION('',(-1.144237745222E-17,-1.,0.));
#10957 = DIRECTION('',(0.,0.,1.));
#10958 = ADVANCED_FACE('',(#10959),#10984,.T.);
#10959 = FACE_BOUND('',#10960,.T.);
#10960 = EDGE_LOOP('',(#10961,#10969,#10970,#10978));
#10961 = ORIENTED_EDGE('',*,*,#10962,.F.);
#10962 = EDGE_CURVE('',#10000,#10963,#10965,.T.);
#10963 = VERTEX_POINT('',#10964);
#10964 = CARTESIAN_POINT('',(-2.6495,-0.85,1.125));
#10965 = LINE('',#10966,#10967);
#10966 = CARTESIAN_POINT('',(-2.939795637057,-0.85,1.125));
#10967 = VECTOR('',#10968,1.);
#10968 = DIRECTION('',(1.,-1.144237745222E-17,0.));
#10969 = ORIENTED_EDGE('',*,*,#10016,.T.);
#10970 = ORIENTED_EDGE('',*,*,#10971,.T.);
#10971 = EDGE_CURVE('',#10009,#10972,#10974,.T.);
#10972 = VERTEX_POINT('',#10973);
#10973 = CARTESIAN_POINT('',(-2.6495,-1.69,1.125));
#10974 = LINE('',#10975,#10976);
#10975 = CARTESIAN_POINT('',(-2.939795637057,-1.69,1.125));
#10976 = VECTOR('',#10977,1.);
#10977 = DIRECTION('',(1.,-1.144237745222E-17,0.));
#10978 = ORIENTED_EDGE('',*,*,#10979,.F.);
#10979 = EDGE_CURVE('',#10963,#10972,#10980,.T.);
#10980 = LINE('',#10981,#10982);
#10981 = CARTESIAN_POINT('',(-2.6495,3.0995,1.125));
#10982 = VECTOR('',#10983,1.);
#10983 = DIRECTION('',(1.110223024625E-16,-1.,0.));
#10984 = PLANE('',#10985);
#10985 = AXIS2_PLACEMENT_3D('',#10986,#10987,#10988);
#10986 = CARTESIAN_POINT('',(-2.64975,-3.785949974092E-16,1.125));
#10987 = DIRECTION('',(0.,0.,1.));
#10988 = DIRECTION('',(1.110218361881E-16,-1.,0.));
#10989 = ADVANCED_FACE('',(#10990),#11076,.T.);
#10990 = FACE_BOUND('',#10991,.T.);
#10991 = EDGE_LOOP('',(#10992,#10993,#10994,#11003,#11011,#11020,#11028,
    #11036,#11044,#11053,#11061,#11070));
#10992 = ORIENTED_EDGE('',*,*,#10008,.T.);
#10993 = ORIENTED_EDGE('',*,*,#10039,.T.);
#10994 = ORIENTED_EDGE('',*,*,#10995,.T.);
#10995 = EDGE_CURVE('',#10040,#10996,#10998,.T.);
#10996 = VERTEX_POINT('',#10997);
#10997 = CARTESIAN_POINT('',(-3.038276412358,-1.69,0.892364817767));
#10998 = CIRCLE('',#10999,0.1);
#10999 = AXIS2_PLACEMENT_3D('',#11000,#11001,#11002);
#11000 = CARTESIAN_POINT('',(-2.939795637057,-1.69,0.875));
#11001 = DIRECTION('',(-1.144237745222E-17,-1.,0.));
#11002 = DIRECTION('',(0.,0.,1.));
#11003 = ORIENTED_EDGE('',*,*,#11004,.T.);
#11004 = EDGE_CURVE('',#10996,#11005,#11007,.T.);
#11005 = VERTEX_POINT('',#11006);
#11006 = CARTESIAN_POINT('',(-3.153798061747,-1.69,0.206587955583));
#11007 = LINE('',#11008,#11009);
#11008 = CARTESIAN_POINT('',(-3.038276412358,-1.69,0.892364817767));
#11009 = VECTOR('',#11010,1.);
#11010 = DIRECTION('',(-0.166113316671,1.900731269194E-18,
    -0.986106670713));
#11011 = ORIENTED_EDGE('',*,*,#11012,.T.);
#11012 = EDGE_CURVE('',#11005,#11013,#11015,.T.);
#11013 = VERTEX_POINT('',#11014);
#11014 = CARTESIAN_POINT('',(-3.4,-1.69,5.551115123126E-17));
#11015 = CIRCLE('',#11016,0.25);
#11016 = AXIS2_PLACEMENT_3D('',#11017,#11018,#11019);
#11017 = CARTESIAN_POINT('',(-3.4,-1.69,0.25));
#11018 = DIRECTION('',(1.144237745222E-17,1.,2.311115933265E-33));
#11019 = DIRECTION('',(0.984807753012,-1.126854202784E-17,
    -0.173648177667));
#11020 = ORIENTED_EDGE('',*,*,#11021,.T.);
#11021 = EDGE_CURVE('',#11013,#11022,#11024,.T.);
#11022 = VERTEX_POINT('',#11023);
#11023 = CARTESIAN_POINT('',(-3.9,-1.69,5.551115123126E-17));
#11024 = LINE('',#11025,#11026);
#11025 = CARTESIAN_POINT('',(-3.4,-1.69,5.551115123126E-17));
#11026 = VECTOR('',#11027,1.);
#11027 = DIRECTION('',(-1.,1.144237745222E-17,0.));
#11028 = ORIENTED_EDGE('',*,*,#11029,.T.);
#11029 = EDGE_CURVE('',#11022,#11030,#11032,.T.);
#11030 = VERTEX_POINT('',#11031);
#11031 = CARTESIAN_POINT('',(-3.9,-1.69,0.15));
#11032 = LINE('',#11033,#11034);
#11033 = CARTESIAN_POINT('',(-3.9,-1.69,5.551115123126E-17));
#11034 = VECTOR('',#11035,1.);
#11035 = DIRECTION('',(0.,0.,1.));
#11036 = ORIENTED_EDGE('',*,*,#11037,.T.);
#11037 = EDGE_CURVE('',#11030,#11038,#11040,.T.);
#11038 = VERTEX_POINT('',#11039);
#11039 = CARTESIAN_POINT('',(-3.4,-1.69,0.15));
#11040 = LINE('',#11041,#11042);
#11041 = CARTESIAN_POINT('',(-3.9,-1.69,0.15));
#11042 = VECTOR('',#11043,1.);
#11043 = DIRECTION('',(1.,-1.144237745222E-17,0.));
#11044 = ORIENTED_EDGE('',*,*,#11045,.T.);
#11045 = EDGE_CURVE('',#11038,#11046,#11048,.T.);
#11046 = VERTEX_POINT('',#11047);
#11047 = CARTESIAN_POINT('',(-3.301519224699,-1.69,0.232635182233));
#11048 = CIRCLE('',#11049,0.1);
#11049 = AXIS2_PLACEMENT_3D('',#11050,#11051,#11052);
#11050 = CARTESIAN_POINT('',(-3.4,-1.69,0.25));
#11051 = DIRECTION('',(-1.144237745222E-17,-1.,1.094764425254E-47));
#11052 = DIRECTION('',(4.440892098501E-15,-5.081436361563E-32,-1.));
#11053 = ORIENTED_EDGE('',*,*,#11054,.T.);
#11054 = EDGE_CURVE('',#11046,#11055,#11057,.T.);
#11055 = VERTEX_POINT('',#11056);
#11056 = CARTESIAN_POINT('',(-3.18599757531,-1.69,0.918412044417));
#11057 = LINE('',#11058,#11059);
#11058 = CARTESIAN_POINT('',(-3.301519224699,-1.69,0.232635182233));
#11059 = VECTOR('',#11060,1.);
#11060 = DIRECTION('',(0.166113316671,-1.900731269194E-18,0.986106670713
    ));
#11061 = ORIENTED_EDGE('',*,*,#11062,.T.);
#11062 = EDGE_CURVE('',#11055,#11063,#11065,.T.);
#11063 = VERTEX_POINT('',#11064);
#11064 = CARTESIAN_POINT('',(-2.939795637057,-1.69,1.125));
#11065 = CIRCLE('',#11066,0.25);
#11066 = AXIS2_PLACEMENT_3D('',#11067,#11068,#11069);
#11067 = CARTESIAN_POINT('',(-2.939795637057,-1.69,0.875));
#11068 = DIRECTION('',(1.144237745222E-17,1.,2.311115933265E-33));
#11069 = DIRECTION('',(-0.984807753012,1.126854202784E-17,0.173648177667
    ));
#11070 = ORIENTED_EDGE('',*,*,#11071,.T.);
#11071 = EDGE_CURVE('',#11063,#10009,#11072,.T.);
#11072 = LINE('',#11073,#11074);
#11073 = CARTESIAN_POINT('',(-2.939795637057,-1.69,1.125));
#11074 = VECTOR('',#11075,1.);
#11075 = DIRECTION('',(1.,-1.144237745222E-17,0.));
#11076 = PLANE('',#11077);
#11077 = AXIS2_PLACEMENT_3D('',#11078,#11079,#11080);
#11078 = CARTESIAN_POINT('',(-3.239006866307,-1.69,0.51440483827));
#11079 = DIRECTION('',(1.144237745222E-17,1.,0.));
#11080 = DIRECTION('',(0.,-0.,1.));
#11081 = ADVANCED_FACE('',(#11082),#11168,.F.);
#11082 = FACE_BOUND('',#11083,.F.);
#11083 = EDGE_LOOP('',(#11084,#11085,#11086,#11095,#11103,#11112,#11120,
    #11128,#11136,#11145,#11153,#11162));
#11084 = ORIENTED_EDGE('',*,*,#10061,.T.);
#11085 = ORIENTED_EDGE('',*,*,#10030,.T.);
#11086 = ORIENTED_EDGE('',*,*,#11087,.T.);
#11087 = EDGE_CURVE('',#10031,#11088,#11090,.T.);
#11088 = VERTEX_POINT('',#11089);
#11089 = CARTESIAN_POINT('',(-3.038276412358,-2.12,0.892364817767));
#11090 = CIRCLE('',#11091,0.1);
#11091 = AXIS2_PLACEMENT_3D('',#11092,#11093,#11094);
#11092 = CARTESIAN_POINT('',(-2.939795637057,-2.12,0.875));
#11093 = DIRECTION('',(-1.144237745222E-17,-1.,0.));
#11094 = DIRECTION('',(0.,0.,1.));
#11095 = ORIENTED_EDGE('',*,*,#11096,.T.);
#11096 = EDGE_CURVE('',#11088,#11097,#11099,.T.);
#11097 = VERTEX_POINT('',#11098);
#11098 = CARTESIAN_POINT('',(-3.153798061747,-2.12,0.206587955583));
#11099 = LINE('',#11100,#11101);
#11100 = CARTESIAN_POINT('',(-3.038276412358,-2.12,0.892364817767));
#11101 = VECTOR('',#11102,1.);
#11102 = DIRECTION('',(-0.166113316671,1.900731269194E-18,
    -0.986106670713));
#11103 = ORIENTED_EDGE('',*,*,#11104,.T.);
#11104 = EDGE_CURVE('',#11097,#11105,#11107,.T.);
#11105 = VERTEX_POINT('',#11106);
#11106 = CARTESIAN_POINT('',(-3.4,-2.12,5.551115123126E-17));
#11107 = CIRCLE('',#11108,0.25);
#11108 = AXIS2_PLACEMENT_3D('',#11109,#11110,#11111);
#11109 = CARTESIAN_POINT('',(-3.4,-2.12,0.25));
#11110 = DIRECTION('',(1.144237745222E-17,1.,2.311115933265E-33));
#11111 = DIRECTION('',(0.984807753012,-1.126854202784E-17,
    -0.173648177667));
#11112 = ORIENTED_EDGE('',*,*,#11113,.T.);
#11113 = EDGE_CURVE('',#11105,#11114,#11116,.T.);
#11114 = VERTEX_POINT('',#11115);
#11115 = CARTESIAN_POINT('',(-3.9,-2.12,5.551115123126E-17));
#11116 = LINE('',#11117,#11118);
#11117 = CARTESIAN_POINT('',(-3.4,-2.12,5.551115123126E-17));
#11118 = VECTOR('',#11119,1.);
#11119 = DIRECTION('',(-1.,1.144237745222E-17,0.));
#11120 = ORIENTED_EDGE('',*,*,#11121,.T.);
#11121 = EDGE_CURVE('',#11114,#11122,#11124,.T.);
#11122 = VERTEX_POINT('',#11123);
#11123 = CARTESIAN_POINT('',(-3.9,-2.12,0.15));
#11124 = LINE('',#11125,#11126);
#11125 = CARTESIAN_POINT('',(-3.9,-2.12,5.551115123126E-17));
#11126 = VECTOR('',#11127,1.);
#11127 = DIRECTION('',(0.,0.,1.));
#11128 = ORIENTED_EDGE('',*,*,#11129,.T.);
#11129 = EDGE_CURVE('',#11122,#11130,#11132,.T.);
#11130 = VERTEX_POINT('',#11131);
#11131 = CARTESIAN_POINT('',(-3.4,-2.12,0.15));
#11132 = LINE('',#11133,#11134);
#11133 = CARTESIAN_POINT('',(-3.9,-2.12,0.15));
#11134 = VECTOR('',#11135,1.);
#11135 = DIRECTION('',(1.,-1.144237745222E-17,0.));
#11136 = ORIENTED_EDGE('',*,*,#11137,.T.);
#11137 = EDGE_CURVE('',#11130,#11138,#11140,.T.);
#11138 = VERTEX_POINT('',#11139);
#11139 = CARTESIAN_POINT('',(-3.301519224699,-2.12,0.232635182233));
#11140 = CIRCLE('',#11141,0.1);
#11141 = AXIS2_PLACEMENT_3D('',#11142,#11143,#11144);
#11142 = CARTESIAN_POINT('',(-3.4,-2.12,0.25));
#11143 = DIRECTION('',(-1.144237745222E-17,-1.,1.094764425254E-47));
#11144 = DIRECTION('',(4.440892098501E-15,-5.081436361563E-32,-1.));
#11145 = ORIENTED_EDGE('',*,*,#11146,.T.);
#11146 = EDGE_CURVE('',#11138,#11147,#11149,.T.);
#11147 = VERTEX_POINT('',#11148);
#11148 = CARTESIAN_POINT('',(-3.18599757531,-2.12,0.918412044417));
#11149 = LINE('',#11150,#11151);
#11150 = CARTESIAN_POINT('',(-3.301519224699,-2.12,0.232635182233));
#11151 = VECTOR('',#11152,1.);
#11152 = DIRECTION('',(0.166113316671,-1.900731269194E-18,0.986106670713
    ));
#11153 = ORIENTED_EDGE('',*,*,#11154,.T.);
#11154 = EDGE_CURVE('',#11147,#11155,#11157,.T.);
#11155 = VERTEX_POINT('',#11156);
#11156 = CARTESIAN_POINT('',(-2.939795637057,-2.12,1.125));
#11157 = CIRCLE('',#11158,0.25);
#11158 = AXIS2_PLACEMENT_3D('',#11159,#11160,#11161);
#11159 = CARTESIAN_POINT('',(-2.939795637057,-2.12,0.875));
#11160 = DIRECTION('',(1.144237745222E-17,1.,2.311115933265E-33));
#11161 = DIRECTION('',(-0.984807753012,1.126854202784E-17,0.173648177667
    ));
#11162 = ORIENTED_EDGE('',*,*,#11163,.T.);
#11163 = EDGE_CURVE('',#11155,#10062,#11164,.T.);
#11164 = LINE('',#11165,#11166);
#11165 = CARTESIAN_POINT('',(-2.939795637057,-2.12,1.125));
#11166 = VECTOR('',#11167,1.);
#11167 = DIRECTION('',(1.,-1.144237745222E-17,0.));
#11168 = PLANE('',#11169);
#11169 = AXIS2_PLACEMENT_3D('',#11170,#11171,#11172);
#11170 = CARTESIAN_POINT('',(-3.239006866307,-2.12,0.51440483827));
#11171 = DIRECTION('',(1.144237745222E-17,1.,0.));
#11172 = DIRECTION('',(0.,-0.,1.));
#11173 = ADVANCED_FACE('',(#11174),#11185,.F.);
#11174 = FACE_BOUND('',#11175,.F.);
#11175 = EDGE_LOOP('',(#11176,#11177,#11178,#11184));
#11176 = ORIENTED_EDGE('',*,*,#10047,.T.);
#11177 = ORIENTED_EDGE('',*,*,#10995,.T.);
#11178 = ORIENTED_EDGE('',*,*,#11179,.F.);
#11179 = EDGE_CURVE('',#11088,#10996,#11180,.T.);
#11180 = LINE('',#11181,#11182);
#11181 = CARTESIAN_POINT('',(-3.038276412358,-2.12,0.892364817767));
#11182 = VECTOR('',#11183,1.);
#11183 = DIRECTION('',(1.144237745222E-17,1.,0.));
#11184 = ORIENTED_EDGE('',*,*,#11087,.F.);
#11185 = CYLINDRICAL_SURFACE('',#11186,0.1);
#11186 = AXIS2_PLACEMENT_3D('',#11187,#11188,#11189);
#11187 = CARTESIAN_POINT('',(-2.939795637057,-2.12,0.875));
#11188 = DIRECTION('',(-1.144237745222E-17,-1.,0.));
#11189 = DIRECTION('',(0.,0.,1.));
#11190 = ADVANCED_FACE('',(#11191),#11241,.T.);
#11191 = FACE_BOUND('',#11192,.T.);
#11192 = EDGE_LOOP('',(#11193,#11201,#11202,#11203,#11211,#11219,#11227,
    #11235));
#11193 = ORIENTED_EDGE('',*,*,#11194,.F.);
#11194 = EDGE_CURVE('',#10062,#11195,#11197,.T.);
#11195 = VERTEX_POINT('',#11196);
#11196 = CARTESIAN_POINT('',(-2.6495,-2.12,1.125));
#11197 = LINE('',#11198,#11199);
#11198 = CARTESIAN_POINT('',(-2.939795637057,-2.12,1.125));
#11199 = VECTOR('',#11200,1.);
#11200 = DIRECTION('',(1.,-1.144237745222E-17,0.));
#11201 = ORIENTED_EDGE('',*,*,#10077,.T.);
#11202 = ORIENTED_EDGE('',*,*,#10203,.T.);
#11203 = ORIENTED_EDGE('',*,*,#11204,.T.);
#11204 = EDGE_CURVE('',#10197,#11205,#11207,.T.);
#11205 = VERTEX_POINT('',#11206);
#11206 = CARTESIAN_POINT('',(2.65,-2.12,1.125));
#11207 = LINE('',#11208,#11209);
#11208 = CARTESIAN_POINT('',(2.65,-3.1,1.125));
#11209 = VECTOR('',#11210,1.);
#11210 = DIRECTION('',(-1.110223024625E-16,1.,0.));
#11211 = ORIENTED_EDGE('',*,*,#11212,.T.);
#11212 = EDGE_CURVE('',#11205,#11213,#11215,.T.);
#11213 = VERTEX_POINT('',#11214);
#11214 = CARTESIAN_POINT('',(2.6495,-2.12,1.125));
#11215 = LINE('',#11216,#11217);
#11216 = CARTESIAN_POINT('',(2.939795637057,-2.12,1.125));
#11217 = VECTOR('',#11218,1.);
#11218 = DIRECTION('',(-1.,-1.110223024625E-16,0.));
#11219 = ORIENTED_EDGE('',*,*,#11220,.F.);
#11220 = EDGE_CURVE('',#11221,#11213,#11223,.T.);
#11221 = VERTEX_POINT('',#11222);
#11222 = CARTESIAN_POINT('',(2.6495,-3.0995,1.125));
#11223 = LINE('',#11224,#11225);
#11224 = CARTESIAN_POINT('',(2.6495,-3.0995,1.125));
#11225 = VECTOR('',#11226,1.);
#11226 = DIRECTION('',(-1.110223024625E-16,1.,0.));
#11227 = ORIENTED_EDGE('',*,*,#11228,.F.);
#11228 = EDGE_CURVE('',#11229,#11221,#11231,.T.);
#11229 = VERTEX_POINT('',#11230);
#11230 = CARTESIAN_POINT('',(-2.6495,-3.0995,1.125));
#11231 = LINE('',#11232,#11233);
#11232 = CARTESIAN_POINT('',(-2.6495,-3.0995,1.125));
#11233 = VECTOR('',#11234,1.);
#11234 = DIRECTION('',(1.,1.110223024625E-16,0.));
#11235 = ORIENTED_EDGE('',*,*,#11236,.F.);
#11236 = EDGE_CURVE('',#11195,#11229,#11237,.T.);
#11237 = LINE('',#11238,#11239);
#11238 = CARTESIAN_POINT('',(-2.6495,3.0995,1.125));
#11239 = VECTOR('',#11240,1.);
#11240 = DIRECTION('',(1.110223024625E-16,-1.,0.));
#11241 = PLANE('',#11242);
#11242 = AXIS2_PLACEMENT_3D('',#11243,#11244,#11245);
#11243 = CARTESIAN_POINT('',(-2.64975,-3.785949974092E-16,1.125));
#11244 = DIRECTION('',(0.,0.,1.));
#11245 = DIRECTION('',(1.110218361881E-16,-1.,0.));
#11246 = ADVANCED_FACE('',(#11247),#11258,.T.);
#11247 = FACE_BOUND('',#11248,.T.);
#11248 = EDGE_LOOP('',(#11249,#11250,#11251,#11257));
#11249 = ORIENTED_EDGE('',*,*,#10196,.F.);
#11250 = ORIENTED_EDGE('',*,*,#10180,.T.);
#11251 = ORIENTED_EDGE('',*,*,#11252,.F.);
#11252 = EDGE_CURVE('',#11205,#10173,#11253,.T.);
#11253 = LINE('',#11254,#11255);
#11254 = CARTESIAN_POINT('',(2.65,-2.12,0.819702419135));
#11255 = VECTOR('',#11256,1.);
#11256 = DIRECTION('',(0.,0.,-1.));
#11257 = ORIENTED_EDGE('',*,*,#11204,.F.);
#11258 = PLANE('',#11259);
#11259 = AXIS2_PLACEMENT_3D('',#11260,#11261,#11262);
#11260 = CARTESIAN_POINT('',(2.65,-3.1,1.125));
#11261 = DIRECTION('',(1.,1.110223024625E-16,0.));
#11262 = DIRECTION('',(-1.110223024625E-16,1.,0.));
#11263 = ADVANCED_FACE('',(#11264),#11289,.F.);
#11264 = FACE_BOUND('',#11265,.F.);
#11265 = EDGE_LOOP('',(#11266,#11274,#11275,#11283));
#11266 = ORIENTED_EDGE('',*,*,#11267,.F.);
#11267 = EDGE_CURVE('',#10165,#11268,#11270,.T.);
#11268 = VERTEX_POINT('',#11269);
#11269 = CARTESIAN_POINT('',(2.939795637057,-1.69,0.975));
#11270 = LINE('',#11271,#11272);
#11271 = CARTESIAN_POINT('',(2.649,-1.69,0.975));
#11272 = VECTOR('',#11273,1.);
#11273 = DIRECTION('',(1.,1.110223024625E-16,0.));
#11274 = ORIENTED_EDGE('',*,*,#10172,.F.);
#11275 = ORIENTED_EDGE('',*,*,#11276,.T.);
#11276 = EDGE_CURVE('',#10173,#11277,#11279,.T.);
#11277 = VERTEX_POINT('',#11278);
#11278 = CARTESIAN_POINT('',(2.939795637057,-2.12,0.975));
#11279 = LINE('',#11280,#11281);
#11280 = CARTESIAN_POINT('',(2.649,-2.12,0.975));
#11281 = VECTOR('',#11282,1.);
#11282 = DIRECTION('',(1.,1.110223024625E-16,0.));
#11283 = ORIENTED_EDGE('',*,*,#11284,.F.);
#11284 = EDGE_CURVE('',#11268,#11277,#11285,.T.);
#11285 = LINE('',#11286,#11287);
#11286 = CARTESIAN_POINT('',(2.939795637057,-1.69,0.975));
#11287 = VECTOR('',#11288,1.);
#11288 = DIRECTION('',(1.110223024625E-16,-1.,0.));
#11289 = PLANE('',#11290);
#11290 = AXIS2_PLACEMENT_3D('',#11291,#11292,#11293);
#11291 = CARTESIAN_POINT('',(2.649,-1.69,0.975));
#11292 = DIRECTION('',(0.,0.,1.));
#11293 = DIRECTION('',(1.,1.110223024625E-16,-0.));
#11294 = ADVANCED_FACE('',(#11295),#11320,.T.);
#11295 = FACE_BOUND('',#11296,.T.);
#11296 = EDGE_LOOP('',(#11297,#11305,#11306,#11314));
#11297 = ORIENTED_EDGE('',*,*,#11298,.T.);
#11298 = EDGE_CURVE('',#11299,#10165,#11301,.T.);
#11299 = VERTEX_POINT('',#11300);
#11300 = CARTESIAN_POINT('',(2.65,-1.69,1.125));
#11301 = LINE('',#11302,#11303);
#11302 = CARTESIAN_POINT('',(2.65,-1.69,0.819702419135));
#11303 = VECTOR('',#11304,1.);
#11304 = DIRECTION('',(0.,0.,-1.));
#11305 = ORIENTED_EDGE('',*,*,#10164,.T.);
#11306 = ORIENTED_EDGE('',*,*,#11307,.F.);
#11307 = EDGE_CURVE('',#11308,#10157,#11310,.T.);
#11308 = VERTEX_POINT('',#11309);
#11309 = CARTESIAN_POINT('',(2.65,-0.85,1.125));
#11310 = LINE('',#11311,#11312);
#11311 = CARTESIAN_POINT('',(2.65,-0.85,0.819702419135));
#11312 = VECTOR('',#11313,1.);
#11313 = DIRECTION('',(0.,0.,-1.));
#11314 = ORIENTED_EDGE('',*,*,#11315,.F.);
#11315 = EDGE_CURVE('',#11299,#11308,#11316,.T.);
#11316 = LINE('',#11317,#11318);
#11317 = CARTESIAN_POINT('',(2.65,-3.1,1.125));
#11318 = VECTOR('',#11319,1.);
#11319 = DIRECTION('',(-1.110223024625E-16,1.,0.));
#11320 = PLANE('',#11321);
#11321 = AXIS2_PLACEMENT_3D('',#11322,#11323,#11324);
#11322 = CARTESIAN_POINT('',(2.65,-3.1,1.125));
#11323 = DIRECTION('',(1.,1.110223024625E-16,0.));
#11324 = DIRECTION('',(-1.110223024625E-16,1.,0.));
#11325 = ADVANCED_FACE('',(#11326),#11351,.F.);
#11326 = FACE_BOUND('',#11327,.F.);
#11327 = EDGE_LOOP('',(#11328,#11336,#11337,#11345));
#11328 = ORIENTED_EDGE('',*,*,#11329,.F.);
#11329 = EDGE_CURVE('',#10149,#11330,#11332,.T.);
#11330 = VERTEX_POINT('',#11331);
#11331 = CARTESIAN_POINT('',(2.939795637057,-0.42,0.975));
#11332 = LINE('',#11333,#11334);
#11333 = CARTESIAN_POINT('',(2.649,-0.42,0.975));
#11334 = VECTOR('',#11335,1.);
#11335 = DIRECTION('',(1.,1.110223024625E-16,0.));
#11336 = ORIENTED_EDGE('',*,*,#10156,.F.);
#11337 = ORIENTED_EDGE('',*,*,#11338,.T.);
#11338 = EDGE_CURVE('',#10157,#11339,#11341,.T.);
#11339 = VERTEX_POINT('',#11340);
#11340 = CARTESIAN_POINT('',(2.939795637057,-0.85,0.975));
#11341 = LINE('',#11342,#11343);
#11342 = CARTESIAN_POINT('',(2.649,-0.85,0.975));
#11343 = VECTOR('',#11344,1.);
#11344 = DIRECTION('',(1.,1.110223024625E-16,0.));
#11345 = ORIENTED_EDGE('',*,*,#11346,.F.);
#11346 = EDGE_CURVE('',#11330,#11339,#11347,.T.);
#11347 = LINE('',#11348,#11349);
#11348 = CARTESIAN_POINT('',(2.939795637057,-0.42,0.975));
#11349 = VECTOR('',#11350,1.);
#11350 = DIRECTION('',(1.110223024625E-16,-1.,0.));
#11351 = PLANE('',#11352);
#11352 = AXIS2_PLACEMENT_3D('',#11353,#11354,#11355);
#11353 = CARTESIAN_POINT('',(2.649,-0.42,0.975));
#11354 = DIRECTION('',(0.,0.,1.));
#11355 = DIRECTION('',(1.,1.110223024625E-16,-0.));
#11356 = ADVANCED_FACE('',(#11357),#11382,.T.);
#11357 = FACE_BOUND('',#11358,.T.);
#11358 = EDGE_LOOP('',(#11359,#11367,#11368,#11376));
#11359 = ORIENTED_EDGE('',*,*,#11360,.T.);
#11360 = EDGE_CURVE('',#11361,#10149,#11363,.T.);
#11361 = VERTEX_POINT('',#11362);
#11362 = CARTESIAN_POINT('',(2.65,-0.42,1.125));
#11363 = LINE('',#11364,#11365);
#11364 = CARTESIAN_POINT('',(2.65,-0.42,0.819702419135));
#11365 = VECTOR('',#11366,1.);
#11366 = DIRECTION('',(0.,0.,-1.));
#11367 = ORIENTED_EDGE('',*,*,#10148,.T.);
#11368 = ORIENTED_EDGE('',*,*,#11369,.F.);
#11369 = EDGE_CURVE('',#11370,#10141,#11372,.T.);
#11370 = VERTEX_POINT('',#11371);
#11371 = CARTESIAN_POINT('',(2.65,0.42,1.125));
#11372 = LINE('',#11373,#11374);
#11373 = CARTESIAN_POINT('',(2.65,0.42,0.819702419135));
#11374 = VECTOR('',#11375,1.);
#11375 = DIRECTION('',(0.,0.,-1.));
#11376 = ORIENTED_EDGE('',*,*,#11377,.F.);
#11377 = EDGE_CURVE('',#11361,#11370,#11378,.T.);
#11378 = LINE('',#11379,#11380);
#11379 = CARTESIAN_POINT('',(2.65,-3.1,1.125));
#11380 = VECTOR('',#11381,1.);
#11381 = DIRECTION('',(-1.110223024625E-16,1.,0.));
#11382 = PLANE('',#11383);
#11383 = AXIS2_PLACEMENT_3D('',#11384,#11385,#11386);
#11384 = CARTESIAN_POINT('',(2.65,-3.1,1.125));
#11385 = DIRECTION('',(1.,1.110223024625E-16,0.));
#11386 = DIRECTION('',(-1.110223024625E-16,1.,0.));
#11387 = ADVANCED_FACE('',(#11388),#11413,.F.);
#11388 = FACE_BOUND('',#11389,.F.);
#11389 = EDGE_LOOP('',(#11390,#11398,#11399,#11407));
#11390 = ORIENTED_EDGE('',*,*,#11391,.F.);
#11391 = EDGE_CURVE('',#10133,#11392,#11394,.T.);
#11392 = VERTEX_POINT('',#11393);
#11393 = CARTESIAN_POINT('',(2.939795637057,0.85,0.975));
#11394 = LINE('',#11395,#11396);
#11395 = CARTESIAN_POINT('',(2.649,0.85,0.975));
#11396 = VECTOR('',#11397,1.);
#11397 = DIRECTION('',(1.,1.110223024625E-16,0.));
#11398 = ORIENTED_EDGE('',*,*,#10140,.F.);
#11399 = ORIENTED_EDGE('',*,*,#11400,.T.);
#11400 = EDGE_CURVE('',#10141,#11401,#11403,.T.);
#11401 = VERTEX_POINT('',#11402);
#11402 = CARTESIAN_POINT('',(2.939795637057,0.42,0.975));
#11403 = LINE('',#11404,#11405);
#11404 = CARTESIAN_POINT('',(2.649,0.42,0.975));
#11405 = VECTOR('',#11406,1.);
#11406 = DIRECTION('',(1.,1.110223024625E-16,0.));
#11407 = ORIENTED_EDGE('',*,*,#11408,.F.);
#11408 = EDGE_CURVE('',#11392,#11401,#11409,.T.);
#11409 = LINE('',#11410,#11411);
#11410 = CARTESIAN_POINT('',(2.939795637057,0.85,0.975));
#11411 = VECTOR('',#11412,1.);
#11412 = DIRECTION('',(1.110223024625E-16,-1.,0.));
#11413 = PLANE('',#11414);
#11414 = AXIS2_PLACEMENT_3D('',#11415,#11416,#11417);
#11415 = CARTESIAN_POINT('',(2.649,0.85,0.975));
#11416 = DIRECTION('',(0.,0.,1.));
#11417 = DIRECTION('',(1.,1.110223024625E-16,-0.));
#11418 = ADVANCED_FACE('',(#11419),#11444,.T.);
#11419 = FACE_BOUND('',#11420,.T.);
#11420 = EDGE_LOOP('',(#11421,#11429,#11430,#11438));
#11421 = ORIENTED_EDGE('',*,*,#11422,.T.);
#11422 = EDGE_CURVE('',#11423,#10133,#11425,.T.);
#11423 = VERTEX_POINT('',#11424);
#11424 = CARTESIAN_POINT('',(2.65,0.85,1.125));
#11425 = LINE('',#11426,#11427);
#11426 = CARTESIAN_POINT('',(2.65,0.85,0.819702419135));
#11427 = VECTOR('',#11428,1.);
#11428 = DIRECTION('',(0.,0.,-1.));
#11429 = ORIENTED_EDGE('',*,*,#10132,.T.);
#11430 = ORIENTED_EDGE('',*,*,#11431,.F.);
#11431 = EDGE_CURVE('',#11432,#10125,#11434,.T.);
#11432 = VERTEX_POINT('',#11433);
#11433 = CARTESIAN_POINT('',(2.65,1.69,1.125));
#11434 = LINE('',#11435,#11436);
#11435 = CARTESIAN_POINT('',(2.65,1.69,0.819702419135));
#11436 = VECTOR('',#11437,1.);
#11437 = DIRECTION('',(0.,0.,-1.));
#11438 = ORIENTED_EDGE('',*,*,#11439,.F.);
#11439 = EDGE_CURVE('',#11423,#11432,#11440,.T.);
#11440 = LINE('',#11441,#11442);
#11441 = CARTESIAN_POINT('',(2.65,-3.1,1.125));
#11442 = VECTOR('',#11443,1.);
#11443 = DIRECTION('',(-1.110223024625E-16,1.,0.));
#11444 = PLANE('',#11445);
#11445 = AXIS2_PLACEMENT_3D('',#11446,#11447,#11448);
#11446 = CARTESIAN_POINT('',(2.65,-3.1,1.125));
#11447 = DIRECTION('',(1.,1.110223024625E-16,0.));
#11448 = DIRECTION('',(-1.110223024625E-16,1.,0.));
#11449 = ADVANCED_FACE('',(#11450),#11475,.F.);
#11450 = FACE_BOUND('',#11451,.F.);
#11451 = EDGE_LOOP('',(#11452,#11460,#11461,#11469));
#11452 = ORIENTED_EDGE('',*,*,#11453,.F.);
#11453 = EDGE_CURVE('',#10117,#11454,#11456,.T.);
#11454 = VERTEX_POINT('',#11455);
#11455 = CARTESIAN_POINT('',(2.939795637057,2.12,0.975));
#11456 = LINE('',#11457,#11458);
#11457 = CARTESIAN_POINT('',(2.649,2.12,0.975));
#11458 = VECTOR('',#11459,1.);
#11459 = DIRECTION('',(1.,1.110223024625E-16,0.));
#11460 = ORIENTED_EDGE('',*,*,#10124,.F.);
#11461 = ORIENTED_EDGE('',*,*,#11462,.T.);
#11462 = EDGE_CURVE('',#10125,#11463,#11465,.T.);
#11463 = VERTEX_POINT('',#11464);
#11464 = CARTESIAN_POINT('',(2.939795637057,1.69,0.975));
#11465 = LINE('',#11466,#11467);
#11466 = CARTESIAN_POINT('',(2.649,1.69,0.975));
#11467 = VECTOR('',#11468,1.);
#11468 = DIRECTION('',(1.,1.110223024625E-16,0.));
#11469 = ORIENTED_EDGE('',*,*,#11470,.F.);
#11470 = EDGE_CURVE('',#11454,#11463,#11471,.T.);
#11471 = LINE('',#11472,#11473);
#11472 = CARTESIAN_POINT('',(2.939795637057,2.12,0.975));
#11473 = VECTOR('',#11474,1.);
#11474 = DIRECTION('',(1.110223024625E-16,-1.,0.));
#11475 = PLANE('',#11476);
#11476 = AXIS2_PLACEMENT_3D('',#11477,#11478,#11479);
#11477 = CARTESIAN_POINT('',(2.649,2.12,0.975));
#11478 = DIRECTION('',(0.,0.,1.));
#11479 = DIRECTION('',(1.,1.110223024625E-16,-0.));
#11480 = ADVANCED_FACE('',(#11481),#11492,.T.);
#11481 = FACE_BOUND('',#11482,.T.);
#11482 = EDGE_LOOP('',(#11483,#11489,#11490,#11491));
#11483 = ORIENTED_EDGE('',*,*,#11484,.T.);
#11484 = EDGE_CURVE('',#10276,#10117,#11485,.T.);
#11485 = LINE('',#11486,#11487);
#11486 = CARTESIAN_POINT('',(2.65,2.12,0.819702419135));
#11487 = VECTOR('',#11488,1.);
#11488 = DIRECTION('',(0.,0.,-1.));
#11489 = ORIENTED_EDGE('',*,*,#10116,.T.);
#11490 = ORIENTED_EDGE('',*,*,#10228,.T.);
#11491 = ORIENTED_EDGE('',*,*,#10283,.F.);
#11492 = PLANE('',#11493);
#11493 = AXIS2_PLACEMENT_3D('',#11494,#11495,#11496);
#11494 = CARTESIAN_POINT('',(2.65,-3.1,1.125));
#11495 = DIRECTION('',(1.,1.110223024625E-16,0.));
#11496 = DIRECTION('',(-1.110223024625E-16,1.,0.));
#11497 = ADVANCED_FACE('',(#11498),#11537,.F.);
#11498 = FACE_BOUND('',#11499,.F.);
#11499 = EDGE_LOOP('',(#11500,#11508,#11516,#11522,#11530,#11536));
#11500 = ORIENTED_EDGE('',*,*,#11501,.F.);
#11501 = EDGE_CURVE('',#11502,#10276,#11504,.T.);
#11502 = VERTEX_POINT('',#11503);
#11503 = CARTESIAN_POINT('',(2.939795637057,2.12,1.125));
#11504 = LINE('',#11505,#11506);
#11505 = CARTESIAN_POINT('',(2.939795637057,2.12,1.125));
#11506 = VECTOR('',#11507,1.);
#11507 = DIRECTION('',(-1.,-1.110223024625E-16,0.));
#11508 = ORIENTED_EDGE('',*,*,#11509,.T.);
#11509 = EDGE_CURVE('',#11502,#11510,#11512,.T.);
#11510 = VERTEX_POINT('',#11511);
#11511 = CARTESIAN_POINT('',(2.939795637057,1.69,1.125));
#11512 = LINE('',#11513,#11514);
#11513 = CARTESIAN_POINT('',(2.939795637057,2.12,1.125));
#11514 = VECTOR('',#11515,1.);
#11515 = DIRECTION('',(1.110223024625E-16,-1.,0.));
#11516 = ORIENTED_EDGE('',*,*,#11517,.T.);
#11517 = EDGE_CURVE('',#11510,#11432,#11518,.T.);
#11518 = LINE('',#11519,#11520);
#11519 = CARTESIAN_POINT('',(2.939795637057,1.69,1.125));
#11520 = VECTOR('',#11521,1.);
#11521 = DIRECTION('',(-1.,-1.110223024625E-16,0.));
#11522 = ORIENTED_EDGE('',*,*,#11523,.T.);
#11523 = EDGE_CURVE('',#11432,#11524,#11526,.T.);
#11524 = VERTEX_POINT('',#11525);
#11525 = CARTESIAN_POINT('',(2.6495,1.69,1.125));
#11526 = LINE('',#11527,#11528);
#11527 = CARTESIAN_POINT('',(2.939795637057,1.69,1.125));
#11528 = VECTOR('',#11529,1.);
#11529 = DIRECTION('',(-1.,-1.110223024625E-16,0.));
#11530 = ORIENTED_EDGE('',*,*,#11531,.T.);
#11531 = EDGE_CURVE('',#11524,#10268,#11532,.T.);
#11532 = LINE('',#11533,#11534);
#11533 = CARTESIAN_POINT('',(2.6495,-3.0995,1.125));
#11534 = VECTOR('',#11535,1.);
#11535 = DIRECTION('',(-1.110223024625E-16,1.,0.));
#11536 = ORIENTED_EDGE('',*,*,#10275,.F.);
#11537 = PLANE('',#11538);
#11538 = AXIS2_PLACEMENT_3D('',#11539,#11540,#11541);
#11539 = CARTESIAN_POINT('',(2.939795637057,2.12,1.125));
#11540 = DIRECTION('',(0.,0.,-1.));
#11541 = DIRECTION('',(-1.,-1.110223024625E-16,-0.));
#11542 = ADVANCED_FACE('',(#11543),#11614,.T.);
#11543 = FACE_BOUND('',#11544,.T.);
#11544 = EDGE_LOOP('',(#11545,#11546,#11554,#11562,#11570,#11578,#11586,
    #11592,#11593,#11594,#11601,#11609));
#11545 = ORIENTED_EDGE('',*,*,#11220,.T.);
#11546 = ORIENTED_EDGE('',*,*,#11547,.T.);
#11547 = EDGE_CURVE('',#11213,#11548,#11550,.T.);
#11548 = VERTEX_POINT('',#11549);
#11549 = CARTESIAN_POINT('',(2.6495,-1.69,1.125));
#11550 = LINE('',#11551,#11552);
#11551 = CARTESIAN_POINT('',(2.6495,-3.0995,1.125));
#11552 = VECTOR('',#11553,1.);
#11553 = DIRECTION('',(-1.110223024625E-16,1.,0.));
#11554 = ORIENTED_EDGE('',*,*,#11555,.T.);
#11555 = EDGE_CURVE('',#11548,#11556,#11558,.T.);
#11556 = VERTEX_POINT('',#11557);
#11557 = CARTESIAN_POINT('',(2.6495,-0.85,1.125));
#11558 = LINE('',#11559,#11560);
#11559 = CARTESIAN_POINT('',(2.6495,-3.0995,1.125));
#11560 = VECTOR('',#11561,1.);
#11561 = DIRECTION('',(-1.110223024625E-16,1.,0.));
#11562 = ORIENTED_EDGE('',*,*,#11563,.T.);
#11563 = EDGE_CURVE('',#11556,#11564,#11566,.T.);
#11564 = VERTEX_POINT('',#11565);
#11565 = CARTESIAN_POINT('',(2.6495,-0.42,1.125));
#11566 = LINE('',#11567,#11568);
#11567 = CARTESIAN_POINT('',(2.6495,-3.0995,1.125));
#11568 = VECTOR('',#11569,1.);
#11569 = DIRECTION('',(-1.110223024625E-16,1.,0.));
#11570 = ORIENTED_EDGE('',*,*,#11571,.T.);
#11571 = EDGE_CURVE('',#11564,#11572,#11574,.T.);
#11572 = VERTEX_POINT('',#11573);
#11573 = CARTESIAN_POINT('',(2.6495,0.42,1.125));
#11574 = LINE('',#11575,#11576);
#11575 = CARTESIAN_POINT('',(2.6495,-3.0995,1.125));
#11576 = VECTOR('',#11577,1.);
#11577 = DIRECTION('',(-1.110223024625E-16,1.,0.));
#11578 = ORIENTED_EDGE('',*,*,#11579,.T.);
#11579 = EDGE_CURVE('',#11572,#11580,#11582,.T.);
#11580 = VERTEX_POINT('',#11581);
#11581 = CARTESIAN_POINT('',(2.6495,0.85,1.125));
#11582 = LINE('',#11583,#11584);
#11583 = CARTESIAN_POINT('',(2.6495,-3.0995,1.125));
#11584 = VECTOR('',#11585,1.);
#11585 = DIRECTION('',(-1.110223024625E-16,1.,0.));
#11586 = ORIENTED_EDGE('',*,*,#11587,.T.);
#11587 = EDGE_CURVE('',#11580,#11524,#11588,.T.);
#11588 = LINE('',#11589,#11590);
#11589 = CARTESIAN_POINT('',(2.6495,-3.0995,1.125));
#11590 = VECTOR('',#11591,1.);
#11591 = DIRECTION('',(-1.110223024625E-16,1.,0.));
#11592 = ORIENTED_EDGE('',*,*,#11531,.T.);
#11593 = ORIENTED_EDGE('',*,*,#10267,.T.);
#11594 = ORIENTED_EDGE('',*,*,#11595,.T.);
#11595 = EDGE_CURVE('',#10260,#11596,#11598,.T.);
#11596 = VERTEX_POINT('',#11597);
#11597 = CARTESIAN_POINT('',(2.510913614716,2.960913614716,2.));
#11598 = B_SPLINE_CURVE_WITH_KNOTS('',1,(#11599,#11600),.UNSPECIFIED.,
  .F.,.F.,(2,2),(0.,1.),.PIECEWISE_BEZIER_KNOTS.);
#11599 = CARTESIAN_POINT('',(2.6495,3.0995,1.125));
#11600 = CARTESIAN_POINT('',(2.510913614716,2.960913614716,2.));
#11601 = ORIENTED_EDGE('',*,*,#11602,.F.);
#11602 = EDGE_CURVE('',#11603,#11596,#11605,.T.);
#11603 = VERTEX_POINT('',#11604);
#11604 = CARTESIAN_POINT('',(2.510913614716,-2.960913614716,2.));
#11605 = LINE('',#11606,#11607);
#11606 = CARTESIAN_POINT('',(2.510913614716,-2.960913614716,2.));
#11607 = VECTOR('',#11608,1.);
#11608 = DIRECTION('',(-1.110223024625E-16,1.,0.));
#11609 = ORIENTED_EDGE('',*,*,#11610,.F.);
#11610 = EDGE_CURVE('',#11221,#11603,#11611,.T.);
#11611 = B_SPLINE_CURVE_WITH_KNOTS('',1,(#11612,#11613),.UNSPECIFIED.,
  .F.,.F.,(2,2),(0.,1.),.PIECEWISE_BEZIER_KNOTS.);
#11612 = CARTESIAN_POINT('',(2.6495,-3.0995,1.125));
#11613 = CARTESIAN_POINT('',(2.510913614716,-2.960913614716,2.));
#11614 = B_SPLINE_SURFACE_WITH_KNOTS('',1,1,(
    (#11615,#11616)
    ,(#11617,#11618
    )),.UNSPECIFIED.,.F.,.F.,.F.,(2,2),(2,2),(0.,6.199),(0.,1.),
  .PIECEWISE_BEZIER_KNOTS.);
#11615 = CARTESIAN_POINT('',(2.6495,-3.0995,1.125));
#11616 = CARTESIAN_POINT('',(2.510913614716,-2.960913614716,2.));
#11617 = CARTESIAN_POINT('',(2.6495,3.0995,1.125));
#11618 = CARTESIAN_POINT('',(2.510913614716,2.960913614716,2.));
#11619 = ADVANCED_FACE('',(#11620),#11637,.T.);
#11620 = FACE_BOUND('',#11621,.T.);
#11621 = EDGE_LOOP('',(#11622,#11623,#11630,#11636));
#11622 = ORIENTED_EDGE('',*,*,#10259,.T.);
#11623 = ORIENTED_EDGE('',*,*,#11624,.T.);
#11624 = EDGE_CURVE('',#10252,#11625,#11627,.T.);
#11625 = VERTEX_POINT('',#11626);
#11626 = CARTESIAN_POINT('',(-2.510913614716,2.960913614716,2.));
#11627 = B_SPLINE_CURVE_WITH_KNOTS('',1,(#11628,#11629),.UNSPECIFIED.,
  .F.,.F.,(2,2),(0.,1.),.PIECEWISE_BEZIER_KNOTS.);
#11628 = CARTESIAN_POINT('',(-2.6495,3.0995,1.125));
#11629 = CARTESIAN_POINT('',(-2.510913614716,2.960913614716,2.));
#11630 = ORIENTED_EDGE('',*,*,#11631,.F.);
#11631 = EDGE_CURVE('',#11596,#11625,#11632,.T.);
#11632 = LINE('',#11633,#11634);
#11633 = CARTESIAN_POINT('',(2.510913614716,2.960913614716,2.));
#11634 = VECTOR('',#11635,1.);
#11635 = DIRECTION('',(-1.,-1.110223024625E-16,0.));
#11636 = ORIENTED_EDGE('',*,*,#11595,.F.);
#11637 = B_SPLINE_SURFACE_WITH_KNOTS('',1,1,(
    (#11638,#11639)
    ,(#11640,#11641
    )),.UNSPECIFIED.,.F.,.F.,.F.,(2,2),(2,2),(0.,5.299),(0.,1.),
  .PIECEWISE_BEZIER_KNOTS.);
#11638 = CARTESIAN_POINT('',(2.6495,3.0995,1.125));
#11639 = CARTESIAN_POINT('',(2.510913614716,2.960913614716,2.));
#11640 = CARTESIAN_POINT('',(-2.6495,3.0995,1.125));
#11641 = CARTESIAN_POINT('',(-2.510913614716,2.960913614716,2.));
#11642 = ADVANCED_FACE('',(#11643),#11688,.T.);
#11643 = FACE_BOUND('',#11644,.T.);
#11644 = EDGE_LOOP('',(#11645,#11646,#11652,#11653,#11659,#11660,#11666,
    #11667,#11673,#11674,#11681,#11687));
#11645 = ORIENTED_EDGE('',*,*,#10251,.T.);
#11646 = ORIENTED_EDGE('',*,*,#11647,.T.);
#11647 = EDGE_CURVE('',#10244,#10499,#11648,.T.);
#11648 = LINE('',#11649,#11650);
#11649 = CARTESIAN_POINT('',(-2.6495,3.0995,1.125));
#11650 = VECTOR('',#11651,1.);
#11651 = DIRECTION('',(1.110223024625E-16,-1.,0.));
#11652 = ORIENTED_EDGE('',*,*,#10515,.T.);
#11653 = ORIENTED_EDGE('',*,*,#11654,.T.);
#11654 = EDGE_CURVE('',#10508,#10731,#11655,.T.);
#11655 = LINE('',#11656,#11657);
#11656 = CARTESIAN_POINT('',(-2.6495,3.0995,1.125));
#11657 = VECTOR('',#11658,1.);
#11658 = DIRECTION('',(1.110223024625E-16,-1.,0.));
#11659 = ORIENTED_EDGE('',*,*,#10747,.T.);
#11660 = ORIENTED_EDGE('',*,*,#11661,.T.);
#11661 = EDGE_CURVE('',#10740,#10963,#11662,.T.);
#11662 = LINE('',#11663,#11664);
#11663 = CARTESIAN_POINT('',(-2.6495,3.0995,1.125));
#11664 = VECTOR('',#11665,1.);
#11665 = DIRECTION('',(1.110223024625E-16,-1.,0.));
#11666 = ORIENTED_EDGE('',*,*,#10979,.T.);
#11667 = ORIENTED_EDGE('',*,*,#11668,.T.);
#11668 = EDGE_CURVE('',#10972,#11195,#11669,.T.);
#11669 = LINE('',#11670,#11671);
#11670 = CARTESIAN_POINT('',(-2.6495,3.0995,1.125));
#11671 = VECTOR('',#11672,1.);
#11672 = DIRECTION('',(1.110223024625E-16,-1.,0.));
#11673 = ORIENTED_EDGE('',*,*,#11236,.T.);
#11674 = ORIENTED_EDGE('',*,*,#11675,.T.);
#11675 = EDGE_CURVE('',#11229,#11676,#11678,.T.);
#11676 = VERTEX_POINT('',#11677);
#11677 = CARTESIAN_POINT('',(-2.510913614716,-2.960913614716,2.));
#11678 = B_SPLINE_CURVE_WITH_KNOTS('',1,(#11679,#11680),.UNSPECIFIED.,
  .F.,.F.,(2,2),(0.,1.),.PIECEWISE_BEZIER_KNOTS.);
#11679 = CARTESIAN_POINT('',(-2.6495,-3.0995,1.125));
#11680 = CARTESIAN_POINT('',(-2.510913614716,-2.960913614716,2.));
#11681 = ORIENTED_EDGE('',*,*,#11682,.F.);
#11682 = EDGE_CURVE('',#11625,#11676,#11683,.T.);
#11683 = LINE('',#11684,#11685);
#11684 = CARTESIAN_POINT('',(-2.510913614716,2.960913614716,2.));
#11685 = VECTOR('',#11686,1.);
#11686 = DIRECTION('',(1.110223024625E-16,-1.,0.));
#11687 = ORIENTED_EDGE('',*,*,#11624,.F.);
#11688 = B_SPLINE_SURFACE_WITH_KNOTS('',1,1,(
    (#11689,#11690)
    ,(#11691,#11692
    )),.UNSPECIFIED.,.F.,.F.,.F.,(2,2),(2,2),(0.,6.199),(0.,1.),
  .PIECEWISE_BEZIER_KNOTS.);
#11689 = CARTESIAN_POINT('',(-2.6495,3.0995,1.125));
#11690 = CARTESIAN_POINT('',(-2.510913614716,2.960913614716,2.));
#11691 = CARTESIAN_POINT('',(-2.6495,-3.0995,1.125));
#11692 = CARTESIAN_POINT('',(-2.510913614716,-2.960913614716,2.));
#11693 = ADVANCED_FACE('',(#11694),#11707,.F.);
#11694 = FACE_BOUND('',#11695,.F.);
#11695 = EDGE_LOOP('',(#11696,#11697,#11703,#11704,#11705,#11706));
#11696 = ORIENTED_EDGE('',*,*,#10467,.F.);
#11697 = ORIENTED_EDGE('',*,*,#11698,.T.);
#11698 = EDGE_CURVE('',#10459,#10367,#11699,.T.);
#11699 = LINE('',#11700,#11701);
#11700 = CARTESIAN_POINT('',(-2.939795637057,1.69,1.125));
#11701 = VECTOR('',#11702,1.);
#11702 = DIRECTION('',(1.144237745222E-17,1.,0.));
#11703 = ORIENTED_EDGE('',*,*,#10375,.T.);
#11704 = ORIENTED_EDGE('',*,*,#10243,.T.);
#11705 = ORIENTED_EDGE('',*,*,#11647,.T.);
#11706 = ORIENTED_EDGE('',*,*,#10498,.F.);
#11707 = PLANE('',#11708);
#11708 = AXIS2_PLACEMENT_3D('',#11709,#11710,#11711);
#11709 = CARTESIAN_POINT('',(-2.939795637057,1.69,1.125));
#11710 = DIRECTION('',(0.,0.,-1.));
#11711 = DIRECTION('',(1.,-1.144237745222E-17,0.));
#11712 = ADVANCED_FACE('',(#11713),#11724,.T.);
#11713 = FACE_BOUND('',#11714,.T.);
#11714 = EDGE_LOOP('',(#11715,#11716,#11717,#11718));
#11715 = ORIENTED_EDGE('',*,*,#10458,.T.);
#11716 = ORIENTED_EDGE('',*,*,#11698,.T.);
#11717 = ORIENTED_EDGE('',*,*,#10366,.F.);
#11718 = ORIENTED_EDGE('',*,*,#11719,.F.);
#11719 = EDGE_CURVE('',#10451,#10359,#11720,.T.);
#11720 = LINE('',#11721,#11722);
#11721 = CARTESIAN_POINT('',(-3.18599757531,1.69,0.918412044417));
#11722 = VECTOR('',#11723,1.);
#11723 = DIRECTION('',(1.144237745222E-17,1.,0.));
#11724 = CYLINDRICAL_SURFACE('',#11725,0.25);
#11725 = AXIS2_PLACEMENT_3D('',#11726,#11727,#11728);
#11726 = CARTESIAN_POINT('',(-2.939795637057,1.69,0.875));
#11727 = DIRECTION('',(-1.144237745222E-17,-1.,0.));
#11728 = DIRECTION('',(-0.984807753012,1.126854202784E-17,0.173648177667
    ));
#11729 = ADVANCED_FACE('',(#11730),#11741,.F.);
#11730 = FACE_BOUND('',#11731,.F.);
#11731 = EDGE_LOOP('',(#11732,#11738,#11739,#11740));
#11732 = ORIENTED_EDGE('',*,*,#11733,.T.);
#11733 = EDGE_CURVE('',#10442,#10350,#11734,.T.);
#11734 = LINE('',#11735,#11736);
#11735 = CARTESIAN_POINT('',(-3.301519224699,1.69,0.232635182233));
#11736 = VECTOR('',#11737,1.);
#11737 = DIRECTION('',(1.144237745222E-17,1.,0.));
#11738 = ORIENTED_EDGE('',*,*,#10358,.T.);
#11739 = ORIENTED_EDGE('',*,*,#11719,.F.);
#11740 = ORIENTED_EDGE('',*,*,#10450,.F.);
#11741 = PLANE('',#11742);
#11742 = AXIS2_PLACEMENT_3D('',#11743,#11744,#11745);
#11743 = CARTESIAN_POINT('',(-3.301519224699,1.69,0.232635182233));
#11744 = DIRECTION('',(0.986106670713,-1.128340473445E-17,
    -0.166113316671));
#11745 = DIRECTION('',(0.166113316671,-1.900731269194E-18,0.986106670713
    ));
#11746 = ADVANCED_FACE('',(#11747),#11758,.F.);
#11747 = FACE_BOUND('',#11748,.F.);
#11748 = EDGE_LOOP('',(#11749,#11755,#11756,#11757));
#11749 = ORIENTED_EDGE('',*,*,#11750,.T.);
#11750 = EDGE_CURVE('',#10434,#10342,#11751,.T.);
#11751 = LINE('',#11752,#11753);
#11752 = CARTESIAN_POINT('',(-3.4,1.69,0.15));
#11753 = VECTOR('',#11754,1.);
#11754 = DIRECTION('',(1.144237745222E-17,1.,0.));
#11755 = ORIENTED_EDGE('',*,*,#10349,.T.);
#11756 = ORIENTED_EDGE('',*,*,#11733,.F.);
#11757 = ORIENTED_EDGE('',*,*,#10441,.F.);
#11758 = CYLINDRICAL_SURFACE('',#11759,0.1);
#11759 = AXIS2_PLACEMENT_3D('',#11760,#11761,#11762);
#11760 = CARTESIAN_POINT('',(-3.4,1.69,0.25));
#11761 = DIRECTION('',(-1.144237745222E-17,-1.,0.));
#11762 = DIRECTION('',(4.440892098501E-15,-5.081436361563E-32,-1.));
#11763 = ADVANCED_FACE('',(#11764),#11775,.F.);
#11764 = FACE_BOUND('',#11765,.F.);
#11765 = EDGE_LOOP('',(#11766,#11772,#11773,#11774));
#11766 = ORIENTED_EDGE('',*,*,#11767,.T.);
#11767 = EDGE_CURVE('',#10426,#10334,#11768,.T.);
#11768 = LINE('',#11769,#11770);
#11769 = CARTESIAN_POINT('',(-3.9,1.69,0.15));
#11770 = VECTOR('',#11771,1.);
#11771 = DIRECTION('',(1.144237745222E-17,1.,0.));
#11772 = ORIENTED_EDGE('',*,*,#10341,.T.);
#11773 = ORIENTED_EDGE('',*,*,#11750,.F.);
#11774 = ORIENTED_EDGE('',*,*,#10433,.F.);
#11775 = PLANE('',#11776);
#11776 = AXIS2_PLACEMENT_3D('',#11777,#11778,#11779);
#11777 = CARTESIAN_POINT('',(-3.9,1.69,0.15));
#11778 = DIRECTION('',(0.,0.,-1.));
#11779 = DIRECTION('',(1.,-1.144237745222E-17,0.));
#11780 = ADVANCED_FACE('',(#11781),#11792,.F.);
#11781 = FACE_BOUND('',#11782,.F.);
#11782 = EDGE_LOOP('',(#11783,#11789,#11790,#11791));
#11783 = ORIENTED_EDGE('',*,*,#11784,.T.);
#11784 = EDGE_CURVE('',#10418,#10326,#11785,.T.);
#11785 = LINE('',#11786,#11787);
#11786 = CARTESIAN_POINT('',(-3.9,1.69,5.551115123126E-17));
#11787 = VECTOR('',#11788,1.);
#11788 = DIRECTION('',(1.144237745222E-17,1.,0.));
#11789 = ORIENTED_EDGE('',*,*,#10333,.T.);
#11790 = ORIENTED_EDGE('',*,*,#11767,.F.);
#11791 = ORIENTED_EDGE('',*,*,#10425,.F.);
#11792 = PLANE('',#11793);
#11793 = AXIS2_PLACEMENT_3D('',#11794,#11795,#11796);
#11794 = CARTESIAN_POINT('',(-3.9,1.69,5.551115123126E-17));
#11795 = DIRECTION('',(1.,-1.144237745222E-17,0.));
#11796 = DIRECTION('',(0.,0.,1.));
#11797 = ADVANCED_FACE('',(#11798),#11809,.F.);
#11798 = FACE_BOUND('',#11799,.F.);
#11799 = EDGE_LOOP('',(#11800,#11806,#11807,#11808));
#11800 = ORIENTED_EDGE('',*,*,#11801,.T.);
#11801 = EDGE_CURVE('',#10409,#10317,#11802,.T.);
#11802 = LINE('',#11803,#11804);
#11803 = CARTESIAN_POINT('',(-3.4,1.69,5.551115123126E-17));
#11804 = VECTOR('',#11805,1.);
#11805 = DIRECTION('',(1.144237745222E-17,1.,0.));
#11806 = ORIENTED_EDGE('',*,*,#10325,.T.);
#11807 = ORIENTED_EDGE('',*,*,#11784,.F.);
#11808 = ORIENTED_EDGE('',*,*,#10417,.F.);
#11809 = PLANE('',#11810);
#11810 = AXIS2_PLACEMENT_3D('',#11811,#11812,#11813);
#11811 = CARTESIAN_POINT('',(-3.4,1.69,5.551115123126E-17));
#11812 = DIRECTION('',(0.,0.,1.));
#11813 = DIRECTION('',(-1.,1.144237745222E-17,0.));
#11814 = ADVANCED_FACE('',(#11815),#11826,.T.);
#11815 = FACE_BOUND('',#11816,.T.);
#11816 = EDGE_LOOP('',(#11817,#11818,#11819,#11820));
#11817 = ORIENTED_EDGE('',*,*,#10408,.T.);
#11818 = ORIENTED_EDGE('',*,*,#11801,.T.);
#11819 = ORIENTED_EDGE('',*,*,#10316,.F.);
#11820 = ORIENTED_EDGE('',*,*,#11821,.F.);
#11821 = EDGE_CURVE('',#10401,#10309,#11822,.T.);
#11822 = LINE('',#11823,#11824);
#11823 = CARTESIAN_POINT('',(-3.153798061747,1.69,0.206587955583));
#11824 = VECTOR('',#11825,1.);
#11825 = DIRECTION('',(1.144237745222E-17,1.,0.));
#11826 = CYLINDRICAL_SURFACE('',#11827,0.25);
#11827 = AXIS2_PLACEMENT_3D('',#11828,#11829,#11830);
#11828 = CARTESIAN_POINT('',(-3.4,1.69,0.25));
#11829 = DIRECTION('',(-1.144237745222E-17,-1.,0.));
#11830 = DIRECTION('',(0.984807753012,-1.126854202784E-17,
    -0.173648177667));
#11831 = ADVANCED_FACE('',(#11832),#11838,.F.);
#11832 = FACE_BOUND('',#11833,.F.);
#11833 = EDGE_LOOP('',(#11834,#11835,#11836,#11837));
#11834 = ORIENTED_EDGE('',*,*,#10483,.T.);
#11835 = ORIENTED_EDGE('',*,*,#10308,.T.);
#11836 = ORIENTED_EDGE('',*,*,#11821,.F.);
#11837 = ORIENTED_EDGE('',*,*,#10400,.F.);
#11838 = PLANE('',#11839);
#11839 = AXIS2_PLACEMENT_3D('',#11840,#11841,#11842);
#11840 = CARTESIAN_POINT('',(-3.038276412358,1.69,0.892364817767));
#11841 = DIRECTION('',(-0.986106670713,1.128340473445E-17,0.166113316671
    ));
#11842 = DIRECTION('',(-0.166113316671,1.900731269194E-18,
    -0.986106670713));
#11843 = ADVANCED_FACE('',(#11844),#11857,.F.);
#11844 = FACE_BOUND('',#11845,.F.);
#11845 = EDGE_LOOP('',(#11846,#11847,#11853,#11854,#11855,#11856));
#11846 = ORIENTED_EDGE('',*,*,#10699,.F.);
#11847 = ORIENTED_EDGE('',*,*,#11848,.T.);
#11848 = EDGE_CURVE('',#10691,#10599,#11849,.T.);
#11849 = LINE('',#11850,#11851);
#11850 = CARTESIAN_POINT('',(-2.939795637057,0.42,1.125));
#11851 = VECTOR('',#11852,1.);
#11852 = DIRECTION('',(1.144237745222E-17,1.,0.));
#11853 = ORIENTED_EDGE('',*,*,#10607,.T.);
#11854 = ORIENTED_EDGE('',*,*,#10507,.T.);
#11855 = ORIENTED_EDGE('',*,*,#11654,.T.);
#11856 = ORIENTED_EDGE('',*,*,#10730,.F.);
#11857 = PLANE('',#11858);
#11858 = AXIS2_PLACEMENT_3D('',#11859,#11860,#11861);
#11859 = CARTESIAN_POINT('',(-2.939795637057,0.42,1.125));
#11860 = DIRECTION('',(0.,0.,-1.));
#11861 = DIRECTION('',(1.,-1.144237745222E-17,0.));
#11862 = ADVANCED_FACE('',(#11863),#11874,.T.);
#11863 = FACE_BOUND('',#11864,.T.);
#11864 = EDGE_LOOP('',(#11865,#11866,#11867,#11868));
#11865 = ORIENTED_EDGE('',*,*,#10690,.T.);
#11866 = ORIENTED_EDGE('',*,*,#11848,.T.);
#11867 = ORIENTED_EDGE('',*,*,#10598,.F.);
#11868 = ORIENTED_EDGE('',*,*,#11869,.F.);
#11869 = EDGE_CURVE('',#10683,#10591,#11870,.T.);
#11870 = LINE('',#11871,#11872);
#11871 = CARTESIAN_POINT('',(-3.18599757531,0.42,0.918412044417));
#11872 = VECTOR('',#11873,1.);
#11873 = DIRECTION('',(1.144237745222E-17,1.,0.));
#11874 = CYLINDRICAL_SURFACE('',#11875,0.25);
#11875 = AXIS2_PLACEMENT_3D('',#11876,#11877,#11878);
#11876 = CARTESIAN_POINT('',(-2.939795637057,0.42,0.875));
#11877 = DIRECTION('',(-1.144237745222E-17,-1.,0.));
#11878 = DIRECTION('',(-0.984807753012,1.126854202784E-17,0.173648177667
    ));
#11879 = ADVANCED_FACE('',(#11880),#11891,.F.);
#11880 = FACE_BOUND('',#11881,.F.);
#11881 = EDGE_LOOP('',(#11882,#11888,#11889,#11890));
#11882 = ORIENTED_EDGE('',*,*,#11883,.T.);
#11883 = EDGE_CURVE('',#10674,#10582,#11884,.T.);
#11884 = LINE('',#11885,#11886);
#11885 = CARTESIAN_POINT('',(-3.301519224699,0.42,0.232635182233));
#11886 = VECTOR('',#11887,1.);
#11887 = DIRECTION('',(1.144237745222E-17,1.,0.));
#11888 = ORIENTED_EDGE('',*,*,#10590,.T.);
#11889 = ORIENTED_EDGE('',*,*,#11869,.F.);
#11890 = ORIENTED_EDGE('',*,*,#10682,.F.);
#11891 = PLANE('',#11892);
#11892 = AXIS2_PLACEMENT_3D('',#11893,#11894,#11895);
#11893 = CARTESIAN_POINT('',(-3.301519224699,0.42,0.232635182233));
#11894 = DIRECTION('',(0.986106670713,-1.128340473445E-17,
    -0.166113316671));
#11895 = DIRECTION('',(0.166113316671,-1.900731269194E-18,0.986106670713
    ));
#11896 = ADVANCED_FACE('',(#11897),#11908,.F.);
#11897 = FACE_BOUND('',#11898,.F.);
#11898 = EDGE_LOOP('',(#11899,#11905,#11906,#11907));
#11899 = ORIENTED_EDGE('',*,*,#11900,.T.);
#11900 = EDGE_CURVE('',#10666,#10574,#11901,.T.);
#11901 = LINE('',#11902,#11903);
#11902 = CARTESIAN_POINT('',(-3.4,0.42,0.15));
#11903 = VECTOR('',#11904,1.);
#11904 = DIRECTION('',(1.144237745222E-17,1.,0.));
#11905 = ORIENTED_EDGE('',*,*,#10581,.T.);
#11906 = ORIENTED_EDGE('',*,*,#11883,.F.);
#11907 = ORIENTED_EDGE('',*,*,#10673,.F.);
#11908 = CYLINDRICAL_SURFACE('',#11909,0.1);
#11909 = AXIS2_PLACEMENT_3D('',#11910,#11911,#11912);
#11910 = CARTESIAN_POINT('',(-3.4,0.42,0.25));
#11911 = DIRECTION('',(-1.144237745222E-17,-1.,0.));
#11912 = DIRECTION('',(4.440892098501E-15,-5.081436361563E-32,-1.));
#11913 = ADVANCED_FACE('',(#11914),#11925,.F.);
#11914 = FACE_BOUND('',#11915,.F.);
#11915 = EDGE_LOOP('',(#11916,#11922,#11923,#11924));
#11916 = ORIENTED_EDGE('',*,*,#11917,.T.);
#11917 = EDGE_CURVE('',#10658,#10566,#11918,.T.);
#11918 = LINE('',#11919,#11920);
#11919 = CARTESIAN_POINT('',(-3.9,0.42,0.15));
#11920 = VECTOR('',#11921,1.);
#11921 = DIRECTION('',(1.144237745222E-17,1.,0.));
#11922 = ORIENTED_EDGE('',*,*,#10573,.T.);
#11923 = ORIENTED_EDGE('',*,*,#11900,.F.);
#11924 = ORIENTED_EDGE('',*,*,#10665,.F.);
#11925 = PLANE('',#11926);
#11926 = AXIS2_PLACEMENT_3D('',#11927,#11928,#11929);
#11927 = CARTESIAN_POINT('',(-3.9,0.42,0.15));
#11928 = DIRECTION('',(0.,0.,-1.));
#11929 = DIRECTION('',(1.,-1.144237745222E-17,0.));
#11930 = ADVANCED_FACE('',(#11931),#11942,.F.);
#11931 = FACE_BOUND('',#11932,.F.);
#11932 = EDGE_LOOP('',(#11933,#11939,#11940,#11941));
#11933 = ORIENTED_EDGE('',*,*,#11934,.T.);
#11934 = EDGE_CURVE('',#10650,#10558,#11935,.T.);
#11935 = LINE('',#11936,#11937);
#11936 = CARTESIAN_POINT('',(-3.9,0.42,5.551115123126E-17));
#11937 = VECTOR('',#11938,1.);
#11938 = DIRECTION('',(1.144237745222E-17,1.,0.));
#11939 = ORIENTED_EDGE('',*,*,#10565,.T.);
#11940 = ORIENTED_EDGE('',*,*,#11917,.F.);
#11941 = ORIENTED_EDGE('',*,*,#10657,.F.);
#11942 = PLANE('',#11943);
#11943 = AXIS2_PLACEMENT_3D('',#11944,#11945,#11946);
#11944 = CARTESIAN_POINT('',(-3.9,0.42,5.551115123126E-17));
#11945 = DIRECTION('',(1.,-1.144237745222E-17,0.));
#11946 = DIRECTION('',(0.,0.,1.));
#11947 = ADVANCED_FACE('',(#11948),#11959,.F.);
#11948 = FACE_BOUND('',#11949,.F.);
#11949 = EDGE_LOOP('',(#11950,#11956,#11957,#11958));
#11950 = ORIENTED_EDGE('',*,*,#11951,.T.);
#11951 = EDGE_CURVE('',#10641,#10549,#11952,.T.);
#11952 = LINE('',#11953,#11954);
#11953 = CARTESIAN_POINT('',(-3.4,0.42,5.551115123126E-17));
#11954 = VECTOR('',#11955,1.);
#11955 = DIRECTION('',(1.144237745222E-17,1.,0.));
#11956 = ORIENTED_EDGE('',*,*,#10557,.T.);
#11957 = ORIENTED_EDGE('',*,*,#11934,.F.);
#11958 = ORIENTED_EDGE('',*,*,#10649,.F.);
#11959 = PLANE('',#11960);
#11960 = AXIS2_PLACEMENT_3D('',#11961,#11962,#11963);
#11961 = CARTESIAN_POINT('',(-3.4,0.42,5.551115123126E-17));
#11962 = DIRECTION('',(0.,0.,1.));
#11963 = DIRECTION('',(-1.,1.144237745222E-17,0.));
#11964 = ADVANCED_FACE('',(#11965),#11976,.T.);
#11965 = FACE_BOUND('',#11966,.T.);
#11966 = EDGE_LOOP('',(#11967,#11968,#11969,#11970));
#11967 = ORIENTED_EDGE('',*,*,#10640,.T.);
#11968 = ORIENTED_EDGE('',*,*,#11951,.T.);
#11969 = ORIENTED_EDGE('',*,*,#10548,.F.);
#11970 = ORIENTED_EDGE('',*,*,#11971,.F.);
#11971 = EDGE_CURVE('',#10633,#10541,#11972,.T.);
#11972 = LINE('',#11973,#11974);
#11973 = CARTESIAN_POINT('',(-3.153798061747,0.42,0.206587955583));
#11974 = VECTOR('',#11975,1.);
#11975 = DIRECTION('',(1.144237745222E-17,1.,0.));
#11976 = CYLINDRICAL_SURFACE('',#11977,0.25);
#11977 = AXIS2_PLACEMENT_3D('',#11978,#11979,#11980);
#11978 = CARTESIAN_POINT('',(-3.4,0.42,0.25));
#11979 = DIRECTION('',(-1.144237745222E-17,-1.,0.));
#11980 = DIRECTION('',(0.984807753012,-1.126854202784E-17,
    -0.173648177667));
#11981 = ADVANCED_FACE('',(#11982),#11988,.F.);
#11982 = FACE_BOUND('',#11983,.F.);
#11983 = EDGE_LOOP('',(#11984,#11985,#11986,#11987));
#11984 = ORIENTED_EDGE('',*,*,#10715,.T.);
#11985 = ORIENTED_EDGE('',*,*,#10540,.T.);
#11986 = ORIENTED_EDGE('',*,*,#11971,.F.);
#11987 = ORIENTED_EDGE('',*,*,#10632,.F.);
#11988 = PLANE('',#11989);
#11989 = AXIS2_PLACEMENT_3D('',#11990,#11991,#11992);
#11990 = CARTESIAN_POINT('',(-3.038276412358,0.42,0.892364817767));
#11991 = DIRECTION('',(-0.986106670713,1.128340473445E-17,0.166113316671
    ));
#11992 = DIRECTION('',(-0.166113316671,1.900731269194E-18,
    -0.986106670713));
#11993 = ADVANCED_FACE('',(#11994),#12007,.F.);
#11994 = FACE_BOUND('',#11995,.F.);
#11995 = EDGE_LOOP('',(#11996,#11997,#12003,#12004,#12005,#12006));
#11996 = ORIENTED_EDGE('',*,*,#10931,.F.);
#11997 = ORIENTED_EDGE('',*,*,#11998,.T.);
#11998 = EDGE_CURVE('',#10923,#10831,#11999,.T.);
#11999 = LINE('',#12000,#12001);
#12000 = CARTESIAN_POINT('',(-2.939795637057,-0.85,1.125));
#12001 = VECTOR('',#12002,1.);
#12002 = DIRECTION('',(1.144237745222E-17,1.,0.));
#12003 = ORIENTED_EDGE('',*,*,#10839,.T.);
#12004 = ORIENTED_EDGE('',*,*,#10739,.T.);
#12005 = ORIENTED_EDGE('',*,*,#11661,.T.);
#12006 = ORIENTED_EDGE('',*,*,#10962,.F.);
#12007 = PLANE('',#12008);
#12008 = AXIS2_PLACEMENT_3D('',#12009,#12010,#12011);
#12009 = CARTESIAN_POINT('',(-2.939795637057,-0.85,1.125));
#12010 = DIRECTION('',(0.,0.,-1.));
#12011 = DIRECTION('',(1.,-1.144237745222E-17,0.));
#12012 = ADVANCED_FACE('',(#12013),#12024,.T.);
#12013 = FACE_BOUND('',#12014,.T.);
#12014 = EDGE_LOOP('',(#12015,#12016,#12017,#12018));
#12015 = ORIENTED_EDGE('',*,*,#10922,.T.);
#12016 = ORIENTED_EDGE('',*,*,#11998,.T.);
#12017 = ORIENTED_EDGE('',*,*,#10830,.F.);
#12018 = ORIENTED_EDGE('',*,*,#12019,.F.);
#12019 = EDGE_CURVE('',#10915,#10823,#12020,.T.);
#12020 = LINE('',#12021,#12022);
#12021 = CARTESIAN_POINT('',(-3.18599757531,-0.85,0.918412044417));
#12022 = VECTOR('',#12023,1.);
#12023 = DIRECTION('',(1.144237745222E-17,1.,0.));
#12024 = CYLINDRICAL_SURFACE('',#12025,0.25);
#12025 = AXIS2_PLACEMENT_3D('',#12026,#12027,#12028);
#12026 = CARTESIAN_POINT('',(-2.939795637057,-0.85,0.875));
#12027 = DIRECTION('',(-1.144237745222E-17,-1.,0.));
#12028 = DIRECTION('',(-0.984807753012,1.126854202784E-17,0.173648177667
    ));
#12029 = ADVANCED_FACE('',(#12030),#12041,.F.);
#12030 = FACE_BOUND('',#12031,.F.);
#12031 = EDGE_LOOP('',(#12032,#12038,#12039,#12040));
#12032 = ORIENTED_EDGE('',*,*,#12033,.T.);
#12033 = EDGE_CURVE('',#10906,#10814,#12034,.T.);
#12034 = LINE('',#12035,#12036);
#12035 = CARTESIAN_POINT('',(-3.301519224699,-0.85,0.232635182233));
#12036 = VECTOR('',#12037,1.);
#12037 = DIRECTION('',(1.144237745222E-17,1.,0.));
#12038 = ORIENTED_EDGE('',*,*,#10822,.T.);
#12039 = ORIENTED_EDGE('',*,*,#12019,.F.);
#12040 = ORIENTED_EDGE('',*,*,#10914,.F.);
#12041 = PLANE('',#12042);
#12042 = AXIS2_PLACEMENT_3D('',#12043,#12044,#12045);
#12043 = CARTESIAN_POINT('',(-3.301519224699,-0.85,0.232635182233));
#12044 = DIRECTION('',(0.986106670713,-1.128340473445E-17,
    -0.166113316671));
#12045 = DIRECTION('',(0.166113316671,-1.900731269194E-18,0.986106670713
    ));
#12046 = ADVANCED_FACE('',(#12047),#12058,.F.);
#12047 = FACE_BOUND('',#12048,.F.);
#12048 = EDGE_LOOP('',(#12049,#12055,#12056,#12057));
#12049 = ORIENTED_EDGE('',*,*,#12050,.T.);
#12050 = EDGE_CURVE('',#10898,#10806,#12051,.T.);
#12051 = LINE('',#12052,#12053);
#12052 = CARTESIAN_POINT('',(-3.4,-0.85,0.15));
#12053 = VECTOR('',#12054,1.);
#12054 = DIRECTION('',(1.144237745222E-17,1.,0.));
#12055 = ORIENTED_EDGE('',*,*,#10813,.T.);
#12056 = ORIENTED_EDGE('',*,*,#12033,.F.);
#12057 = ORIENTED_EDGE('',*,*,#10905,.F.);
#12058 = CYLINDRICAL_SURFACE('',#12059,0.1);
#12059 = AXIS2_PLACEMENT_3D('',#12060,#12061,#12062);
#12060 = CARTESIAN_POINT('',(-3.4,-0.85,0.25));
#12061 = DIRECTION('',(-1.144237745222E-17,-1.,0.));
#12062 = DIRECTION('',(4.440892098501E-15,-5.081436361563E-32,-1.));
#12063 = ADVANCED_FACE('',(#12064),#12075,.F.);
#12064 = FACE_BOUND('',#12065,.F.);
#12065 = EDGE_LOOP('',(#12066,#12072,#12073,#12074));
#12066 = ORIENTED_EDGE('',*,*,#12067,.T.);
#12067 = EDGE_CURVE('',#10890,#10798,#12068,.T.);
#12068 = LINE('',#12069,#12070);
#12069 = CARTESIAN_POINT('',(-3.9,-0.85,0.15));
#12070 = VECTOR('',#12071,1.);
#12071 = DIRECTION('',(1.144237745222E-17,1.,0.));
#12072 = ORIENTED_EDGE('',*,*,#10805,.T.);
#12073 = ORIENTED_EDGE('',*,*,#12050,.F.);
#12074 = ORIENTED_EDGE('',*,*,#10897,.F.);
#12075 = PLANE('',#12076);
#12076 = AXIS2_PLACEMENT_3D('',#12077,#12078,#12079);
#12077 = CARTESIAN_POINT('',(-3.9,-0.85,0.15));
#12078 = DIRECTION('',(0.,0.,-1.));
#12079 = DIRECTION('',(1.,-1.144237745222E-17,0.));
#12080 = ADVANCED_FACE('',(#12081),#12092,.F.);
#12081 = FACE_BOUND('',#12082,.F.);
#12082 = EDGE_LOOP('',(#12083,#12089,#12090,#12091));
#12083 = ORIENTED_EDGE('',*,*,#12084,.T.);
#12084 = EDGE_CURVE('',#10882,#10790,#12085,.T.);
#12085 = LINE('',#12086,#12087);
#12086 = CARTESIAN_POINT('',(-3.9,-0.85,5.551115123126E-17));
#12087 = VECTOR('',#12088,1.);
#12088 = DIRECTION('',(1.144237745222E-17,1.,0.));
#12089 = ORIENTED_EDGE('',*,*,#10797,.T.);
#12090 = ORIENTED_EDGE('',*,*,#12067,.F.);
#12091 = ORIENTED_EDGE('',*,*,#10889,.F.);
#12092 = PLANE('',#12093);
#12093 = AXIS2_PLACEMENT_3D('',#12094,#12095,#12096);
#12094 = CARTESIAN_POINT('',(-3.9,-0.85,5.551115123126E-17));
#12095 = DIRECTION('',(1.,-1.144237745222E-17,0.));
#12096 = DIRECTION('',(0.,0.,1.));
#12097 = ADVANCED_FACE('',(#12098),#12109,.F.);
#12098 = FACE_BOUND('',#12099,.F.);
#12099 = EDGE_LOOP('',(#12100,#12106,#12107,#12108));
#12100 = ORIENTED_EDGE('',*,*,#12101,.T.);
#12101 = EDGE_CURVE('',#10873,#10781,#12102,.T.);
#12102 = LINE('',#12103,#12104);
#12103 = CARTESIAN_POINT('',(-3.4,-0.85,5.551115123126E-17));
#12104 = VECTOR('',#12105,1.);
#12105 = DIRECTION('',(1.144237745222E-17,1.,0.));
#12106 = ORIENTED_EDGE('',*,*,#10789,.T.);
#12107 = ORIENTED_EDGE('',*,*,#12084,.F.);
#12108 = ORIENTED_EDGE('',*,*,#10881,.F.);
#12109 = PLANE('',#12110);
#12110 = AXIS2_PLACEMENT_3D('',#12111,#12112,#12113);
#12111 = CARTESIAN_POINT('',(-3.4,-0.85,5.551115123126E-17));
#12112 = DIRECTION('',(0.,0.,1.));
#12113 = DIRECTION('',(-1.,1.144237745222E-17,0.));
#12114 = ADVANCED_FACE('',(#12115),#12126,.T.);
#12115 = FACE_BOUND('',#12116,.T.);
#12116 = EDGE_LOOP('',(#12117,#12118,#12119,#12120));
#12117 = ORIENTED_EDGE('',*,*,#10872,.T.);
#12118 = ORIENTED_EDGE('',*,*,#12101,.T.);
#12119 = ORIENTED_EDGE('',*,*,#10780,.F.);
#12120 = ORIENTED_EDGE('',*,*,#12121,.F.);
#12121 = EDGE_CURVE('',#10865,#10773,#12122,.T.);
#12122 = LINE('',#12123,#12124);
#12123 = CARTESIAN_POINT('',(-3.153798061747,-0.85,0.206587955583));
#12124 = VECTOR('',#12125,1.);
#12125 = DIRECTION('',(1.144237745222E-17,1.,0.));
#12126 = CYLINDRICAL_SURFACE('',#12127,0.25);
#12127 = AXIS2_PLACEMENT_3D('',#12128,#12129,#12130);
#12128 = CARTESIAN_POINT('',(-3.4,-0.85,0.25));
#12129 = DIRECTION('',(-1.144237745222E-17,-1.,0.));
#12130 = DIRECTION('',(0.984807753012,-1.126854202784E-17,
    -0.173648177667));
#12131 = ADVANCED_FACE('',(#12132),#12138,.F.);
#12132 = FACE_BOUND('',#12133,.F.);
#12133 = EDGE_LOOP('',(#12134,#12135,#12136,#12137));
#12134 = ORIENTED_EDGE('',*,*,#10947,.T.);
#12135 = ORIENTED_EDGE('',*,*,#10772,.T.);
#12136 = ORIENTED_EDGE('',*,*,#12121,.F.);
#12137 = ORIENTED_EDGE('',*,*,#10864,.F.);
#12138 = PLANE('',#12139);
#12139 = AXIS2_PLACEMENT_3D('',#12140,#12141,#12142);
#12140 = CARTESIAN_POINT('',(-3.038276412358,-0.85,0.892364817767));
#12141 = DIRECTION('',(-0.986106670713,1.128340473445E-17,0.166113316671
    ));
#12142 = DIRECTION('',(-0.166113316671,1.900731269194E-18,
    -0.986106670713));
#12143 = ADVANCED_FACE('',(#12144),#12157,.F.);
#12144 = FACE_BOUND('',#12145,.F.);
#12145 = EDGE_LOOP('',(#12146,#12147,#12153,#12154,#12155,#12156));
#12146 = ORIENTED_EDGE('',*,*,#11163,.F.);
#12147 = ORIENTED_EDGE('',*,*,#12148,.T.);
#12148 = EDGE_CURVE('',#11155,#11063,#12149,.T.);
#12149 = LINE('',#12150,#12151);
#12150 = CARTESIAN_POINT('',(-2.939795637057,-2.12,1.125));
#12151 = VECTOR('',#12152,1.);
#12152 = DIRECTION('',(1.144237745222E-17,1.,0.));
#12153 = ORIENTED_EDGE('',*,*,#11071,.T.);
#12154 = ORIENTED_EDGE('',*,*,#10971,.T.);
#12155 = ORIENTED_EDGE('',*,*,#11668,.T.);
#12156 = ORIENTED_EDGE('',*,*,#11194,.F.);
#12157 = PLANE('',#12158);
#12158 = AXIS2_PLACEMENT_3D('',#12159,#12160,#12161);
#12159 = CARTESIAN_POINT('',(-2.939795637057,-2.12,1.125));
#12160 = DIRECTION('',(0.,0.,-1.));
#12161 = DIRECTION('',(1.,-1.144237745222E-17,0.));
#12162 = ADVANCED_FACE('',(#12163),#12174,.T.);
#12163 = FACE_BOUND('',#12164,.T.);
#12164 = EDGE_LOOP('',(#12165,#12166,#12167,#12168));
#12165 = ORIENTED_EDGE('',*,*,#11154,.T.);
#12166 = ORIENTED_EDGE('',*,*,#12148,.T.);
#12167 = ORIENTED_EDGE('',*,*,#11062,.F.);
#12168 = ORIENTED_EDGE('',*,*,#12169,.F.);
#12169 = EDGE_CURVE('',#11147,#11055,#12170,.T.);
#12170 = LINE('',#12171,#12172);
#12171 = CARTESIAN_POINT('',(-3.18599757531,-2.12,0.918412044417));
#12172 = VECTOR('',#12173,1.);
#12173 = DIRECTION('',(1.144237745222E-17,1.,0.));
#12174 = CYLINDRICAL_SURFACE('',#12175,0.25);
#12175 = AXIS2_PLACEMENT_3D('',#12176,#12177,#12178);
#12176 = CARTESIAN_POINT('',(-2.939795637057,-2.12,0.875));
#12177 = DIRECTION('',(-1.144237745222E-17,-1.,0.));
#12178 = DIRECTION('',(-0.984807753012,1.126854202784E-17,0.173648177667
    ));
#12179 = ADVANCED_FACE('',(#12180),#12191,.F.);
#12180 = FACE_BOUND('',#12181,.F.);
#12181 = EDGE_LOOP('',(#12182,#12188,#12189,#12190));
#12182 = ORIENTED_EDGE('',*,*,#12183,.T.);
#12183 = EDGE_CURVE('',#11138,#11046,#12184,.T.);
#12184 = LINE('',#12185,#12186);
#12185 = CARTESIAN_POINT('',(-3.301519224699,-2.12,0.232635182233));
#12186 = VECTOR('',#12187,1.);
#12187 = DIRECTION('',(1.144237745222E-17,1.,0.));
#12188 = ORIENTED_EDGE('',*,*,#11054,.T.);
#12189 = ORIENTED_EDGE('',*,*,#12169,.F.);
#12190 = ORIENTED_EDGE('',*,*,#11146,.F.);
#12191 = PLANE('',#12192);
#12192 = AXIS2_PLACEMENT_3D('',#12193,#12194,#12195);
#12193 = CARTESIAN_POINT('',(-3.301519224699,-2.12,0.232635182233));
#12194 = DIRECTION('',(0.986106670713,-1.128340473445E-17,
    -0.166113316671));
#12195 = DIRECTION('',(0.166113316671,-1.900731269194E-18,0.986106670713
    ));
#12196 = ADVANCED_FACE('',(#12197),#12208,.F.);
#12197 = FACE_BOUND('',#12198,.F.);
#12198 = EDGE_LOOP('',(#12199,#12205,#12206,#12207));
#12199 = ORIENTED_EDGE('',*,*,#12200,.T.);
#12200 = EDGE_CURVE('',#11130,#11038,#12201,.T.);
#12201 = LINE('',#12202,#12203);
#12202 = CARTESIAN_POINT('',(-3.4,-2.12,0.15));
#12203 = VECTOR('',#12204,1.);
#12204 = DIRECTION('',(1.144237745222E-17,1.,0.));
#12205 = ORIENTED_EDGE('',*,*,#11045,.T.);
#12206 = ORIENTED_EDGE('',*,*,#12183,.F.);
#12207 = ORIENTED_EDGE('',*,*,#11137,.F.);
#12208 = CYLINDRICAL_SURFACE('',#12209,0.1);
#12209 = AXIS2_PLACEMENT_3D('',#12210,#12211,#12212);
#12210 = CARTESIAN_POINT('',(-3.4,-2.12,0.25));
#12211 = DIRECTION('',(-1.144237745222E-17,-1.,0.));
#12212 = DIRECTION('',(4.440892098501E-15,-5.081436361563E-32,-1.));
#12213 = ADVANCED_FACE('',(#12214),#12225,.F.);
#12214 = FACE_BOUND('',#12215,.F.);
#12215 = EDGE_LOOP('',(#12216,#12222,#12223,#12224));
#12216 = ORIENTED_EDGE('',*,*,#12217,.T.);
#12217 = EDGE_CURVE('',#11122,#11030,#12218,.T.);
#12218 = LINE('',#12219,#12220);
#12219 = CARTESIAN_POINT('',(-3.9,-2.12,0.15));
#12220 = VECTOR('',#12221,1.);
#12221 = DIRECTION('',(1.144237745222E-17,1.,0.));
#12222 = ORIENTED_EDGE('',*,*,#11037,.T.);
#12223 = ORIENTED_EDGE('',*,*,#12200,.F.);
#12224 = ORIENTED_EDGE('',*,*,#11129,.F.);
#12225 = PLANE('',#12226);
#12226 = AXIS2_PLACEMENT_3D('',#12227,#12228,#12229);
#12227 = CARTESIAN_POINT('',(-3.9,-2.12,0.15));
#12228 = DIRECTION('',(0.,0.,-1.));
#12229 = DIRECTION('',(1.,-1.144237745222E-17,0.));
#12230 = ADVANCED_FACE('',(#12231),#12242,.F.);
#12231 = FACE_BOUND('',#12232,.F.);
#12232 = EDGE_LOOP('',(#12233,#12239,#12240,#12241));
#12233 = ORIENTED_EDGE('',*,*,#12234,.T.);
#12234 = EDGE_CURVE('',#11114,#11022,#12235,.T.);
#12235 = LINE('',#12236,#12237);
#12236 = CARTESIAN_POINT('',(-3.9,-2.12,5.551115123126E-17));
#12237 = VECTOR('',#12238,1.);
#12238 = DIRECTION('',(1.144237745222E-17,1.,0.));
#12239 = ORIENTED_EDGE('',*,*,#11029,.T.);
#12240 = ORIENTED_EDGE('',*,*,#12217,.F.);
#12241 = ORIENTED_EDGE('',*,*,#11121,.F.);
#12242 = PLANE('',#12243);
#12243 = AXIS2_PLACEMENT_3D('',#12244,#12245,#12246);
#12244 = CARTESIAN_POINT('',(-3.9,-2.12,5.551115123126E-17));
#12245 = DIRECTION('',(1.,-1.144237745222E-17,0.));
#12246 = DIRECTION('',(0.,0.,1.));
#12247 = ADVANCED_FACE('',(#12248),#12259,.F.);
#12248 = FACE_BOUND('',#12249,.F.);
#12249 = EDGE_LOOP('',(#12250,#12256,#12257,#12258));
#12250 = ORIENTED_EDGE('',*,*,#12251,.T.);
#12251 = EDGE_CURVE('',#11105,#11013,#12252,.T.);
#12252 = LINE('',#12253,#12254);
#12253 = CARTESIAN_POINT('',(-3.4,-2.12,5.551115123126E-17));
#12254 = VECTOR('',#12255,1.);
#12255 = DIRECTION('',(1.144237745222E-17,1.,0.));
#12256 = ORIENTED_EDGE('',*,*,#11021,.T.);
#12257 = ORIENTED_EDGE('',*,*,#12234,.F.);
#12258 = ORIENTED_EDGE('',*,*,#11113,.F.);
#12259 = PLANE('',#12260);
#12260 = AXIS2_PLACEMENT_3D('',#12261,#12262,#12263);
#12261 = CARTESIAN_POINT('',(-3.4,-2.12,5.551115123126E-17));
#12262 = DIRECTION('',(0.,0.,1.));
#12263 = DIRECTION('',(-1.,1.144237745222E-17,0.));
#12264 = ADVANCED_FACE('',(#12265),#12276,.T.);
#12265 = FACE_BOUND('',#12266,.T.);
#12266 = EDGE_LOOP('',(#12267,#12268,#12269,#12270));
#12267 = ORIENTED_EDGE('',*,*,#11104,.T.);
#12268 = ORIENTED_EDGE('',*,*,#12251,.T.);
#12269 = ORIENTED_EDGE('',*,*,#11012,.F.);
#12270 = ORIENTED_EDGE('',*,*,#12271,.F.);
#12271 = EDGE_CURVE('',#11097,#11005,#12272,.T.);
#12272 = LINE('',#12273,#12274);
#12273 = CARTESIAN_POINT('',(-3.153798061747,-2.12,0.206587955583));
#12274 = VECTOR('',#12275,1.);
#12275 = DIRECTION('',(1.144237745222E-17,1.,0.));
#12276 = CYLINDRICAL_SURFACE('',#12277,0.25);
#12277 = AXIS2_PLACEMENT_3D('',#12278,#12279,#12280);
#12278 = CARTESIAN_POINT('',(-3.4,-2.12,0.25));
#12279 = DIRECTION('',(-1.144237745222E-17,-1.,0.));
#12280 = DIRECTION('',(0.984807753012,-1.126854202784E-17,
    -0.173648177667));
#12281 = ADVANCED_FACE('',(#12282),#12288,.F.);
#12282 = FACE_BOUND('',#12283,.F.);
#12283 = EDGE_LOOP('',(#12284,#12285,#12286,#12287));
#12284 = ORIENTED_EDGE('',*,*,#11179,.T.);
#12285 = ORIENTED_EDGE('',*,*,#11004,.T.);
#12286 = ORIENTED_EDGE('',*,*,#12271,.F.);
#12287 = ORIENTED_EDGE('',*,*,#11096,.F.);
#12288 = PLANE('',#12289);
#12289 = AXIS2_PLACEMENT_3D('',#12290,#12291,#12292);
#12290 = CARTESIAN_POINT('',(-3.038276412358,-2.12,0.892364817767));
#12291 = DIRECTION('',(-0.986106670713,1.128340473445E-17,0.166113316671
    ));
#12292 = DIRECTION('',(-0.166113316671,1.900731269194E-18,
    -0.986106670713));
#12293 = ADVANCED_FACE('',(#12294),#12305,.T.);
#12294 = FACE_BOUND('',#12295,.T.);
#12295 = EDGE_LOOP('',(#12296,#12297,#12298,#12304));
#12296 = ORIENTED_EDGE('',*,*,#11228,.T.);
#12297 = ORIENTED_EDGE('',*,*,#11610,.T.);
#12298 = ORIENTED_EDGE('',*,*,#12299,.F.);
#12299 = EDGE_CURVE('',#11676,#11603,#12300,.T.);
#12300 = LINE('',#12301,#12302);
#12301 = CARTESIAN_POINT('',(-2.510913614716,-2.960913614716,2.));
#12302 = VECTOR('',#12303,1.);
#12303 = DIRECTION('',(1.,1.110223024625E-16,0.));
#12304 = ORIENTED_EDGE('',*,*,#11675,.F.);
#12305 = B_SPLINE_SURFACE_WITH_KNOTS('',1,1,(
    (#12306,#12307)
    ,(#12308,#12309
    )),.UNSPECIFIED.,.F.,.F.,.F.,(2,2),(2,2),(0.,5.299),(0.,1.),
  .PIECEWISE_BEZIER_KNOTS.);
#12306 = CARTESIAN_POINT('',(-2.6495,-3.0995,1.125));
#12307 = CARTESIAN_POINT('',(-2.510913614716,-2.960913614716,2.));
#12308 = CARTESIAN_POINT('',(2.6495,-3.0995,1.125));
#12309 = CARTESIAN_POINT('',(2.510913614716,-2.960913614716,2.));
#12310 = ADVANCED_FACE('',(#12311),#12343,.F.);
#12311 = FACE_BOUND('',#12312,.F.);
#12312 = EDGE_LOOP('',(#12313,#12321,#12329,#12335,#12336,#12337));
#12313 = ORIENTED_EDGE('',*,*,#12314,.F.);
#12314 = EDGE_CURVE('',#12315,#11299,#12317,.T.);
#12315 = VERTEX_POINT('',#12316);
#12316 = CARTESIAN_POINT('',(2.939795637057,-1.69,1.125));
#12317 = LINE('',#12318,#12319);
#12318 = CARTESIAN_POINT('',(2.939795637057,-1.69,1.125));
#12319 = VECTOR('',#12320,1.);
#12320 = DIRECTION('',(-1.,-1.110223024625E-16,0.));
#12321 = ORIENTED_EDGE('',*,*,#12322,.T.);
#12322 = EDGE_CURVE('',#12315,#12323,#12325,.T.);
#12323 = VERTEX_POINT('',#12324);
#12324 = CARTESIAN_POINT('',(2.939795637057,-2.12,1.125));
#12325 = LINE('',#12326,#12327);
#12326 = CARTESIAN_POINT('',(2.939795637057,-1.69,1.125));
#12327 = VECTOR('',#12328,1.);
#12328 = DIRECTION('',(1.110223024625E-16,-1.,0.));
#12329 = ORIENTED_EDGE('',*,*,#12330,.T.);
#12330 = EDGE_CURVE('',#12323,#11205,#12331,.T.);
#12331 = LINE('',#12332,#12333);
#12332 = CARTESIAN_POINT('',(2.939795637057,-2.12,1.125));
#12333 = VECTOR('',#12334,1.);
#12334 = DIRECTION('',(-1.,-1.110223024625E-16,0.));
#12335 = ORIENTED_EDGE('',*,*,#11212,.T.);
#12336 = ORIENTED_EDGE('',*,*,#11547,.T.);
#12337 = ORIENTED_EDGE('',*,*,#12338,.F.);
#12338 = EDGE_CURVE('',#11299,#11548,#12339,.T.);
#12339 = LINE('',#12340,#12341);
#12340 = CARTESIAN_POINT('',(2.939795637057,-1.69,1.125));
#12341 = VECTOR('',#12342,1.);
#12342 = DIRECTION('',(-1.,-1.110223024625E-16,0.));
#12343 = PLANE('',#12344);
#12344 = AXIS2_PLACEMENT_3D('',#12345,#12346,#12347);
#12345 = CARTESIAN_POINT('',(2.939795637057,-1.69,1.125));
#12346 = DIRECTION('',(0.,0.,-1.));
#12347 = DIRECTION('',(-1.,-1.110223024625E-16,-0.));
#12348 = ADVANCED_FACE('',(#12349),#12428,.T.);
#12349 = FACE_BOUND('',#12350,.T.);
#12350 = EDGE_LOOP('',(#12351,#12352,#12353,#12362,#12370,#12379,#12387,
    #12395,#12403,#12412,#12420,#12427));
#12351 = ORIENTED_EDGE('',*,*,#11252,.T.);
#12352 = ORIENTED_EDGE('',*,*,#11276,.T.);
#12353 = ORIENTED_EDGE('',*,*,#12354,.T.);
#12354 = EDGE_CURVE('',#11277,#12355,#12357,.T.);
#12355 = VERTEX_POINT('',#12356);
#12356 = CARTESIAN_POINT('',(3.038276412358,-2.12,0.892364817767));
#12357 = CIRCLE('',#12358,0.1);
#12358 = AXIS2_PLACEMENT_3D('',#12359,#12360,#12361);
#12359 = CARTESIAN_POINT('',(2.939795637057,-2.12,0.875));
#12360 = DIRECTION('',(-1.110223024625E-16,1.,0.));
#12361 = DIRECTION('',(0.,0.,1.));
#12362 = ORIENTED_EDGE('',*,*,#12363,.T.);
#12363 = EDGE_CURVE('',#12355,#12364,#12366,.T.);
#12364 = VERTEX_POINT('',#12365);
#12365 = CARTESIAN_POINT('',(3.153798061747,-2.12,0.206587955583));
#12366 = LINE('',#12367,#12368);
#12367 = CARTESIAN_POINT('',(3.038276412358,-2.12,0.892364817767));
#12368 = VECTOR('',#12369,1.);
#12369 = DIRECTION('',(0.166113316671,1.844228288654E-17,-0.986106670713
    ));
#12370 = ORIENTED_EDGE('',*,*,#12371,.T.);
#12371 = EDGE_CURVE('',#12364,#12372,#12374,.T.);
#12372 = VERTEX_POINT('',#12373);
#12373 = CARTESIAN_POINT('',(3.4,-2.12,5.551115123126E-17));
#12374 = CIRCLE('',#12375,0.25);
#12375 = AXIS2_PLACEMENT_3D('',#12376,#12377,#12378);
#12376 = CARTESIAN_POINT('',(3.4,-2.12,0.25));
#12377 = DIRECTION('',(1.110223024625E-16,-1.,0.));
#12378 = DIRECTION('',(-0.984807753012,-1.093356242223E-16,
    -0.173648177667));
#12379 = ORIENTED_EDGE('',*,*,#12380,.T.);
#12380 = EDGE_CURVE('',#12372,#12381,#12383,.T.);
#12381 = VERTEX_POINT('',#12382);
#12382 = CARTESIAN_POINT('',(3.9,-2.12,5.551115123126E-17));
#12383 = LINE('',#12384,#12385);
#12384 = CARTESIAN_POINT('',(3.4,-2.12,5.551115123126E-17));
#12385 = VECTOR('',#12386,1.);
#12386 = DIRECTION('',(1.,1.110223024625E-16,0.));
#12387 = ORIENTED_EDGE('',*,*,#12388,.T.);
#12388 = EDGE_CURVE('',#12381,#12389,#12391,.T.);
#12389 = VERTEX_POINT('',#12390);
#12390 = CARTESIAN_POINT('',(3.9,-2.12,0.15));
#12391 = LINE('',#12392,#12393);
#12392 = CARTESIAN_POINT('',(3.9,-2.12,5.551115123126E-17));
#12393 = VECTOR('',#12394,1.);
#12394 = DIRECTION('',(0.,0.,1.));
#12395 = ORIENTED_EDGE('',*,*,#12396,.T.);
#12396 = EDGE_CURVE('',#12389,#12397,#12399,.T.);
#12397 = VERTEX_POINT('',#12398);
#12398 = CARTESIAN_POINT('',(3.4,-2.12,0.15));
#12399 = LINE('',#12400,#12401);
#12400 = CARTESIAN_POINT('',(3.9,-2.12,0.15));
#12401 = VECTOR('',#12402,1.);
#12402 = DIRECTION('',(-1.,-1.110223024625E-16,0.));
#12403 = ORIENTED_EDGE('',*,*,#12404,.T.);
#12404 = EDGE_CURVE('',#12397,#12405,#12407,.T.);
#12405 = VERTEX_POINT('',#12406);
#12406 = CARTESIAN_POINT('',(3.301519224699,-2.12,0.232635182233));
#12407 = CIRCLE('',#12408,0.1);
#12408 = AXIS2_PLACEMENT_3D('',#12409,#12410,#12411);
#12409 = CARTESIAN_POINT('',(3.4,-2.12,0.25));
#12410 = DIRECTION('',(-1.110223024625E-16,1.,0.));
#12411 = DIRECTION('',(-4.440892098501E-15,-4.930380657631E-31,-1.));
#12412 = ORIENTED_EDGE('',*,*,#12413,.T.);
#12413 = EDGE_CURVE('',#12405,#12414,#12416,.T.);
#12414 = VERTEX_POINT('',#12415);
#12415 = CARTESIAN_POINT('',(3.18599757531,-2.12,0.918412044417));
#12416 = LINE('',#12417,#12418);
#12417 = CARTESIAN_POINT('',(3.301519224699,-2.12,0.232635182233));
#12418 = VECTOR('',#12419,1.);
#12419 = DIRECTION('',(-0.166113316671,-1.844228288654E-17,
    0.986106670713));
#12420 = ORIENTED_EDGE('',*,*,#12421,.T.);
#12421 = EDGE_CURVE('',#12414,#12323,#12422,.T.);
#12422 = CIRCLE('',#12423,0.25);
#12423 = AXIS2_PLACEMENT_3D('',#12424,#12425,#12426);
#12424 = CARTESIAN_POINT('',(2.939795637057,-2.12,0.875));
#12425 = DIRECTION('',(1.110223024625E-16,-1.,0.));
#12426 = DIRECTION('',(0.984807753012,1.093356242223E-16,0.173648177667)
  );
#12427 = ORIENTED_EDGE('',*,*,#12330,.T.);
#12428 = PLANE('',#12429);
#12429 = AXIS2_PLACEMENT_3D('',#12430,#12431,#12432);
#12430 = CARTESIAN_POINT('',(3.239006866307,-2.12,0.51440483827));
#12431 = DIRECTION('',(1.110223024625E-16,-1.,0.));
#12432 = DIRECTION('',(0.,0.,1.));
#12433 = ADVANCED_FACE('',(#12434),#12513,.F.);
#12434 = FACE_BOUND('',#12435,.F.);
#12435 = EDGE_LOOP('',(#12436,#12437,#12438,#12447,#12455,#12464,#12472,
    #12480,#12488,#12497,#12505,#12512));
#12436 = ORIENTED_EDGE('',*,*,#11298,.T.);
#12437 = ORIENTED_EDGE('',*,*,#11267,.T.);
#12438 = ORIENTED_EDGE('',*,*,#12439,.T.);
#12439 = EDGE_CURVE('',#11268,#12440,#12442,.T.);
#12440 = VERTEX_POINT('',#12441);
#12441 = CARTESIAN_POINT('',(3.038276412358,-1.69,0.892364817767));
#12442 = CIRCLE('',#12443,0.1);
#12443 = AXIS2_PLACEMENT_3D('',#12444,#12445,#12446);
#12444 = CARTESIAN_POINT('',(2.939795637057,-1.69,0.875));
#12445 = DIRECTION('',(-1.110223024625E-16,1.,0.));
#12446 = DIRECTION('',(0.,0.,1.));
#12447 = ORIENTED_EDGE('',*,*,#12448,.T.);
#12448 = EDGE_CURVE('',#12440,#12449,#12451,.T.);
#12449 = VERTEX_POINT('',#12450);
#12450 = CARTESIAN_POINT('',(3.153798061747,-1.69,0.206587955583));
#12451 = LINE('',#12452,#12453);
#12452 = CARTESIAN_POINT('',(3.038276412358,-1.69,0.892364817767));
#12453 = VECTOR('',#12454,1.);
#12454 = DIRECTION('',(0.166113316671,1.844228288654E-17,-0.986106670713
    ));
#12455 = ORIENTED_EDGE('',*,*,#12456,.T.);
#12456 = EDGE_CURVE('',#12449,#12457,#12459,.T.);
#12457 = VERTEX_POINT('',#12458);
#12458 = CARTESIAN_POINT('',(3.4,-1.69,5.551115123126E-17));
#12459 = CIRCLE('',#12460,0.25);
#12460 = AXIS2_PLACEMENT_3D('',#12461,#12462,#12463);
#12461 = CARTESIAN_POINT('',(3.4,-1.69,0.25));
#12462 = DIRECTION('',(1.110223024625E-16,-1.,0.));
#12463 = DIRECTION('',(-0.984807753012,-1.093356242223E-16,
    -0.173648177667));
#12464 = ORIENTED_EDGE('',*,*,#12465,.T.);
#12465 = EDGE_CURVE('',#12457,#12466,#12468,.T.);
#12466 = VERTEX_POINT('',#12467);
#12467 = CARTESIAN_POINT('',(3.9,-1.69,5.551115123126E-17));
#12468 = LINE('',#12469,#12470);
#12469 = CARTESIAN_POINT('',(3.4,-1.69,5.551115123126E-17));
#12470 = VECTOR('',#12471,1.);
#12471 = DIRECTION('',(1.,1.110223024625E-16,0.));
#12472 = ORIENTED_EDGE('',*,*,#12473,.T.);
#12473 = EDGE_CURVE('',#12466,#12474,#12476,.T.);
#12474 = VERTEX_POINT('',#12475);
#12475 = CARTESIAN_POINT('',(3.9,-1.69,0.15));
#12476 = LINE('',#12477,#12478);
#12477 = CARTESIAN_POINT('',(3.9,-1.69,5.551115123126E-17));
#12478 = VECTOR('',#12479,1.);
#12479 = DIRECTION('',(0.,0.,1.));
#12480 = ORIENTED_EDGE('',*,*,#12481,.T.);
#12481 = EDGE_CURVE('',#12474,#12482,#12484,.T.);
#12482 = VERTEX_POINT('',#12483);
#12483 = CARTESIAN_POINT('',(3.4,-1.69,0.15));
#12484 = LINE('',#12485,#12486);
#12485 = CARTESIAN_POINT('',(3.9,-1.69,0.15));
#12486 = VECTOR('',#12487,1.);
#12487 = DIRECTION('',(-1.,-1.110223024625E-16,0.));
#12488 = ORIENTED_EDGE('',*,*,#12489,.T.);
#12489 = EDGE_CURVE('',#12482,#12490,#12492,.T.);
#12490 = VERTEX_POINT('',#12491);
#12491 = CARTESIAN_POINT('',(3.301519224699,-1.69,0.232635182233));
#12492 = CIRCLE('',#12493,0.1);
#12493 = AXIS2_PLACEMENT_3D('',#12494,#12495,#12496);
#12494 = CARTESIAN_POINT('',(3.4,-1.69,0.25));
#12495 = DIRECTION('',(-1.110223024625E-16,1.,0.));
#12496 = DIRECTION('',(-4.440892098501E-15,-4.930380657631E-31,-1.));
#12497 = ORIENTED_EDGE('',*,*,#12498,.T.);
#12498 = EDGE_CURVE('',#12490,#12499,#12501,.T.);
#12499 = VERTEX_POINT('',#12500);
#12500 = CARTESIAN_POINT('',(3.18599757531,-1.69,0.918412044417));
#12501 = LINE('',#12502,#12503);
#12502 = CARTESIAN_POINT('',(3.301519224699,-1.69,0.232635182233));
#12503 = VECTOR('',#12504,1.);
#12504 = DIRECTION('',(-0.166113316671,-1.844228288654E-17,
    0.986106670713));
#12505 = ORIENTED_EDGE('',*,*,#12506,.T.);
#12506 = EDGE_CURVE('',#12499,#12315,#12507,.T.);
#12507 = CIRCLE('',#12508,0.25);
#12508 = AXIS2_PLACEMENT_3D('',#12509,#12510,#12511);
#12509 = CARTESIAN_POINT('',(2.939795637057,-1.69,0.875));
#12510 = DIRECTION('',(1.110223024625E-16,-1.,0.));
#12511 = DIRECTION('',(0.984807753012,1.093356242223E-16,0.173648177667)
  );
#12512 = ORIENTED_EDGE('',*,*,#12314,.T.);
#12513 = PLANE('',#12514);
#12514 = AXIS2_PLACEMENT_3D('',#12515,#12516,#12517);
#12515 = CARTESIAN_POINT('',(3.239006866307,-1.69,0.51440483827));
#12516 = DIRECTION('',(1.110223024625E-16,-1.,0.));
#12517 = DIRECTION('',(0.,0.,1.));
#12518 = ADVANCED_FACE('',(#12519),#12530,.F.);
#12519 = FACE_BOUND('',#12520,.F.);
#12520 = EDGE_LOOP('',(#12521,#12522,#12523,#12529));
#12521 = ORIENTED_EDGE('',*,*,#11284,.T.);
#12522 = ORIENTED_EDGE('',*,*,#12354,.T.);
#12523 = ORIENTED_EDGE('',*,*,#12524,.F.);
#12524 = EDGE_CURVE('',#12440,#12355,#12525,.T.);
#12525 = LINE('',#12526,#12527);
#12526 = CARTESIAN_POINT('',(3.038276412358,-1.69,0.892364817767));
#12527 = VECTOR('',#12528,1.);
#12528 = DIRECTION('',(1.110223024625E-16,-1.,0.));
#12529 = ORIENTED_EDGE('',*,*,#12439,.F.);
#12530 = CYLINDRICAL_SURFACE('',#12531,0.1);
#12531 = AXIS2_PLACEMENT_3D('',#12532,#12533,#12534);
#12532 = CARTESIAN_POINT('',(2.939795637057,-1.69,0.875));
#12533 = DIRECTION('',(-1.110223024625E-16,1.,0.));
#12534 = DIRECTION('',(0.,0.,1.));
#12535 = ADVANCED_FACE('',(#12536),#12547,.T.);
#12536 = FACE_BOUND('',#12537,.T.);
#12537 = EDGE_LOOP('',(#12538,#12539,#12545,#12546));
#12538 = ORIENTED_EDGE('',*,*,#11315,.T.);
#12539 = ORIENTED_EDGE('',*,*,#12540,.T.);
#12540 = EDGE_CURVE('',#11308,#11556,#12541,.T.);
#12541 = LINE('',#12542,#12543);
#12542 = CARTESIAN_POINT('',(2.939795637057,-0.85,1.125));
#12543 = VECTOR('',#12544,1.);
#12544 = DIRECTION('',(-1.,-1.110223024625E-16,0.));
#12545 = ORIENTED_EDGE('',*,*,#11555,.F.);
#12546 = ORIENTED_EDGE('',*,*,#12338,.F.);
#12547 = PLANE('',#12548);
#12548 = AXIS2_PLACEMENT_3D('',#12549,#12550,#12551);
#12549 = CARTESIAN_POINT('',(-2.64975,-3.785949974092E-16,1.125));
#12550 = DIRECTION('',(0.,0.,1.));
#12551 = DIRECTION('',(1.110218361881E-16,-1.,0.));
#12552 = ADVANCED_FACE('',(#12553),#12639,.T.);
#12553 = FACE_BOUND('',#12554,.T.);
#12554 = EDGE_LOOP('',(#12555,#12556,#12557,#12566,#12574,#12583,#12591,
    #12599,#12607,#12616,#12624,#12633));
#12555 = ORIENTED_EDGE('',*,*,#11307,.T.);
#12556 = ORIENTED_EDGE('',*,*,#11338,.T.);
#12557 = ORIENTED_EDGE('',*,*,#12558,.T.);
#12558 = EDGE_CURVE('',#11339,#12559,#12561,.T.);
#12559 = VERTEX_POINT('',#12560);
#12560 = CARTESIAN_POINT('',(3.038276412358,-0.85,0.892364817767));
#12561 = CIRCLE('',#12562,0.1);
#12562 = AXIS2_PLACEMENT_3D('',#12563,#12564,#12565);
#12563 = CARTESIAN_POINT('',(2.939795637057,-0.85,0.875));
#12564 = DIRECTION('',(-1.110223024625E-16,1.,0.));
#12565 = DIRECTION('',(0.,0.,1.));
#12566 = ORIENTED_EDGE('',*,*,#12567,.T.);
#12567 = EDGE_CURVE('',#12559,#12568,#12570,.T.);
#12568 = VERTEX_POINT('',#12569);
#12569 = CARTESIAN_POINT('',(3.153798061747,-0.85,0.206587955583));
#12570 = LINE('',#12571,#12572);
#12571 = CARTESIAN_POINT('',(3.038276412358,-0.85,0.892364817767));
#12572 = VECTOR('',#12573,1.);
#12573 = DIRECTION('',(0.166113316671,1.844228288654E-17,-0.986106670713
    ));
#12574 = ORIENTED_EDGE('',*,*,#12575,.T.);
#12575 = EDGE_CURVE('',#12568,#12576,#12578,.T.);
#12576 = VERTEX_POINT('',#12577);
#12577 = CARTESIAN_POINT('',(3.4,-0.85,5.551115123126E-17));
#12578 = CIRCLE('',#12579,0.25);
#12579 = AXIS2_PLACEMENT_3D('',#12580,#12581,#12582);
#12580 = CARTESIAN_POINT('',(3.4,-0.85,0.25));
#12581 = DIRECTION('',(1.110223024625E-16,-1.,0.));
#12582 = DIRECTION('',(-0.984807753012,-1.093356242223E-16,
    -0.173648177667));
#12583 = ORIENTED_EDGE('',*,*,#12584,.T.);
#12584 = EDGE_CURVE('',#12576,#12585,#12587,.T.);
#12585 = VERTEX_POINT('',#12586);
#12586 = CARTESIAN_POINT('',(3.9,-0.85,5.551115123126E-17));
#12587 = LINE('',#12588,#12589);
#12588 = CARTESIAN_POINT('',(3.4,-0.85,5.551115123126E-17));
#12589 = VECTOR('',#12590,1.);
#12590 = DIRECTION('',(1.,1.110223024625E-16,0.));
#12591 = ORIENTED_EDGE('',*,*,#12592,.T.);
#12592 = EDGE_CURVE('',#12585,#12593,#12595,.T.);
#12593 = VERTEX_POINT('',#12594);
#12594 = CARTESIAN_POINT('',(3.9,-0.85,0.15));
#12595 = LINE('',#12596,#12597);
#12596 = CARTESIAN_POINT('',(3.9,-0.85,5.551115123126E-17));
#12597 = VECTOR('',#12598,1.);
#12598 = DIRECTION('',(0.,0.,1.));
#12599 = ORIENTED_EDGE('',*,*,#12600,.T.);
#12600 = EDGE_CURVE('',#12593,#12601,#12603,.T.);
#12601 = VERTEX_POINT('',#12602);
#12602 = CARTESIAN_POINT('',(3.4,-0.85,0.15));
#12603 = LINE('',#12604,#12605);
#12604 = CARTESIAN_POINT('',(3.9,-0.85,0.15));
#12605 = VECTOR('',#12606,1.);
#12606 = DIRECTION('',(-1.,-1.110223024625E-16,0.));
#12607 = ORIENTED_EDGE('',*,*,#12608,.T.);
#12608 = EDGE_CURVE('',#12601,#12609,#12611,.T.);
#12609 = VERTEX_POINT('',#12610);
#12610 = CARTESIAN_POINT('',(3.301519224699,-0.85,0.232635182233));
#12611 = CIRCLE('',#12612,0.1);
#12612 = AXIS2_PLACEMENT_3D('',#12613,#12614,#12615);
#12613 = CARTESIAN_POINT('',(3.4,-0.85,0.25));
#12614 = DIRECTION('',(-1.110223024625E-16,1.,0.));
#12615 = DIRECTION('',(-4.440892098501E-15,-4.930380657631E-31,-1.));
#12616 = ORIENTED_EDGE('',*,*,#12617,.T.);
#12617 = EDGE_CURVE('',#12609,#12618,#12620,.T.);
#12618 = VERTEX_POINT('',#12619);
#12619 = CARTESIAN_POINT('',(3.18599757531,-0.85,0.918412044417));
#12620 = LINE('',#12621,#12622);
#12621 = CARTESIAN_POINT('',(3.301519224699,-0.85,0.232635182233));
#12622 = VECTOR('',#12623,1.);
#12623 = DIRECTION('',(-0.166113316671,-1.844228288654E-17,
    0.986106670713));
#12624 = ORIENTED_EDGE('',*,*,#12625,.T.);
#12625 = EDGE_CURVE('',#12618,#12626,#12628,.T.);
#12626 = VERTEX_POINT('',#12627);
#12627 = CARTESIAN_POINT('',(2.939795637057,-0.85,1.125));
#12628 = CIRCLE('',#12629,0.25);
#12629 = AXIS2_PLACEMENT_3D('',#12630,#12631,#12632);
#12630 = CARTESIAN_POINT('',(2.939795637057,-0.85,0.875));
#12631 = DIRECTION('',(1.110223024625E-16,-1.,0.));
#12632 = DIRECTION('',(0.984807753012,1.093356242223E-16,0.173648177667)
  );
#12633 = ORIENTED_EDGE('',*,*,#12634,.T.);
#12634 = EDGE_CURVE('',#12626,#11308,#12635,.T.);
#12635 = LINE('',#12636,#12637);
#12636 = CARTESIAN_POINT('',(2.939795637057,-0.85,1.125));
#12637 = VECTOR('',#12638,1.);
#12638 = DIRECTION('',(-1.,-1.110223024625E-16,0.));
#12639 = PLANE('',#12640);
#12640 = AXIS2_PLACEMENT_3D('',#12641,#12642,#12643);
#12641 = CARTESIAN_POINT('',(3.239006866307,-0.85,0.51440483827));
#12642 = DIRECTION('',(1.110223024625E-16,-1.,0.));
#12643 = DIRECTION('',(0.,0.,1.));
#12644 = ADVANCED_FACE('',(#12645),#12731,.F.);
#12645 = FACE_BOUND('',#12646,.F.);
#12646 = EDGE_LOOP('',(#12647,#12648,#12649,#12658,#12666,#12675,#12683,
    #12691,#12699,#12708,#12716,#12725));
#12647 = ORIENTED_EDGE('',*,*,#11360,.T.);
#12648 = ORIENTED_EDGE('',*,*,#11329,.T.);
#12649 = ORIENTED_EDGE('',*,*,#12650,.T.);
#12650 = EDGE_CURVE('',#11330,#12651,#12653,.T.);
#12651 = VERTEX_POINT('',#12652);
#12652 = CARTESIAN_POINT('',(3.038276412358,-0.42,0.892364817767));
#12653 = CIRCLE('',#12654,0.1);
#12654 = AXIS2_PLACEMENT_3D('',#12655,#12656,#12657);
#12655 = CARTESIAN_POINT('',(2.939795637057,-0.42,0.875));
#12656 = DIRECTION('',(-1.110223024625E-16,1.,0.));
#12657 = DIRECTION('',(0.,0.,1.));
#12658 = ORIENTED_EDGE('',*,*,#12659,.T.);
#12659 = EDGE_CURVE('',#12651,#12660,#12662,.T.);
#12660 = VERTEX_POINT('',#12661);
#12661 = CARTESIAN_POINT('',(3.153798061747,-0.42,0.206587955583));
#12662 = LINE('',#12663,#12664);
#12663 = CARTESIAN_POINT('',(3.038276412358,-0.42,0.892364817767));
#12664 = VECTOR('',#12665,1.);
#12665 = DIRECTION('',(0.166113316671,1.844228288654E-17,-0.986106670713
    ));
#12666 = ORIENTED_EDGE('',*,*,#12667,.T.);
#12667 = EDGE_CURVE('',#12660,#12668,#12670,.T.);
#12668 = VERTEX_POINT('',#12669);
#12669 = CARTESIAN_POINT('',(3.4,-0.42,5.551115123126E-17));
#12670 = CIRCLE('',#12671,0.25);
#12671 = AXIS2_PLACEMENT_3D('',#12672,#12673,#12674);
#12672 = CARTESIAN_POINT('',(3.4,-0.42,0.25));
#12673 = DIRECTION('',(1.110223024625E-16,-1.,0.));
#12674 = DIRECTION('',(-0.984807753012,-1.093356242223E-16,
    -0.173648177667));
#12675 = ORIENTED_EDGE('',*,*,#12676,.T.);
#12676 = EDGE_CURVE('',#12668,#12677,#12679,.T.);
#12677 = VERTEX_POINT('',#12678);
#12678 = CARTESIAN_POINT('',(3.9,-0.42,5.551115123126E-17));
#12679 = LINE('',#12680,#12681);
#12680 = CARTESIAN_POINT('',(3.4,-0.42,5.551115123126E-17));
#12681 = VECTOR('',#12682,1.);
#12682 = DIRECTION('',(1.,1.110223024625E-16,0.));
#12683 = ORIENTED_EDGE('',*,*,#12684,.T.);
#12684 = EDGE_CURVE('',#12677,#12685,#12687,.T.);
#12685 = VERTEX_POINT('',#12686);
#12686 = CARTESIAN_POINT('',(3.9,-0.42,0.15));
#12687 = LINE('',#12688,#12689);
#12688 = CARTESIAN_POINT('',(3.9,-0.42,5.551115123126E-17));
#12689 = VECTOR('',#12690,1.);
#12690 = DIRECTION('',(0.,0.,1.));
#12691 = ORIENTED_EDGE('',*,*,#12692,.T.);
#12692 = EDGE_CURVE('',#12685,#12693,#12695,.T.);
#12693 = VERTEX_POINT('',#12694);
#12694 = CARTESIAN_POINT('',(3.4,-0.42,0.15));
#12695 = LINE('',#12696,#12697);
#12696 = CARTESIAN_POINT('',(3.9,-0.42,0.15));
#12697 = VECTOR('',#12698,1.);
#12698 = DIRECTION('',(-1.,-1.110223024625E-16,0.));
#12699 = ORIENTED_EDGE('',*,*,#12700,.T.);
#12700 = EDGE_CURVE('',#12693,#12701,#12703,.T.);
#12701 = VERTEX_POINT('',#12702);
#12702 = CARTESIAN_POINT('',(3.301519224699,-0.42,0.232635182233));
#12703 = CIRCLE('',#12704,0.1);
#12704 = AXIS2_PLACEMENT_3D('',#12705,#12706,#12707);
#12705 = CARTESIAN_POINT('',(3.4,-0.42,0.25));
#12706 = DIRECTION('',(-1.110223024625E-16,1.,0.));
#12707 = DIRECTION('',(-4.440892098501E-15,-4.930380657631E-31,-1.));
#12708 = ORIENTED_EDGE('',*,*,#12709,.T.);
#12709 = EDGE_CURVE('',#12701,#12710,#12712,.T.);
#12710 = VERTEX_POINT('',#12711);
#12711 = CARTESIAN_POINT('',(3.18599757531,-0.42,0.918412044417));
#12712 = LINE('',#12713,#12714);
#12713 = CARTESIAN_POINT('',(3.301519224699,-0.42,0.232635182233));
#12714 = VECTOR('',#12715,1.);
#12715 = DIRECTION('',(-0.166113316671,-1.844228288654E-17,
    0.986106670713));
#12716 = ORIENTED_EDGE('',*,*,#12717,.T.);
#12717 = EDGE_CURVE('',#12710,#12718,#12720,.T.);
#12718 = VERTEX_POINT('',#12719);
#12719 = CARTESIAN_POINT('',(2.939795637057,-0.42,1.125));
#12720 = CIRCLE('',#12721,0.25);
#12721 = AXIS2_PLACEMENT_3D('',#12722,#12723,#12724);
#12722 = CARTESIAN_POINT('',(2.939795637057,-0.42,0.875));
#12723 = DIRECTION('',(1.110223024625E-16,-1.,0.));
#12724 = DIRECTION('',(0.984807753012,1.093356242223E-16,0.173648177667)
  );
#12725 = ORIENTED_EDGE('',*,*,#12726,.T.);
#12726 = EDGE_CURVE('',#12718,#11361,#12727,.T.);
#12727 = LINE('',#12728,#12729);
#12728 = CARTESIAN_POINT('',(2.939795637057,-0.42,1.125));
#12729 = VECTOR('',#12730,1.);
#12730 = DIRECTION('',(-1.,-1.110223024625E-16,0.));
#12731 = PLANE('',#12732);
#12732 = AXIS2_PLACEMENT_3D('',#12733,#12734,#12735);
#12733 = CARTESIAN_POINT('',(3.239006866307,-0.42,0.51440483827));
#12734 = DIRECTION('',(1.110223024625E-16,-1.,0.));
#12735 = DIRECTION('',(0.,0.,1.));
#12736 = ADVANCED_FACE('',(#12737),#12748,.F.);
#12737 = FACE_BOUND('',#12738,.F.);
#12738 = EDGE_LOOP('',(#12739,#12740,#12741,#12747));
#12739 = ORIENTED_EDGE('',*,*,#11346,.T.);
#12740 = ORIENTED_EDGE('',*,*,#12558,.T.);
#12741 = ORIENTED_EDGE('',*,*,#12742,.F.);
#12742 = EDGE_CURVE('',#12651,#12559,#12743,.T.);
#12743 = LINE('',#12744,#12745);
#12744 = CARTESIAN_POINT('',(3.038276412358,-0.42,0.892364817767));
#12745 = VECTOR('',#12746,1.);
#12746 = DIRECTION('',(1.110223024625E-16,-1.,0.));
#12747 = ORIENTED_EDGE('',*,*,#12650,.F.);
#12748 = CYLINDRICAL_SURFACE('',#12749,0.1);
#12749 = AXIS2_PLACEMENT_3D('',#12750,#12751,#12752);
#12750 = CARTESIAN_POINT('',(2.939795637057,-0.42,0.875));
#12751 = DIRECTION('',(-1.110223024625E-16,1.,0.));
#12752 = DIRECTION('',(0.,0.,1.));
#12753 = ADVANCED_FACE('',(#12754),#12770,.T.);
#12754 = FACE_BOUND('',#12755,.T.);
#12755 = EDGE_LOOP('',(#12756,#12757,#12763,#12764));
#12756 = ORIENTED_EDGE('',*,*,#11377,.T.);
#12757 = ORIENTED_EDGE('',*,*,#12758,.T.);
#12758 = EDGE_CURVE('',#11370,#11572,#12759,.T.);
#12759 = LINE('',#12760,#12761);
#12760 = CARTESIAN_POINT('',(2.939795637057,0.42,1.125));
#12761 = VECTOR('',#12762,1.);
#12762 = DIRECTION('',(-1.,-1.110223024625E-16,0.));
#12763 = ORIENTED_EDGE('',*,*,#11571,.F.);
#12764 = ORIENTED_EDGE('',*,*,#12765,.F.);
#12765 = EDGE_CURVE('',#11361,#11564,#12766,.T.);
#12766 = LINE('',#12767,#12768);
#12767 = CARTESIAN_POINT('',(2.939795637057,-0.42,1.125));
#12768 = VECTOR('',#12769,1.);
#12769 = DIRECTION('',(-1.,-1.110223024625E-16,0.));
#12770 = PLANE('',#12771);
#12771 = AXIS2_PLACEMENT_3D('',#12772,#12773,#12774);
#12772 = CARTESIAN_POINT('',(-2.64975,-3.785949974092E-16,1.125));
#12773 = DIRECTION('',(0.,0.,1.));
#12774 = DIRECTION('',(1.110218361881E-16,-1.,0.));
#12775 = ADVANCED_FACE('',(#12776),#12862,.T.);
#12776 = FACE_BOUND('',#12777,.T.);
#12777 = EDGE_LOOP('',(#12778,#12779,#12780,#12789,#12797,#12806,#12814,
    #12822,#12830,#12839,#12847,#12856));
#12778 = ORIENTED_EDGE('',*,*,#11369,.T.);
#12779 = ORIENTED_EDGE('',*,*,#11400,.T.);
#12780 = ORIENTED_EDGE('',*,*,#12781,.T.);
#12781 = EDGE_CURVE('',#11401,#12782,#12784,.T.);
#12782 = VERTEX_POINT('',#12783);
#12783 = CARTESIAN_POINT('',(3.038276412358,0.42,0.892364817767));
#12784 = CIRCLE('',#12785,0.1);
#12785 = AXIS2_PLACEMENT_3D('',#12786,#12787,#12788);
#12786 = CARTESIAN_POINT('',(2.939795637057,0.42,0.875));
#12787 = DIRECTION('',(-1.110223024625E-16,1.,0.));
#12788 = DIRECTION('',(0.,0.,1.));
#12789 = ORIENTED_EDGE('',*,*,#12790,.T.);
#12790 = EDGE_CURVE('',#12782,#12791,#12793,.T.);
#12791 = VERTEX_POINT('',#12792);
#12792 = CARTESIAN_POINT('',(3.153798061747,0.42,0.206587955583));
#12793 = LINE('',#12794,#12795);
#12794 = CARTESIAN_POINT('',(3.038276412358,0.42,0.892364817767));
#12795 = VECTOR('',#12796,1.);
#12796 = DIRECTION('',(0.166113316671,1.844228288654E-17,-0.986106670713
    ));
#12797 = ORIENTED_EDGE('',*,*,#12798,.T.);
#12798 = EDGE_CURVE('',#12791,#12799,#12801,.T.);
#12799 = VERTEX_POINT('',#12800);
#12800 = CARTESIAN_POINT('',(3.4,0.42,5.551115123126E-17));
#12801 = CIRCLE('',#12802,0.25);
#12802 = AXIS2_PLACEMENT_3D('',#12803,#12804,#12805);
#12803 = CARTESIAN_POINT('',(3.4,0.42,0.25));
#12804 = DIRECTION('',(1.110223024625E-16,-1.,0.));
#12805 = DIRECTION('',(-0.984807753012,-1.093356242223E-16,
    -0.173648177667));
#12806 = ORIENTED_EDGE('',*,*,#12807,.T.);
#12807 = EDGE_CURVE('',#12799,#12808,#12810,.T.);
#12808 = VERTEX_POINT('',#12809);
#12809 = CARTESIAN_POINT('',(3.9,0.42,5.551115123126E-17));
#12810 = LINE('',#12811,#12812);
#12811 = CARTESIAN_POINT('',(3.4,0.42,5.551115123126E-17));
#12812 = VECTOR('',#12813,1.);
#12813 = DIRECTION('',(1.,1.110223024625E-16,0.));
#12814 = ORIENTED_EDGE('',*,*,#12815,.T.);
#12815 = EDGE_CURVE('',#12808,#12816,#12818,.T.);
#12816 = VERTEX_POINT('',#12817);
#12817 = CARTESIAN_POINT('',(3.9,0.42,0.15));
#12818 = LINE('',#12819,#12820);
#12819 = CARTESIAN_POINT('',(3.9,0.42,5.551115123126E-17));
#12820 = VECTOR('',#12821,1.);
#12821 = DIRECTION('',(0.,0.,1.));
#12822 = ORIENTED_EDGE('',*,*,#12823,.T.);
#12823 = EDGE_CURVE('',#12816,#12824,#12826,.T.);
#12824 = VERTEX_POINT('',#12825);
#12825 = CARTESIAN_POINT('',(3.4,0.42,0.15));
#12826 = LINE('',#12827,#12828);
#12827 = CARTESIAN_POINT('',(3.9,0.42,0.15));
#12828 = VECTOR('',#12829,1.);
#12829 = DIRECTION('',(-1.,-1.110223024625E-16,0.));
#12830 = ORIENTED_EDGE('',*,*,#12831,.T.);
#12831 = EDGE_CURVE('',#12824,#12832,#12834,.T.);
#12832 = VERTEX_POINT('',#12833);
#12833 = CARTESIAN_POINT('',(3.301519224699,0.42,0.232635182233));
#12834 = CIRCLE('',#12835,0.1);
#12835 = AXIS2_PLACEMENT_3D('',#12836,#12837,#12838);
#12836 = CARTESIAN_POINT('',(3.4,0.42,0.25));
#12837 = DIRECTION('',(-1.110223024625E-16,1.,0.));
#12838 = DIRECTION('',(-4.440892098501E-15,-4.930380657631E-31,-1.));
#12839 = ORIENTED_EDGE('',*,*,#12840,.T.);
#12840 = EDGE_CURVE('',#12832,#12841,#12843,.T.);
#12841 = VERTEX_POINT('',#12842);
#12842 = CARTESIAN_POINT('',(3.18599757531,0.42,0.918412044417));
#12843 = LINE('',#12844,#12845);
#12844 = CARTESIAN_POINT('',(3.301519224699,0.42,0.232635182233));
#12845 = VECTOR('',#12846,1.);
#12846 = DIRECTION('',(-0.166113316671,-1.844228288654E-17,
    0.986106670713));
#12847 = ORIENTED_EDGE('',*,*,#12848,.T.);
#12848 = EDGE_CURVE('',#12841,#12849,#12851,.T.);
#12849 = VERTEX_POINT('',#12850);
#12850 = CARTESIAN_POINT('',(2.939795637057,0.42,1.125));
#12851 = CIRCLE('',#12852,0.25);
#12852 = AXIS2_PLACEMENT_3D('',#12853,#12854,#12855);
#12853 = CARTESIAN_POINT('',(2.939795637057,0.42,0.875));
#12854 = DIRECTION('',(1.110223024625E-16,-1.,0.));
#12855 = DIRECTION('',(0.984807753012,1.093356242223E-16,0.173648177667)
  );
#12856 = ORIENTED_EDGE('',*,*,#12857,.T.);
#12857 = EDGE_CURVE('',#12849,#11370,#12858,.T.);
#12858 = LINE('',#12859,#12860);
#12859 = CARTESIAN_POINT('',(2.939795637057,0.42,1.125));
#12860 = VECTOR('',#12861,1.);
#12861 = DIRECTION('',(-1.,-1.110223024625E-16,0.));
#12862 = PLANE('',#12863);
#12863 = AXIS2_PLACEMENT_3D('',#12864,#12865,#12866);
#12864 = CARTESIAN_POINT('',(3.239006866307,0.42,0.51440483827));
#12865 = DIRECTION('',(1.110223024625E-16,-1.,0.));
#12866 = DIRECTION('',(0.,0.,1.));
#12867 = ADVANCED_FACE('',(#12868),#12954,.F.);
#12868 = FACE_BOUND('',#12869,.F.);
#12869 = EDGE_LOOP('',(#12870,#12871,#12872,#12881,#12889,#12898,#12906,
    #12914,#12922,#12931,#12939,#12948));
#12870 = ORIENTED_EDGE('',*,*,#11422,.T.);
#12871 = ORIENTED_EDGE('',*,*,#11391,.T.);
#12872 = ORIENTED_EDGE('',*,*,#12873,.T.);
#12873 = EDGE_CURVE('',#11392,#12874,#12876,.T.);
#12874 = VERTEX_POINT('',#12875);
#12875 = CARTESIAN_POINT('',(3.038276412358,0.85,0.892364817767));
#12876 = CIRCLE('',#12877,0.1);
#12877 = AXIS2_PLACEMENT_3D('',#12878,#12879,#12880);
#12878 = CARTESIAN_POINT('',(2.939795637057,0.85,0.875));
#12879 = DIRECTION('',(-1.110223024625E-16,1.,0.));
#12880 = DIRECTION('',(0.,0.,1.));
#12881 = ORIENTED_EDGE('',*,*,#12882,.T.);
#12882 = EDGE_CURVE('',#12874,#12883,#12885,.T.);
#12883 = VERTEX_POINT('',#12884);
#12884 = CARTESIAN_POINT('',(3.153798061747,0.85,0.206587955583));
#12885 = LINE('',#12886,#12887);
#12886 = CARTESIAN_POINT('',(3.038276412358,0.85,0.892364817767));
#12887 = VECTOR('',#12888,1.);
#12888 = DIRECTION('',(0.166113316671,1.844228288654E-17,-0.986106670713
    ));
#12889 = ORIENTED_EDGE('',*,*,#12890,.T.);
#12890 = EDGE_CURVE('',#12883,#12891,#12893,.T.);
#12891 = VERTEX_POINT('',#12892);
#12892 = CARTESIAN_POINT('',(3.4,0.85,5.551115123126E-17));
#12893 = CIRCLE('',#12894,0.25);
#12894 = AXIS2_PLACEMENT_3D('',#12895,#12896,#12897);
#12895 = CARTESIAN_POINT('',(3.4,0.85,0.25));
#12896 = DIRECTION('',(1.110223024625E-16,-1.,0.));
#12897 = DIRECTION('',(-0.984807753012,-1.093356242223E-16,
    -0.173648177667));
#12898 = ORIENTED_EDGE('',*,*,#12899,.T.);
#12899 = EDGE_CURVE('',#12891,#12900,#12902,.T.);
#12900 = VERTEX_POINT('',#12901);
#12901 = CARTESIAN_POINT('',(3.9,0.85,5.551115123126E-17));
#12902 = LINE('',#12903,#12904);
#12903 = CARTESIAN_POINT('',(3.4,0.85,5.551115123126E-17));
#12904 = VECTOR('',#12905,1.);
#12905 = DIRECTION('',(1.,1.110223024625E-16,0.));
#12906 = ORIENTED_EDGE('',*,*,#12907,.T.);
#12907 = EDGE_CURVE('',#12900,#12908,#12910,.T.);
#12908 = VERTEX_POINT('',#12909);
#12909 = CARTESIAN_POINT('',(3.9,0.85,0.15));
#12910 = LINE('',#12911,#12912);
#12911 = CARTESIAN_POINT('',(3.9,0.85,5.551115123126E-17));
#12912 = VECTOR('',#12913,1.);
#12913 = DIRECTION('',(0.,0.,1.));
#12914 = ORIENTED_EDGE('',*,*,#12915,.T.);
#12915 = EDGE_CURVE('',#12908,#12916,#12918,.T.);
#12916 = VERTEX_POINT('',#12917);
#12917 = CARTESIAN_POINT('',(3.4,0.85,0.15));
#12918 = LINE('',#12919,#12920);
#12919 = CARTESIAN_POINT('',(3.9,0.85,0.15));
#12920 = VECTOR('',#12921,1.);
#12921 = DIRECTION('',(-1.,-1.110223024625E-16,0.));
#12922 = ORIENTED_EDGE('',*,*,#12923,.T.);
#12923 = EDGE_CURVE('',#12916,#12924,#12926,.T.);
#12924 = VERTEX_POINT('',#12925);
#12925 = CARTESIAN_POINT('',(3.301519224699,0.85,0.232635182233));
#12926 = CIRCLE('',#12927,0.1);
#12927 = AXIS2_PLACEMENT_3D('',#12928,#12929,#12930);
#12928 = CARTESIAN_POINT('',(3.4,0.85,0.25));
#12929 = DIRECTION('',(-1.110223024625E-16,1.,0.));
#12930 = DIRECTION('',(-4.440892098501E-15,-4.930380657631E-31,-1.));
#12931 = ORIENTED_EDGE('',*,*,#12932,.T.);
#12932 = EDGE_CURVE('',#12924,#12933,#12935,.T.);
#12933 = VERTEX_POINT('',#12934);
#12934 = CARTESIAN_POINT('',(3.18599757531,0.85,0.918412044417));
#12935 = LINE('',#12936,#12937);
#12936 = CARTESIAN_POINT('',(3.301519224699,0.85,0.232635182233));
#12937 = VECTOR('',#12938,1.);
#12938 = DIRECTION('',(-0.166113316671,-1.844228288654E-17,
    0.986106670713));
#12939 = ORIENTED_EDGE('',*,*,#12940,.T.);
#12940 = EDGE_CURVE('',#12933,#12941,#12943,.T.);
#12941 = VERTEX_POINT('',#12942);
#12942 = CARTESIAN_POINT('',(2.939795637057,0.85,1.125));
#12943 = CIRCLE('',#12944,0.25);
#12944 = AXIS2_PLACEMENT_3D('',#12945,#12946,#12947);
#12945 = CARTESIAN_POINT('',(2.939795637057,0.85,0.875));
#12946 = DIRECTION('',(1.110223024625E-16,-1.,0.));
#12947 = DIRECTION('',(0.984807753012,1.093356242223E-16,0.173648177667)
  );
#12948 = ORIENTED_EDGE('',*,*,#12949,.T.);
#12949 = EDGE_CURVE('',#12941,#11423,#12950,.T.);
#12950 = LINE('',#12951,#12952);
#12951 = CARTESIAN_POINT('',(2.939795637057,0.85,1.125));
#12952 = VECTOR('',#12953,1.);
#12953 = DIRECTION('',(-1.,-1.110223024625E-16,0.));
#12954 = PLANE('',#12955);
#12955 = AXIS2_PLACEMENT_3D('',#12956,#12957,#12958);
#12956 = CARTESIAN_POINT('',(3.239006866307,0.85,0.51440483827));
#12957 = DIRECTION('',(1.110223024625E-16,-1.,0.));
#12958 = DIRECTION('',(0.,0.,1.));
#12959 = ADVANCED_FACE('',(#12960),#12971,.F.);
#12960 = FACE_BOUND('',#12961,.F.);
#12961 = EDGE_LOOP('',(#12962,#12963,#12964,#12970));
#12962 = ORIENTED_EDGE('',*,*,#11408,.T.);
#12963 = ORIENTED_EDGE('',*,*,#12781,.T.);
#12964 = ORIENTED_EDGE('',*,*,#12965,.F.);
#12965 = EDGE_CURVE('',#12874,#12782,#12966,.T.);
#12966 = LINE('',#12967,#12968);
#12967 = CARTESIAN_POINT('',(3.038276412358,0.85,0.892364817767));
#12968 = VECTOR('',#12969,1.);
#12969 = DIRECTION('',(1.110223024625E-16,-1.,0.));
#12970 = ORIENTED_EDGE('',*,*,#12873,.F.);
#12971 = CYLINDRICAL_SURFACE('',#12972,0.1);
#12972 = AXIS2_PLACEMENT_3D('',#12973,#12974,#12975);
#12973 = CARTESIAN_POINT('',(2.939795637057,0.85,0.875));
#12974 = DIRECTION('',(-1.110223024625E-16,1.,0.));
#12975 = DIRECTION('',(0.,0.,1.));
#12976 = ADVANCED_FACE('',(#12977),#12988,.T.);
#12977 = FACE_BOUND('',#12978,.T.);
#12978 = EDGE_LOOP('',(#12979,#12980,#12981,#12982));
#12979 = ORIENTED_EDGE('',*,*,#11439,.T.);
#12980 = ORIENTED_EDGE('',*,*,#11523,.T.);
#12981 = ORIENTED_EDGE('',*,*,#11587,.F.);
#12982 = ORIENTED_EDGE('',*,*,#12983,.F.);
#12983 = EDGE_CURVE('',#11423,#11580,#12984,.T.);
#12984 = LINE('',#12985,#12986);
#12985 = CARTESIAN_POINT('',(2.939795637057,0.85,1.125));
#12986 = VECTOR('',#12987,1.);
#12987 = DIRECTION('',(-1.,-1.110223024625E-16,0.));
#12988 = PLANE('',#12989);
#12989 = AXIS2_PLACEMENT_3D('',#12990,#12991,#12992);
#12990 = CARTESIAN_POINT('',(-2.64975,-3.785949974092E-16,1.125));
#12991 = DIRECTION('',(0.,0.,1.));
#12992 = DIRECTION('',(1.110218361881E-16,-1.,0.));
#12993 = ADVANCED_FACE('',(#12994),#13073,.T.);
#12994 = FACE_BOUND('',#12995,.T.);
#12995 = EDGE_LOOP('',(#12996,#12997,#12998,#13007,#13015,#13024,#13032,
    #13040,#13048,#13057,#13065,#13072));
#12996 = ORIENTED_EDGE('',*,*,#11431,.T.);
#12997 = ORIENTED_EDGE('',*,*,#11462,.T.);
#12998 = ORIENTED_EDGE('',*,*,#12999,.T.);
#12999 = EDGE_CURVE('',#11463,#13000,#13002,.T.);
#13000 = VERTEX_POINT('',#13001);
#13001 = CARTESIAN_POINT('',(3.038276412358,1.69,0.892364817767));
#13002 = CIRCLE('',#13003,0.1);
#13003 = AXIS2_PLACEMENT_3D('',#13004,#13005,#13006);
#13004 = CARTESIAN_POINT('',(2.939795637057,1.69,0.875));
#13005 = DIRECTION('',(-1.110223024625E-16,1.,0.));
#13006 = DIRECTION('',(0.,0.,1.));
#13007 = ORIENTED_EDGE('',*,*,#13008,.T.);
#13008 = EDGE_CURVE('',#13000,#13009,#13011,.T.);
#13009 = VERTEX_POINT('',#13010);
#13010 = CARTESIAN_POINT('',(3.153798061747,1.69,0.206587955583));
#13011 = LINE('',#13012,#13013);
#13012 = CARTESIAN_POINT('',(3.038276412358,1.69,0.892364817767));
#13013 = VECTOR('',#13014,1.);
#13014 = DIRECTION('',(0.166113316671,1.844228288654E-17,-0.986106670713
    ));
#13015 = ORIENTED_EDGE('',*,*,#13016,.T.);
#13016 = EDGE_CURVE('',#13009,#13017,#13019,.T.);
#13017 = VERTEX_POINT('',#13018);
#13018 = CARTESIAN_POINT('',(3.4,1.69,5.551115123126E-17));
#13019 = CIRCLE('',#13020,0.25);
#13020 = AXIS2_PLACEMENT_3D('',#13021,#13022,#13023);
#13021 = CARTESIAN_POINT('',(3.4,1.69,0.25));
#13022 = DIRECTION('',(1.110223024625E-16,-1.,0.));
#13023 = DIRECTION('',(-0.984807753012,-1.093356242223E-16,
    -0.173648177667));
#13024 = ORIENTED_EDGE('',*,*,#13025,.T.);
#13025 = EDGE_CURVE('',#13017,#13026,#13028,.T.);
#13026 = VERTEX_POINT('',#13027);
#13027 = CARTESIAN_POINT('',(3.9,1.69,5.551115123126E-17));
#13028 = LINE('',#13029,#13030);
#13029 = CARTESIAN_POINT('',(3.4,1.69,5.551115123126E-17));
#13030 = VECTOR('',#13031,1.);
#13031 = DIRECTION('',(1.,1.110223024625E-16,0.));
#13032 = ORIENTED_EDGE('',*,*,#13033,.T.);
#13033 = EDGE_CURVE('',#13026,#13034,#13036,.T.);
#13034 = VERTEX_POINT('',#13035);
#13035 = CARTESIAN_POINT('',(3.9,1.69,0.15));
#13036 = LINE('',#13037,#13038);
#13037 = CARTESIAN_POINT('',(3.9,1.69,5.551115123126E-17));
#13038 = VECTOR('',#13039,1.);
#13039 = DIRECTION('',(0.,0.,1.));
#13040 = ORIENTED_EDGE('',*,*,#13041,.T.);
#13041 = EDGE_CURVE('',#13034,#13042,#13044,.T.);
#13042 = VERTEX_POINT('',#13043);
#13043 = CARTESIAN_POINT('',(3.4,1.69,0.15));
#13044 = LINE('',#13045,#13046);
#13045 = CARTESIAN_POINT('',(3.9,1.69,0.15));
#13046 = VECTOR('',#13047,1.);
#13047 = DIRECTION('',(-1.,-1.110223024625E-16,0.));
#13048 = ORIENTED_EDGE('',*,*,#13049,.T.);
#13049 = EDGE_CURVE('',#13042,#13050,#13052,.T.);
#13050 = VERTEX_POINT('',#13051);
#13051 = CARTESIAN_POINT('',(3.301519224699,1.69,0.232635182233));
#13052 = CIRCLE('',#13053,0.1);
#13053 = AXIS2_PLACEMENT_3D('',#13054,#13055,#13056);
#13054 = CARTESIAN_POINT('',(3.4,1.69,0.25));
#13055 = DIRECTION('',(-1.110223024625E-16,1.,0.));
#13056 = DIRECTION('',(-4.440892098501E-15,-4.930380657631E-31,-1.));
#13057 = ORIENTED_EDGE('',*,*,#13058,.T.);
#13058 = EDGE_CURVE('',#13050,#13059,#13061,.T.);
#13059 = VERTEX_POINT('',#13060);
#13060 = CARTESIAN_POINT('',(3.18599757531,1.69,0.918412044417));
#13061 = LINE('',#13062,#13063);
#13062 = CARTESIAN_POINT('',(3.301519224699,1.69,0.232635182233));
#13063 = VECTOR('',#13064,1.);
#13064 = DIRECTION('',(-0.166113316671,-1.844228288654E-17,
    0.986106670713));
#13065 = ORIENTED_EDGE('',*,*,#13066,.T.);
#13066 = EDGE_CURVE('',#13059,#11510,#13067,.T.);
#13067 = CIRCLE('',#13068,0.25);
#13068 = AXIS2_PLACEMENT_3D('',#13069,#13070,#13071);
#13069 = CARTESIAN_POINT('',(2.939795637057,1.69,0.875));
#13070 = DIRECTION('',(1.110223024625E-16,-1.,0.));
#13071 = DIRECTION('',(0.984807753012,1.093356242223E-16,0.173648177667)
  );
#13072 = ORIENTED_EDGE('',*,*,#11517,.T.);
#13073 = PLANE('',#13074);
#13074 = AXIS2_PLACEMENT_3D('',#13075,#13076,#13077);
#13075 = CARTESIAN_POINT('',(3.239006866307,1.69,0.51440483827));
#13076 = DIRECTION('',(1.110223024625E-16,-1.,0.));
#13077 = DIRECTION('',(0.,0.,1.));
#13078 = ADVANCED_FACE('',(#13079),#13158,.F.);
#13079 = FACE_BOUND('',#13080,.F.);
#13080 = EDGE_LOOP('',(#13081,#13082,#13083,#13092,#13100,#13109,#13117,
    #13125,#13133,#13142,#13150,#13157));
#13081 = ORIENTED_EDGE('',*,*,#11484,.T.);
#13082 = ORIENTED_EDGE('',*,*,#11453,.T.);
#13083 = ORIENTED_EDGE('',*,*,#13084,.T.);
#13084 = EDGE_CURVE('',#11454,#13085,#13087,.T.);
#13085 = VERTEX_POINT('',#13086);
#13086 = CARTESIAN_POINT('',(3.038276412358,2.12,0.892364817767));
#13087 = CIRCLE('',#13088,0.1);
#13088 = AXIS2_PLACEMENT_3D('',#13089,#13090,#13091);
#13089 = CARTESIAN_POINT('',(2.939795637057,2.12,0.875));
#13090 = DIRECTION('',(-1.110223024625E-16,1.,0.));
#13091 = DIRECTION('',(0.,0.,1.));
#13092 = ORIENTED_EDGE('',*,*,#13093,.T.);
#13093 = EDGE_CURVE('',#13085,#13094,#13096,.T.);
#13094 = VERTEX_POINT('',#13095);
#13095 = CARTESIAN_POINT('',(3.153798061747,2.12,0.206587955583));
#13096 = LINE('',#13097,#13098);
#13097 = CARTESIAN_POINT('',(3.038276412358,2.12,0.892364817767));
#13098 = VECTOR('',#13099,1.);
#13099 = DIRECTION('',(0.166113316671,1.844228288654E-17,-0.986106670713
    ));
#13100 = ORIENTED_EDGE('',*,*,#13101,.T.);
#13101 = EDGE_CURVE('',#13094,#13102,#13104,.T.);
#13102 = VERTEX_POINT('',#13103);
#13103 = CARTESIAN_POINT('',(3.4,2.12,5.551115123126E-17));
#13104 = CIRCLE('',#13105,0.25);
#13105 = AXIS2_PLACEMENT_3D('',#13106,#13107,#13108);
#13106 = CARTESIAN_POINT('',(3.4,2.12,0.25));
#13107 = DIRECTION('',(1.110223024625E-16,-1.,0.));
#13108 = DIRECTION('',(-0.984807753012,-1.093356242223E-16,
    -0.173648177667));
#13109 = ORIENTED_EDGE('',*,*,#13110,.T.);
#13110 = EDGE_CURVE('',#13102,#13111,#13113,.T.);
#13111 = VERTEX_POINT('',#13112);
#13112 = CARTESIAN_POINT('',(3.9,2.12,5.551115123126E-17));
#13113 = LINE('',#13114,#13115);
#13114 = CARTESIAN_POINT('',(3.4,2.12,5.551115123126E-17));
#13115 = VECTOR('',#13116,1.);
#13116 = DIRECTION('',(1.,1.110223024625E-16,0.));
#13117 = ORIENTED_EDGE('',*,*,#13118,.T.);
#13118 = EDGE_CURVE('',#13111,#13119,#13121,.T.);
#13119 = VERTEX_POINT('',#13120);
#13120 = CARTESIAN_POINT('',(3.9,2.12,0.15));
#13121 = LINE('',#13122,#13123);
#13122 = CARTESIAN_POINT('',(3.9,2.12,5.551115123126E-17));
#13123 = VECTOR('',#13124,1.);
#13124 = DIRECTION('',(0.,0.,1.));
#13125 = ORIENTED_EDGE('',*,*,#13126,.T.);
#13126 = EDGE_CURVE('',#13119,#13127,#13129,.T.);
#13127 = VERTEX_POINT('',#13128);
#13128 = CARTESIAN_POINT('',(3.4,2.12,0.15));
#13129 = LINE('',#13130,#13131);
#13130 = CARTESIAN_POINT('',(3.9,2.12,0.15));
#13131 = VECTOR('',#13132,1.);
#13132 = DIRECTION('',(-1.,-1.110223024625E-16,0.));
#13133 = ORIENTED_EDGE('',*,*,#13134,.T.);
#13134 = EDGE_CURVE('',#13127,#13135,#13137,.T.);
#13135 = VERTEX_POINT('',#13136);
#13136 = CARTESIAN_POINT('',(3.301519224699,2.12,0.232635182233));
#13137 = CIRCLE('',#13138,0.1);
#13138 = AXIS2_PLACEMENT_3D('',#13139,#13140,#13141);
#13139 = CARTESIAN_POINT('',(3.4,2.12,0.25));
#13140 = DIRECTION('',(-1.110223024625E-16,1.,0.));
#13141 = DIRECTION('',(-4.440892098501E-15,-4.930380657631E-31,-1.));
#13142 = ORIENTED_EDGE('',*,*,#13143,.T.);
#13143 = EDGE_CURVE('',#13135,#13144,#13146,.T.);
#13144 = VERTEX_POINT('',#13145);
#13145 = CARTESIAN_POINT('',(3.18599757531,2.12,0.918412044417));
#13146 = LINE('',#13147,#13148);
#13147 = CARTESIAN_POINT('',(3.301519224699,2.12,0.232635182233));
#13148 = VECTOR('',#13149,1.);
#13149 = DIRECTION('',(-0.166113316671,-1.844228288654E-17,
    0.986106670713));
#13150 = ORIENTED_EDGE('',*,*,#13151,.T.);
#13151 = EDGE_CURVE('',#13144,#11502,#13152,.T.);
#13152 = CIRCLE('',#13153,0.25);
#13153 = AXIS2_PLACEMENT_3D('',#13154,#13155,#13156);
#13154 = CARTESIAN_POINT('',(2.939795637057,2.12,0.875));
#13155 = DIRECTION('',(1.110223024625E-16,-1.,0.));
#13156 = DIRECTION('',(0.984807753012,1.093356242223E-16,0.173648177667)
  );
#13157 = ORIENTED_EDGE('',*,*,#11501,.T.);
#13158 = PLANE('',#13159);
#13159 = AXIS2_PLACEMENT_3D('',#13160,#13161,#13162);
#13160 = CARTESIAN_POINT('',(3.239006866307,2.12,0.51440483827));
#13161 = DIRECTION('',(1.110223024625E-16,-1.,0.));
#13162 = DIRECTION('',(0.,0.,1.));
#13163 = ADVANCED_FACE('',(#13164),#13175,.F.);
#13164 = FACE_BOUND('',#13165,.F.);
#13165 = EDGE_LOOP('',(#13166,#13167,#13168,#13174));
#13166 = ORIENTED_EDGE('',*,*,#11470,.T.);
#13167 = ORIENTED_EDGE('',*,*,#12999,.T.);
#13168 = ORIENTED_EDGE('',*,*,#13169,.F.);
#13169 = EDGE_CURVE('',#13085,#13000,#13170,.T.);
#13170 = LINE('',#13171,#13172);
#13171 = CARTESIAN_POINT('',(3.038276412358,2.12,0.892364817767));
#13172 = VECTOR('',#13173,1.);
#13173 = DIRECTION('',(1.110223024625E-16,-1.,0.));
#13174 = ORIENTED_EDGE('',*,*,#13084,.F.);
#13175 = CYLINDRICAL_SURFACE('',#13176,0.1);
#13176 = AXIS2_PLACEMENT_3D('',#13177,#13178,#13179);
#13177 = CARTESIAN_POINT('',(2.939795637057,2.12,0.875));
#13178 = DIRECTION('',(-1.110223024625E-16,1.,0.));
#13179 = DIRECTION('',(0.,0.,1.));
#13180 = ADVANCED_FACE('',(#13181),#13192,.T.);
#13181 = FACE_BOUND('',#13182,.T.);
#13182 = EDGE_LOOP('',(#13183,#13184,#13185,#13186));
#13183 = ORIENTED_EDGE('',*,*,#13151,.T.);
#13184 = ORIENTED_EDGE('',*,*,#11509,.T.);
#13185 = ORIENTED_EDGE('',*,*,#13066,.F.);
#13186 = ORIENTED_EDGE('',*,*,#13187,.F.);
#13187 = EDGE_CURVE('',#13144,#13059,#13188,.T.);
#13188 = LINE('',#13189,#13190);
#13189 = CARTESIAN_POINT('',(3.18599757531,2.12,0.918412044417));
#13190 = VECTOR('',#13191,1.);
#13191 = DIRECTION('',(1.110223024625E-16,-1.,0.));
#13192 = CYLINDRICAL_SURFACE('',#13193,0.25);
#13193 = AXIS2_PLACEMENT_3D('',#13194,#13195,#13196);
#13194 = CARTESIAN_POINT('',(2.939795637057,2.12,0.875));
#13195 = DIRECTION('',(-1.110223024625E-16,1.,0.));
#13196 = DIRECTION('',(0.984807753012,1.093356242223E-16,0.173648177667)
  );
#13197 = ADVANCED_FACE('',(#13198),#13211,.F.);
#13198 = FACE_BOUND('',#13199,.F.);
#13199 = EDGE_LOOP('',(#13200,#13201,#13207,#13208,#13209,#13210));
#13200 = ORIENTED_EDGE('',*,*,#12726,.F.);
#13201 = ORIENTED_EDGE('',*,*,#13202,.T.);
#13202 = EDGE_CURVE('',#12718,#12626,#13203,.T.);
#13203 = LINE('',#13204,#13205);
#13204 = CARTESIAN_POINT('',(2.939795637057,-0.42,1.125));
#13205 = VECTOR('',#13206,1.);
#13206 = DIRECTION('',(1.110223024625E-16,-1.,0.));
#13207 = ORIENTED_EDGE('',*,*,#12634,.T.);
#13208 = ORIENTED_EDGE('',*,*,#12540,.T.);
#13209 = ORIENTED_EDGE('',*,*,#11563,.T.);
#13210 = ORIENTED_EDGE('',*,*,#12765,.F.);
#13211 = PLANE('',#13212);
#13212 = AXIS2_PLACEMENT_3D('',#13213,#13214,#13215);
#13213 = CARTESIAN_POINT('',(2.939795637057,-0.42,1.125));
#13214 = DIRECTION('',(0.,0.,-1.));
#13215 = DIRECTION('',(-1.,-1.110223024625E-16,-0.));
#13216 = ADVANCED_FACE('',(#13217),#13230,.F.);
#13217 = FACE_BOUND('',#13218,.F.);
#13218 = EDGE_LOOP('',(#13219,#13220,#13226,#13227,#13228,#13229));
#13219 = ORIENTED_EDGE('',*,*,#12949,.F.);
#13220 = ORIENTED_EDGE('',*,*,#13221,.T.);
#13221 = EDGE_CURVE('',#12941,#12849,#13222,.T.);
#13222 = LINE('',#13223,#13224);
#13223 = CARTESIAN_POINT('',(2.939795637057,0.85,1.125));
#13224 = VECTOR('',#13225,1.);
#13225 = DIRECTION('',(1.110223024625E-16,-1.,0.));
#13226 = ORIENTED_EDGE('',*,*,#12857,.T.);
#13227 = ORIENTED_EDGE('',*,*,#12758,.T.);
#13228 = ORIENTED_EDGE('',*,*,#11579,.T.);
#13229 = ORIENTED_EDGE('',*,*,#12983,.F.);
#13230 = PLANE('',#13231);
#13231 = AXIS2_PLACEMENT_3D('',#13232,#13233,#13234);
#13232 = CARTESIAN_POINT('',(2.939795637057,0.85,1.125));
#13233 = DIRECTION('',(0.,0.,-1.));
#13234 = DIRECTION('',(-1.,-1.110223024625E-16,-0.));
#13235 = ADVANCED_FACE('',(#13236,#13242),#13253,.F.);
#13236 = FACE_BOUND('',#13237,.F.);
#13237 = EDGE_LOOP('',(#13238,#13239,#13240,#13241));
#13238 = ORIENTED_EDGE('',*,*,#11682,.F.);
#13239 = ORIENTED_EDGE('',*,*,#11631,.F.);
#13240 = ORIENTED_EDGE('',*,*,#11602,.F.);
#13241 = ORIENTED_EDGE('',*,*,#12299,.F.);
#13242 = FACE_BOUND('',#13243,.F.);
#13243 = EDGE_LOOP('',(#13244));
#13244 = ORIENTED_EDGE('',*,*,#13245,.F.);
#13245 = EDGE_CURVE('',#13246,#13246,#13248,.T.);
#13246 = VERTEX_POINT('',#13247);
#13247 = CARTESIAN_POINT('',(-1.610913614716,1.860913614716,2.));
#13248 = CIRCLE('',#13249,0.2);
#13249 = AXIS2_PLACEMENT_3D('',#13250,#13251,#13252);
#13250 = CARTESIAN_POINT('',(-1.610913614716,2.060913614716,2.));
#13251 = DIRECTION('',(0.,-0.,-1.));
#13252 = DIRECTION('',(1.110223024625E-16,-1.,0.));
#13253 = PLANE('',#13254);
#13254 = AXIS2_PLACEMENT_3D('',#13255,#13256,#13257);
#13255 = CARTESIAN_POINT('',(-2.510913614716,2.960913614716,2.));
#13256 = DIRECTION('',(0.,0.,-1.));
#13257 = DIRECTION('',(0.646771239934,-0.762684052013,0.));
#13258 = ADVANCED_FACE('',(#13259),#13270,.T.);
#13259 = FACE_BOUND('',#13260,.T.);
#13260 = EDGE_LOOP('',(#13261,#13262,#13263,#13264));
#13261 = ORIENTED_EDGE('',*,*,#12506,.T.);
#13262 = ORIENTED_EDGE('',*,*,#12322,.T.);
#13263 = ORIENTED_EDGE('',*,*,#12421,.F.);
#13264 = ORIENTED_EDGE('',*,*,#13265,.F.);
#13265 = EDGE_CURVE('',#12499,#12414,#13266,.T.);
#13266 = LINE('',#13267,#13268);
#13267 = CARTESIAN_POINT('',(3.18599757531,-1.69,0.918412044417));
#13268 = VECTOR('',#13269,1.);
#13269 = DIRECTION('',(1.110223024625E-16,-1.,0.));
#13270 = CYLINDRICAL_SURFACE('',#13271,0.25);
#13271 = AXIS2_PLACEMENT_3D('',#13272,#13273,#13274);
#13272 = CARTESIAN_POINT('',(2.939795637057,-1.69,0.875));
#13273 = DIRECTION('',(-1.110223024625E-16,1.,0.));
#13274 = DIRECTION('',(0.984807753012,1.093356242223E-16,0.173648177667)
  );
#13275 = ADVANCED_FACE('',(#13276),#13287,.F.);
#13276 = FACE_BOUND('',#13277,.F.);
#13277 = EDGE_LOOP('',(#13278,#13284,#13285,#13286));
#13278 = ORIENTED_EDGE('',*,*,#13279,.T.);
#13279 = EDGE_CURVE('',#12490,#12405,#13280,.T.);
#13280 = LINE('',#13281,#13282);
#13281 = CARTESIAN_POINT('',(3.301519224699,-1.69,0.232635182233));
#13282 = VECTOR('',#13283,1.);
#13283 = DIRECTION('',(1.110223024625E-16,-1.,0.));
#13284 = ORIENTED_EDGE('',*,*,#12413,.T.);
#13285 = ORIENTED_EDGE('',*,*,#13265,.F.);
#13286 = ORIENTED_EDGE('',*,*,#12498,.F.);
#13287 = PLANE('',#13288);
#13288 = AXIS2_PLACEMENT_3D('',#13289,#13290,#13291);
#13289 = CARTESIAN_POINT('',(3.301519224699,-1.69,0.232635182233));
#13290 = DIRECTION('',(-0.986106670713,-1.094798330562E-16,
    -0.166113316671));
#13291 = DIRECTION('',(-0.166113316671,-1.844228288654E-17,
    0.986106670713));
#13292 = ADVANCED_FACE('',(#13293),#13304,.F.);
#13293 = FACE_BOUND('',#13294,.F.);
#13294 = EDGE_LOOP('',(#13295,#13301,#13302,#13303));
#13295 = ORIENTED_EDGE('',*,*,#13296,.T.);
#13296 = EDGE_CURVE('',#12482,#12397,#13297,.T.);
#13297 = LINE('',#13298,#13299);
#13298 = CARTESIAN_POINT('',(3.4,-1.69,0.15));
#13299 = VECTOR('',#13300,1.);
#13300 = DIRECTION('',(1.110223024625E-16,-1.,0.));
#13301 = ORIENTED_EDGE('',*,*,#12404,.T.);
#13302 = ORIENTED_EDGE('',*,*,#13279,.F.);
#13303 = ORIENTED_EDGE('',*,*,#12489,.F.);
#13304 = CYLINDRICAL_SURFACE('',#13305,0.1);
#13305 = AXIS2_PLACEMENT_3D('',#13306,#13307,#13308);
#13306 = CARTESIAN_POINT('',(3.4,-1.69,0.25));
#13307 = DIRECTION('',(-1.110223024625E-16,1.,0.));
#13308 = DIRECTION('',(-4.440892098501E-15,-4.930380657631E-31,-1.));
#13309 = ADVANCED_FACE('',(#13310),#13321,.F.);
#13310 = FACE_BOUND('',#13311,.F.);
#13311 = EDGE_LOOP('',(#13312,#13318,#13319,#13320));
#13312 = ORIENTED_EDGE('',*,*,#13313,.T.);
#13313 = EDGE_CURVE('',#12474,#12389,#13314,.T.);
#13314 = LINE('',#13315,#13316);
#13315 = CARTESIAN_POINT('',(3.9,-1.69,0.15));
#13316 = VECTOR('',#13317,1.);
#13317 = DIRECTION('',(1.110223024625E-16,-1.,0.));
#13318 = ORIENTED_EDGE('',*,*,#12396,.T.);
#13319 = ORIENTED_EDGE('',*,*,#13296,.F.);
#13320 = ORIENTED_EDGE('',*,*,#12481,.F.);
#13321 = PLANE('',#13322);
#13322 = AXIS2_PLACEMENT_3D('',#13323,#13324,#13325);
#13323 = CARTESIAN_POINT('',(3.9,-1.69,0.15));
#13324 = DIRECTION('',(0.,0.,-1.));
#13325 = DIRECTION('',(-1.,-1.110223024625E-16,-0.));
#13326 = ADVANCED_FACE('',(#13327),#13338,.F.);
#13327 = FACE_BOUND('',#13328,.F.);
#13328 = EDGE_LOOP('',(#13329,#13335,#13336,#13337));
#13329 = ORIENTED_EDGE('',*,*,#13330,.T.);
#13330 = EDGE_CURVE('',#12466,#12381,#13331,.T.);
#13331 = LINE('',#13332,#13333);
#13332 = CARTESIAN_POINT('',(3.9,-1.69,5.551115123126E-17));
#13333 = VECTOR('',#13334,1.);
#13334 = DIRECTION('',(1.110223024625E-16,-1.,0.));
#13335 = ORIENTED_EDGE('',*,*,#12388,.T.);
#13336 = ORIENTED_EDGE('',*,*,#13313,.F.);
#13337 = ORIENTED_EDGE('',*,*,#12473,.F.);
#13338 = PLANE('',#13339);
#13339 = AXIS2_PLACEMENT_3D('',#13340,#13341,#13342);
#13340 = CARTESIAN_POINT('',(3.9,-1.69,5.551115123126E-17));
#13341 = DIRECTION('',(-1.,-1.110223024625E-16,0.));
#13342 = DIRECTION('',(0.,0.,1.));
#13343 = ADVANCED_FACE('',(#13344),#13355,.F.);
#13344 = FACE_BOUND('',#13345,.F.);
#13345 = EDGE_LOOP('',(#13346,#13352,#13353,#13354));
#13346 = ORIENTED_EDGE('',*,*,#13347,.T.);
#13347 = EDGE_CURVE('',#12457,#12372,#13348,.T.);
#13348 = LINE('',#13349,#13350);
#13349 = CARTESIAN_POINT('',(3.4,-1.69,5.551115123126E-17));
#13350 = VECTOR('',#13351,1.);
#13351 = DIRECTION('',(1.110223024625E-16,-1.,0.));
#13352 = ORIENTED_EDGE('',*,*,#12380,.T.);
#13353 = ORIENTED_EDGE('',*,*,#13330,.F.);
#13354 = ORIENTED_EDGE('',*,*,#12465,.F.);
#13355 = PLANE('',#13356);
#13356 = AXIS2_PLACEMENT_3D('',#13357,#13358,#13359);
#13357 = CARTESIAN_POINT('',(3.4,-1.69,5.551115123126E-17));
#13358 = DIRECTION('',(0.,0.,1.));
#13359 = DIRECTION('',(1.,1.110223024625E-16,-0.));
#13360 = ADVANCED_FACE('',(#13361),#13372,.T.);
#13361 = FACE_BOUND('',#13362,.T.);
#13362 = EDGE_LOOP('',(#13363,#13364,#13365,#13366));
#13363 = ORIENTED_EDGE('',*,*,#12456,.T.);
#13364 = ORIENTED_EDGE('',*,*,#13347,.T.);
#13365 = ORIENTED_EDGE('',*,*,#12371,.F.);
#13366 = ORIENTED_EDGE('',*,*,#13367,.F.);
#13367 = EDGE_CURVE('',#12449,#12364,#13368,.T.);
#13368 = LINE('',#13369,#13370);
#13369 = CARTESIAN_POINT('',(3.153798061747,-1.69,0.206587955583));
#13370 = VECTOR('',#13371,1.);
#13371 = DIRECTION('',(1.110223024625E-16,-1.,0.));
#13372 = CYLINDRICAL_SURFACE('',#13373,0.25);
#13373 = AXIS2_PLACEMENT_3D('',#13374,#13375,#13376);
#13374 = CARTESIAN_POINT('',(3.4,-1.69,0.25));
#13375 = DIRECTION('',(-1.110223024625E-16,1.,0.));
#13376 = DIRECTION('',(-0.984807753012,-1.093356242223E-16,
    -0.173648177667));
#13377 = ADVANCED_FACE('',(#13378),#13384,.F.);
#13378 = FACE_BOUND('',#13379,.F.);
#13379 = EDGE_LOOP('',(#13380,#13381,#13382,#13383));
#13380 = ORIENTED_EDGE('',*,*,#12524,.T.);
#13381 = ORIENTED_EDGE('',*,*,#12363,.T.);
#13382 = ORIENTED_EDGE('',*,*,#13367,.F.);
#13383 = ORIENTED_EDGE('',*,*,#12448,.F.);
#13384 = PLANE('',#13385);
#13385 = AXIS2_PLACEMENT_3D('',#13386,#13387,#13388);
#13386 = CARTESIAN_POINT('',(3.038276412358,-1.69,0.892364817767));
#13387 = DIRECTION('',(0.986106670713,1.094798330562E-16,0.166113316671)
  );
#13388 = DIRECTION('',(0.166113316671,1.844228288654E-17,-0.986106670713
    ));
#13389 = ADVANCED_FACE('',(#13390),#13401,.T.);
#13390 = FACE_BOUND('',#13391,.T.);
#13391 = EDGE_LOOP('',(#13392,#13393,#13394,#13395));
#13392 = ORIENTED_EDGE('',*,*,#12717,.T.);
#13393 = ORIENTED_EDGE('',*,*,#13202,.T.);
#13394 = ORIENTED_EDGE('',*,*,#12625,.F.);
#13395 = ORIENTED_EDGE('',*,*,#13396,.F.);
#13396 = EDGE_CURVE('',#12710,#12618,#13397,.T.);
#13397 = LINE('',#13398,#13399);
#13398 = CARTESIAN_POINT('',(3.18599757531,-0.42,0.918412044417));
#13399 = VECTOR('',#13400,1.);
#13400 = DIRECTION('',(1.110223024625E-16,-1.,0.));
#13401 = CYLINDRICAL_SURFACE('',#13402,0.25);
#13402 = AXIS2_PLACEMENT_3D('',#13403,#13404,#13405);
#13403 = CARTESIAN_POINT('',(2.939795637057,-0.42,0.875));
#13404 = DIRECTION('',(-1.110223024625E-16,1.,0.));
#13405 = DIRECTION('',(0.984807753012,1.093356242223E-16,0.173648177667)
  );
#13406 = ADVANCED_FACE('',(#13407),#13418,.F.);
#13407 = FACE_BOUND('',#13408,.F.);
#13408 = EDGE_LOOP('',(#13409,#13415,#13416,#13417));
#13409 = ORIENTED_EDGE('',*,*,#13410,.T.);
#13410 = EDGE_CURVE('',#12701,#12609,#13411,.T.);
#13411 = LINE('',#13412,#13413);
#13412 = CARTESIAN_POINT('',(3.301519224699,-0.42,0.232635182233));
#13413 = VECTOR('',#13414,1.);
#13414 = DIRECTION('',(1.110223024625E-16,-1.,0.));
#13415 = ORIENTED_EDGE('',*,*,#12617,.T.);
#13416 = ORIENTED_EDGE('',*,*,#13396,.F.);
#13417 = ORIENTED_EDGE('',*,*,#12709,.F.);
#13418 = PLANE('',#13419);
#13419 = AXIS2_PLACEMENT_3D('',#13420,#13421,#13422);
#13420 = CARTESIAN_POINT('',(3.301519224699,-0.42,0.232635182233));
#13421 = DIRECTION('',(-0.986106670713,-1.094798330562E-16,
    -0.166113316671));
#13422 = DIRECTION('',(-0.166113316671,-1.844228288654E-17,
    0.986106670713));
#13423 = ADVANCED_FACE('',(#13424),#13435,.F.);
#13424 = FACE_BOUND('',#13425,.F.);
#13425 = EDGE_LOOP('',(#13426,#13432,#13433,#13434));
#13426 = ORIENTED_EDGE('',*,*,#13427,.T.);
#13427 = EDGE_CURVE('',#12693,#12601,#13428,.T.);
#13428 = LINE('',#13429,#13430);
#13429 = CARTESIAN_POINT('',(3.4,-0.42,0.15));
#13430 = VECTOR('',#13431,1.);
#13431 = DIRECTION('',(1.110223024625E-16,-1.,0.));
#13432 = ORIENTED_EDGE('',*,*,#12608,.T.);
#13433 = ORIENTED_EDGE('',*,*,#13410,.F.);
#13434 = ORIENTED_EDGE('',*,*,#12700,.F.);
#13435 = CYLINDRICAL_SURFACE('',#13436,0.1);
#13436 = AXIS2_PLACEMENT_3D('',#13437,#13438,#13439);
#13437 = CARTESIAN_POINT('',(3.4,-0.42,0.25));
#13438 = DIRECTION('',(-1.110223024625E-16,1.,0.));
#13439 = DIRECTION('',(-4.440892098501E-15,-4.930380657631E-31,-1.));
#13440 = ADVANCED_FACE('',(#13441),#13452,.F.);
#13441 = FACE_BOUND('',#13442,.F.);
#13442 = EDGE_LOOP('',(#13443,#13449,#13450,#13451));
#13443 = ORIENTED_EDGE('',*,*,#13444,.T.);
#13444 = EDGE_CURVE('',#12685,#12593,#13445,.T.);
#13445 = LINE('',#13446,#13447);
#13446 = CARTESIAN_POINT('',(3.9,-0.42,0.15));
#13447 = VECTOR('',#13448,1.);
#13448 = DIRECTION('',(1.110223024625E-16,-1.,0.));
#13449 = ORIENTED_EDGE('',*,*,#12600,.T.);
#13450 = ORIENTED_EDGE('',*,*,#13427,.F.);
#13451 = ORIENTED_EDGE('',*,*,#12692,.F.);
#13452 = PLANE('',#13453);
#13453 = AXIS2_PLACEMENT_3D('',#13454,#13455,#13456);
#13454 = CARTESIAN_POINT('',(3.9,-0.42,0.15));
#13455 = DIRECTION('',(0.,0.,-1.));
#13456 = DIRECTION('',(-1.,-1.110223024625E-16,-0.));
#13457 = ADVANCED_FACE('',(#13458),#13469,.F.);
#13458 = FACE_BOUND('',#13459,.F.);
#13459 = EDGE_LOOP('',(#13460,#13466,#13467,#13468));
#13460 = ORIENTED_EDGE('',*,*,#13461,.T.);
#13461 = EDGE_CURVE('',#12677,#12585,#13462,.T.);
#13462 = LINE('',#13463,#13464);
#13463 = CARTESIAN_POINT('',(3.9,-0.42,5.551115123126E-17));
#13464 = VECTOR('',#13465,1.);
#13465 = DIRECTION('',(1.110223024625E-16,-1.,0.));
#13466 = ORIENTED_EDGE('',*,*,#12592,.T.);
#13467 = ORIENTED_EDGE('',*,*,#13444,.F.);
#13468 = ORIENTED_EDGE('',*,*,#12684,.F.);
#13469 = PLANE('',#13470);
#13470 = AXIS2_PLACEMENT_3D('',#13471,#13472,#13473);
#13471 = CARTESIAN_POINT('',(3.9,-0.42,5.551115123126E-17));
#13472 = DIRECTION('',(-1.,-1.110223024625E-16,0.));
#13473 = DIRECTION('',(0.,0.,1.));
#13474 = ADVANCED_FACE('',(#13475),#13486,.F.);
#13475 = FACE_BOUND('',#13476,.F.);
#13476 = EDGE_LOOP('',(#13477,#13483,#13484,#13485));
#13477 = ORIENTED_EDGE('',*,*,#13478,.T.);
#13478 = EDGE_CURVE('',#12668,#12576,#13479,.T.);
#13479 = LINE('',#13480,#13481);
#13480 = CARTESIAN_POINT('',(3.4,-0.42,5.551115123126E-17));
#13481 = VECTOR('',#13482,1.);
#13482 = DIRECTION('',(1.110223024625E-16,-1.,0.));
#13483 = ORIENTED_EDGE('',*,*,#12584,.T.);
#13484 = ORIENTED_EDGE('',*,*,#13461,.F.);
#13485 = ORIENTED_EDGE('',*,*,#12676,.F.);
#13486 = PLANE('',#13487);
#13487 = AXIS2_PLACEMENT_3D('',#13488,#13489,#13490);
#13488 = CARTESIAN_POINT('',(3.4,-0.42,5.551115123126E-17));
#13489 = DIRECTION('',(0.,0.,1.));
#13490 = DIRECTION('',(1.,1.110223024625E-16,-0.));
#13491 = ADVANCED_FACE('',(#13492),#13503,.T.);
#13492 = FACE_BOUND('',#13493,.T.);
#13493 = EDGE_LOOP('',(#13494,#13495,#13496,#13497));
#13494 = ORIENTED_EDGE('',*,*,#12667,.T.);
#13495 = ORIENTED_EDGE('',*,*,#13478,.T.);
#13496 = ORIENTED_EDGE('',*,*,#12575,.F.);
#13497 = ORIENTED_EDGE('',*,*,#13498,.F.);
#13498 = EDGE_CURVE('',#12660,#12568,#13499,.T.);
#13499 = LINE('',#13500,#13501);
#13500 = CARTESIAN_POINT('',(3.153798061747,-0.42,0.206587955583));
#13501 = VECTOR('',#13502,1.);
#13502 = DIRECTION('',(1.110223024625E-16,-1.,0.));
#13503 = CYLINDRICAL_SURFACE('',#13504,0.25);
#13504 = AXIS2_PLACEMENT_3D('',#13505,#13506,#13507);
#13505 = CARTESIAN_POINT('',(3.4,-0.42,0.25));
#13506 = DIRECTION('',(-1.110223024625E-16,1.,0.));
#13507 = DIRECTION('',(-0.984807753012,-1.093356242223E-16,
    -0.173648177667));
#13508 = ADVANCED_FACE('',(#13509),#13515,.F.);
#13509 = FACE_BOUND('',#13510,.F.);
#13510 = EDGE_LOOP('',(#13511,#13512,#13513,#13514));
#13511 = ORIENTED_EDGE('',*,*,#12742,.T.);
#13512 = ORIENTED_EDGE('',*,*,#12567,.T.);
#13513 = ORIENTED_EDGE('',*,*,#13498,.F.);
#13514 = ORIENTED_EDGE('',*,*,#12659,.F.);
#13515 = PLANE('',#13516);
#13516 = AXIS2_PLACEMENT_3D('',#13517,#13518,#13519);
#13517 = CARTESIAN_POINT('',(3.038276412358,-0.42,0.892364817767));
#13518 = DIRECTION('',(0.986106670713,1.094798330562E-16,0.166113316671)
  );
#13519 = DIRECTION('',(0.166113316671,1.844228288654E-17,-0.986106670713
    ));
#13520 = ADVANCED_FACE('',(#13521),#13532,.T.);
#13521 = FACE_BOUND('',#13522,.T.);
#13522 = EDGE_LOOP('',(#13523,#13524,#13525,#13526));
#13523 = ORIENTED_EDGE('',*,*,#12940,.T.);
#13524 = ORIENTED_EDGE('',*,*,#13221,.T.);
#13525 = ORIENTED_EDGE('',*,*,#12848,.F.);
#13526 = ORIENTED_EDGE('',*,*,#13527,.F.);
#13527 = EDGE_CURVE('',#12933,#12841,#13528,.T.);
#13528 = LINE('',#13529,#13530);
#13529 = CARTESIAN_POINT('',(3.18599757531,0.85,0.918412044417));
#13530 = VECTOR('',#13531,1.);
#13531 = DIRECTION('',(1.110223024625E-16,-1.,0.));
#13532 = CYLINDRICAL_SURFACE('',#13533,0.25);
#13533 = AXIS2_PLACEMENT_3D('',#13534,#13535,#13536);
#13534 = CARTESIAN_POINT('',(2.939795637057,0.85,0.875));
#13535 = DIRECTION('',(-1.110223024625E-16,1.,0.));
#13536 = DIRECTION('',(0.984807753012,1.093356242223E-16,0.173648177667)
  );
#13537 = ADVANCED_FACE('',(#13538),#13549,.F.);
#13538 = FACE_BOUND('',#13539,.F.);
#13539 = EDGE_LOOP('',(#13540,#13546,#13547,#13548));
#13540 = ORIENTED_EDGE('',*,*,#13541,.T.);
#13541 = EDGE_CURVE('',#12924,#12832,#13542,.T.);
#13542 = LINE('',#13543,#13544);
#13543 = CARTESIAN_POINT('',(3.301519224699,0.85,0.232635182233));
#13544 = VECTOR('',#13545,1.);
#13545 = DIRECTION('',(1.110223024625E-16,-1.,0.));
#13546 = ORIENTED_EDGE('',*,*,#12840,.T.);
#13547 = ORIENTED_EDGE('',*,*,#13527,.F.);
#13548 = ORIENTED_EDGE('',*,*,#12932,.F.);
#13549 = PLANE('',#13550);
#13550 = AXIS2_PLACEMENT_3D('',#13551,#13552,#13553);
#13551 = CARTESIAN_POINT('',(3.301519224699,0.85,0.232635182233));
#13552 = DIRECTION('',(-0.986106670713,-1.094798330562E-16,
    -0.166113316671));
#13553 = DIRECTION('',(-0.166113316671,-1.844228288654E-17,
    0.986106670713));
#13554 = ADVANCED_FACE('',(#13555),#13566,.F.);
#13555 = FACE_BOUND('',#13556,.F.);
#13556 = EDGE_LOOP('',(#13557,#13563,#13564,#13565));
#13557 = ORIENTED_EDGE('',*,*,#13558,.T.);
#13558 = EDGE_CURVE('',#12916,#12824,#13559,.T.);
#13559 = LINE('',#13560,#13561);
#13560 = CARTESIAN_POINT('',(3.4,0.85,0.15));
#13561 = VECTOR('',#13562,1.);
#13562 = DIRECTION('',(1.110223024625E-16,-1.,0.));
#13563 = ORIENTED_EDGE('',*,*,#12831,.T.);
#13564 = ORIENTED_EDGE('',*,*,#13541,.F.);
#13565 = ORIENTED_EDGE('',*,*,#12923,.F.);
#13566 = CYLINDRICAL_SURFACE('',#13567,0.1);
#13567 = AXIS2_PLACEMENT_3D('',#13568,#13569,#13570);
#13568 = CARTESIAN_POINT('',(3.4,0.85,0.25));
#13569 = DIRECTION('',(-1.110223024625E-16,1.,0.));
#13570 = DIRECTION('',(-4.440892098501E-15,-4.930380657631E-31,-1.));
#13571 = ADVANCED_FACE('',(#13572),#13583,.F.);
#13572 = FACE_BOUND('',#13573,.F.);
#13573 = EDGE_LOOP('',(#13574,#13580,#13581,#13582));
#13574 = ORIENTED_EDGE('',*,*,#13575,.T.);
#13575 = EDGE_CURVE('',#12908,#12816,#13576,.T.);
#13576 = LINE('',#13577,#13578);
#13577 = CARTESIAN_POINT('',(3.9,0.85,0.15));
#13578 = VECTOR('',#13579,1.);
#13579 = DIRECTION('',(1.110223024625E-16,-1.,0.));
#13580 = ORIENTED_EDGE('',*,*,#12823,.T.);
#13581 = ORIENTED_EDGE('',*,*,#13558,.F.);
#13582 = ORIENTED_EDGE('',*,*,#12915,.F.);
#13583 = PLANE('',#13584);
#13584 = AXIS2_PLACEMENT_3D('',#13585,#13586,#13587);
#13585 = CARTESIAN_POINT('',(3.9,0.85,0.15));
#13586 = DIRECTION('',(0.,0.,-1.));
#13587 = DIRECTION('',(-1.,-1.110223024625E-16,-0.));
#13588 = ADVANCED_FACE('',(#13589),#13600,.F.);
#13589 = FACE_BOUND('',#13590,.F.);
#13590 = EDGE_LOOP('',(#13591,#13597,#13598,#13599));
#13591 = ORIENTED_EDGE('',*,*,#13592,.T.);
#13592 = EDGE_CURVE('',#12900,#12808,#13593,.T.);
#13593 = LINE('',#13594,#13595);
#13594 = CARTESIAN_POINT('',(3.9,0.85,5.551115123126E-17));
#13595 = VECTOR('',#13596,1.);
#13596 = DIRECTION('',(1.110223024625E-16,-1.,0.));
#13597 = ORIENTED_EDGE('',*,*,#12815,.T.);
#13598 = ORIENTED_EDGE('',*,*,#13575,.F.);
#13599 = ORIENTED_EDGE('',*,*,#12907,.F.);
#13600 = PLANE('',#13601);
#13601 = AXIS2_PLACEMENT_3D('',#13602,#13603,#13604);
#13602 = CARTESIAN_POINT('',(3.9,0.85,5.551115123126E-17));
#13603 = DIRECTION('',(-1.,-1.110223024625E-16,0.));
#13604 = DIRECTION('',(0.,0.,1.));
#13605 = ADVANCED_FACE('',(#13606),#13617,.F.);
#13606 = FACE_BOUND('',#13607,.F.);
#13607 = EDGE_LOOP('',(#13608,#13614,#13615,#13616));
#13608 = ORIENTED_EDGE('',*,*,#13609,.T.);
#13609 = EDGE_CURVE('',#12891,#12799,#13610,.T.);
#13610 = LINE('',#13611,#13612);
#13611 = CARTESIAN_POINT('',(3.4,0.85,5.551115123126E-17));
#13612 = VECTOR('',#13613,1.);
#13613 = DIRECTION('',(1.110223024625E-16,-1.,0.));
#13614 = ORIENTED_EDGE('',*,*,#12807,.T.);
#13615 = ORIENTED_EDGE('',*,*,#13592,.F.);
#13616 = ORIENTED_EDGE('',*,*,#12899,.F.);
#13617 = PLANE('',#13618);
#13618 = AXIS2_PLACEMENT_3D('',#13619,#13620,#13621);
#13619 = CARTESIAN_POINT('',(3.4,0.85,5.551115123126E-17));
#13620 = DIRECTION('',(0.,0.,1.));
#13621 = DIRECTION('',(1.,1.110223024625E-16,-0.));
#13622 = ADVANCED_FACE('',(#13623),#13634,.T.);
#13623 = FACE_BOUND('',#13624,.T.);
#13624 = EDGE_LOOP('',(#13625,#13626,#13627,#13628));
#13625 = ORIENTED_EDGE('',*,*,#12890,.T.);
#13626 = ORIENTED_EDGE('',*,*,#13609,.T.);
#13627 = ORIENTED_EDGE('',*,*,#12798,.F.);
#13628 = ORIENTED_EDGE('',*,*,#13629,.F.);
#13629 = EDGE_CURVE('',#12883,#12791,#13630,.T.);
#13630 = LINE('',#13631,#13632);
#13631 = CARTESIAN_POINT('',(3.153798061747,0.85,0.206587955583));
#13632 = VECTOR('',#13633,1.);
#13633 = DIRECTION('',(1.110223024625E-16,-1.,0.));
#13634 = CYLINDRICAL_SURFACE('',#13635,0.25);
#13635 = AXIS2_PLACEMENT_3D('',#13636,#13637,#13638);
#13636 = CARTESIAN_POINT('',(3.4,0.85,0.25));
#13637 = DIRECTION('',(-1.110223024625E-16,1.,0.));
#13638 = DIRECTION('',(-0.984807753012,-1.093356242223E-16,
    -0.173648177667));
#13639 = ADVANCED_FACE('',(#13640),#13646,.F.);
#13640 = FACE_BOUND('',#13641,.F.);
#13641 = EDGE_LOOP('',(#13642,#13643,#13644,#13645));
#13642 = ORIENTED_EDGE('',*,*,#12965,.T.);
#13643 = ORIENTED_EDGE('',*,*,#12790,.T.);
#13644 = ORIENTED_EDGE('',*,*,#13629,.F.);
#13645 = ORIENTED_EDGE('',*,*,#12882,.F.);
#13646 = PLANE('',#13647);
#13647 = AXIS2_PLACEMENT_3D('',#13648,#13649,#13650);
#13648 = CARTESIAN_POINT('',(3.038276412358,0.85,0.892364817767));
#13649 = DIRECTION('',(0.986106670713,1.094798330562E-16,0.166113316671)
  );
#13650 = DIRECTION('',(0.166113316671,1.844228288654E-17,-0.986106670713
    ));
#13651 = ADVANCED_FACE('',(#13652),#13663,.F.);
#13652 = FACE_BOUND('',#13653,.F.);
#13653 = EDGE_LOOP('',(#13654,#13660,#13661,#13662));
#13654 = ORIENTED_EDGE('',*,*,#13655,.T.);
#13655 = EDGE_CURVE('',#13135,#13050,#13656,.T.);
#13656 = LINE('',#13657,#13658);
#13657 = CARTESIAN_POINT('',(3.301519224699,2.12,0.232635182233));
#13658 = VECTOR('',#13659,1.);
#13659 = DIRECTION('',(1.110223024625E-16,-1.,0.));
#13660 = ORIENTED_EDGE('',*,*,#13058,.T.);
#13661 = ORIENTED_EDGE('',*,*,#13187,.F.);
#13662 = ORIENTED_EDGE('',*,*,#13143,.F.);
#13663 = PLANE('',#13664);
#13664 = AXIS2_PLACEMENT_3D('',#13665,#13666,#13667);
#13665 = CARTESIAN_POINT('',(3.301519224699,2.12,0.232635182233));
#13666 = DIRECTION('',(-0.986106670713,-1.094798330562E-16,
    -0.166113316671));
#13667 = DIRECTION('',(-0.166113316671,-1.844228288654E-17,
    0.986106670713));
#13668 = ADVANCED_FACE('',(#13669),#13680,.F.);
#13669 = FACE_BOUND('',#13670,.F.);
#13670 = EDGE_LOOP('',(#13671,#13677,#13678,#13679));
#13671 = ORIENTED_EDGE('',*,*,#13672,.T.);
#13672 = EDGE_CURVE('',#13127,#13042,#13673,.T.);
#13673 = LINE('',#13674,#13675);
#13674 = CARTESIAN_POINT('',(3.4,2.12,0.15));
#13675 = VECTOR('',#13676,1.);
#13676 = DIRECTION('',(1.110223024625E-16,-1.,0.));
#13677 = ORIENTED_EDGE('',*,*,#13049,.T.);
#13678 = ORIENTED_EDGE('',*,*,#13655,.F.);
#13679 = ORIENTED_EDGE('',*,*,#13134,.F.);
#13680 = CYLINDRICAL_SURFACE('',#13681,0.1);
#13681 = AXIS2_PLACEMENT_3D('',#13682,#13683,#13684);
#13682 = CARTESIAN_POINT('',(3.4,2.12,0.25));
#13683 = DIRECTION('',(-1.110223024625E-16,1.,0.));
#13684 = DIRECTION('',(-4.440892098501E-15,-4.930380657631E-31,-1.));
#13685 = ADVANCED_FACE('',(#13686),#13697,.F.);
#13686 = FACE_BOUND('',#13687,.F.);
#13687 = EDGE_LOOP('',(#13688,#13694,#13695,#13696));
#13688 = ORIENTED_EDGE('',*,*,#13689,.T.);
#13689 = EDGE_CURVE('',#13119,#13034,#13690,.T.);
#13690 = LINE('',#13691,#13692);
#13691 = CARTESIAN_POINT('',(3.9,2.12,0.15));
#13692 = VECTOR('',#13693,1.);
#13693 = DIRECTION('',(1.110223024625E-16,-1.,0.));
#13694 = ORIENTED_EDGE('',*,*,#13041,.T.);
#13695 = ORIENTED_EDGE('',*,*,#13672,.F.);
#13696 = ORIENTED_EDGE('',*,*,#13126,.F.);
#13697 = PLANE('',#13698);
#13698 = AXIS2_PLACEMENT_3D('',#13699,#13700,#13701);
#13699 = CARTESIAN_POINT('',(3.9,2.12,0.15));
#13700 = DIRECTION('',(0.,0.,-1.));
#13701 = DIRECTION('',(-1.,-1.110223024625E-16,-0.));
#13702 = ADVANCED_FACE('',(#13703),#13714,.F.);
#13703 = FACE_BOUND('',#13704,.F.);
#13704 = EDGE_LOOP('',(#13705,#13711,#13712,#13713));
#13705 = ORIENTED_EDGE('',*,*,#13706,.T.);
#13706 = EDGE_CURVE('',#13111,#13026,#13707,.T.);
#13707 = LINE('',#13708,#13709);
#13708 = CARTESIAN_POINT('',(3.9,2.12,5.551115123126E-17));
#13709 = VECTOR('',#13710,1.);
#13710 = DIRECTION('',(1.110223024625E-16,-1.,0.));
#13711 = ORIENTED_EDGE('',*,*,#13033,.T.);
#13712 = ORIENTED_EDGE('',*,*,#13689,.F.);
#13713 = ORIENTED_EDGE('',*,*,#13118,.F.);
#13714 = PLANE('',#13715);
#13715 = AXIS2_PLACEMENT_3D('',#13716,#13717,#13718);
#13716 = CARTESIAN_POINT('',(3.9,2.12,5.551115123126E-17));
#13717 = DIRECTION('',(-1.,-1.110223024625E-16,0.));
#13718 = DIRECTION('',(0.,0.,1.));
#13719 = ADVANCED_FACE('',(#13720),#13731,.F.);
#13720 = FACE_BOUND('',#13721,.F.);
#13721 = EDGE_LOOP('',(#13722,#13728,#13729,#13730));
#13722 = ORIENTED_EDGE('',*,*,#13723,.T.);
#13723 = EDGE_CURVE('',#13102,#13017,#13724,.T.);
#13724 = LINE('',#13725,#13726);
#13725 = CARTESIAN_POINT('',(3.4,2.12,5.551115123126E-17));
#13726 = VECTOR('',#13727,1.);
#13727 = DIRECTION('',(1.110223024625E-16,-1.,0.));
#13728 = ORIENTED_EDGE('',*,*,#13025,.T.);
#13729 = ORIENTED_EDGE('',*,*,#13706,.F.);
#13730 = ORIENTED_EDGE('',*,*,#13110,.F.);
#13731 = PLANE('',#13732);
#13732 = AXIS2_PLACEMENT_3D('',#13733,#13734,#13735);
#13733 = CARTESIAN_POINT('',(3.4,2.12,5.551115123126E-17));
#13734 = DIRECTION('',(0.,0.,1.));
#13735 = DIRECTION('',(1.,1.110223024625E-16,-0.));
#13736 = ADVANCED_FACE('',(#13737),#13748,.T.);
#13737 = FACE_BOUND('',#13738,.T.);
#13738 = EDGE_LOOP('',(#13739,#13740,#13741,#13742));
#13739 = ORIENTED_EDGE('',*,*,#13101,.T.);
#13740 = ORIENTED_EDGE('',*,*,#13723,.T.);
#13741 = ORIENTED_EDGE('',*,*,#13016,.F.);
#13742 = ORIENTED_EDGE('',*,*,#13743,.F.);
#13743 = EDGE_CURVE('',#13094,#13009,#13744,.T.);
#13744 = LINE('',#13745,#13746);
#13745 = CARTESIAN_POINT('',(3.153798061747,2.12,0.206587955583));
#13746 = VECTOR('',#13747,1.);
#13747 = DIRECTION('',(1.110223024625E-16,-1.,0.));
#13748 = CYLINDRICAL_SURFACE('',#13749,0.25);
#13749 = AXIS2_PLACEMENT_3D('',#13750,#13751,#13752);
#13750 = CARTESIAN_POINT('',(3.4,2.12,0.25));
#13751 = DIRECTION('',(-1.110223024625E-16,1.,0.));
#13752 = DIRECTION('',(-0.984807753012,-1.093356242223E-16,
    -0.173648177667));
#13753 = ADVANCED_FACE('',(#13754),#13760,.F.);
#13754 = FACE_BOUND('',#13755,.F.);
#13755 = EDGE_LOOP('',(#13756,#13757,#13758,#13759));
#13756 = ORIENTED_EDGE('',*,*,#13169,.T.);
#13757 = ORIENTED_EDGE('',*,*,#13008,.T.);
#13758 = ORIENTED_EDGE('',*,*,#13743,.F.);
#13759 = ORIENTED_EDGE('',*,*,#13093,.F.);
#13760 = PLANE('',#13761);
#13761 = AXIS2_PLACEMENT_3D('',#13762,#13763,#13764);
#13762 = CARTESIAN_POINT('',(3.038276412358,2.12,0.892364817767));
#13763 = DIRECTION('',(0.986106670713,1.094798330562E-16,0.166113316671)
  );
#13764 = DIRECTION('',(0.166113316671,1.844228288654E-17,-0.986106670713
    ));
#13765 = ADVANCED_FACE('',(#13766),#13767,.F.);
#13766 = FACE_BOUND('',#13243,.T.);
#13767 = PLANE('',#13768);
#13768 = AXIS2_PLACEMENT_3D('',#13769,#13770,#13771);
#13769 = CARTESIAN_POINT('',(-1.610913614716,2.060913614716,2.));
#13770 = DIRECTION('',(0.,0.,-1.));
#13771 = DIRECTION('',(1.110223024625E-16,-1.,0.));
#13772 = ( GEOMETRIC_REPRESENTATION_CONTEXT(3) 
GLOBAL_UNCERTAINTY_ASSIGNED_CONTEXT((#13776)) 
GLOBAL_UNIT_ASSIGNED_CONTEXT((#13773,#13774,#13775)) 
REPRESENTATION_CONTEXT('Context #1',
  '3D Context with UNIT and UNCERTAINTY') );
#13773 = ( LENGTH_UNIT() NAMED_UNIT(*) SI_UNIT(.MILLI.,.METRE.) );
#13774 = ( NAMED_UNIT(*) PLANE_ANGLE_UNIT() SI_UNIT($,.RADIAN.) );
#13775 = ( NAMED_UNIT(*) SI_UNIT($,.STERADIAN.) SOLID_ANGLE_UNIT() );
#13776 = UNCERTAINTY_MEASURE_WITH_UNIT(LENGTH_MEASURE(1.E-07),#13773,
  'distance_accuracy_value','confusion accuracy');
#13777 = CONTEXT_DEPENDENT_SHAPE_REPRESENTATION(#13778,#13780);
#13778 = ( REPRESENTATION_RELATIONSHIP('','',#9651,#10) 
REPRESENTATION_RELATIONSHIP_WITH_TRANSFORMATION(#13779) 
SHAPE_REPRESENTATION_RELATIONSHIP() );
#13779 = ITEM_DEFINED_TRANSFORMATION('','',#11,#55);
#13780 = PRODUCT_DEFINITION_SHAPE('Placement','Placement of an item',
  #13781);
#13781 = NEXT_ASSEMBLY_USAGE_OCCURRENCE('11','U1','',#5,#9646,$);
#13782 = PRODUCT_RELATED_PRODUCT_CATEGORY('part',$,(#9648));
#13783 = CONTEXT_DEPENDENT_SHAPE_REPRESENTATION(#13784,#13786);
#13784 = ( REPRESENTATION_RELATIONSHIP('','',#6402,#10) 
REPRESENTATION_RELATIONSHIP_WITH_TRANSFORMATION(#13785) 
SHAPE_REPRESENTATION_RELATIONSHIP() );
#13785 = ITEM_DEFINED_TRANSFORMATION('','',#11,#59);
#13786 = PRODUCT_DEFINITION_SHAPE('Placement','Placement of an item',
  #13787);
#13787 = NEXT_ASSEMBLY_USAGE_OCCURRENCE('12','R9','',#5,#6397,$);
#13788 = CONTEXT_DEPENDENT_SHAPE_REPRESENTATION(#13789,#13791);
#13789 = ( REPRESENTATION_RELATIONSHIP('','',#6402,#10) 
REPRESENTATION_RELATIONSHIP_WITH_TRANSFORMATION(#13790) 
SHAPE_REPRESENTATION_RELATIONSHIP() );
#13790 = ITEM_DEFINED_TRANSFORMATION('','',#11,#63);
#13791 = PRODUCT_DEFINITION_SHAPE('Placement','Placement of an item',
  #13792);
#13792 = NEXT_ASSEMBLY_USAGE_OCCURRENCE('13','R10','',#5,#6397,$);
#13793 = CONTEXT_DEPENDENT_SHAPE_REPRESENTATION(#13794,#13796);
#13794 = ( REPRESENTATION_RELATIONSHIP('','',#7211,#10) 
REPRESENTATION_RELATIONSHIP_WITH_TRANSFORMATION(#13795) 
SHAPE_REPRESENTATION_RELATIONSHIP() );
#13795 = ITEM_DEFINED_TRANSFORMATION('','',#11,#67);
#13796 = PRODUCT_DEFINITION_SHAPE('Placement','Placement of an item',
  #13797);
#13797 = NEXT_ASSEMBLY_USAGE_OCCURRENCE('14','C10','',#5,#7206,$);
#13798 = CONTEXT_DEPENDENT_SHAPE_REPRESENTATION(#13799,#13801);
#13799 = ( REPRESENTATION_RELATIONSHIP('','',#6402,#10) 
REPRESENTATION_RELATIONSHIP_WITH_TRANSFORMATION(#13800) 
SHAPE_REPRESENTATION_RELATIONSHIP() );
#13800 = ITEM_DEFINED_TRANSFORMATION('','',#11,#71);
#13801 = PRODUCT_DEFINITION_SHAPE('Placement','Placement of an item',
  #13802);
#13802 = NEXT_ASSEMBLY_USAGE_OCCURRENCE('15','R7','',#5,#6397,$);
#13803 = CONTEXT_DEPENDENT_SHAPE_REPRESENTATION(#13804,#13806);
#13804 = ( REPRESENTATION_RELATIONSHIP('','',#7211,#10) 
REPRESENTATION_RELATIONSHIP_WITH_TRANSFORMATION(#13805) 
SHAPE_REPRESENTATION_RELATIONSHIP() );
#13805 = ITEM_DEFINED_TRANSFORMATION('','',#11,#75);
#13806 = PRODUCT_DEFINITION_SHAPE('Placement','Placement of an item',
  #13807);
#13807 = NEXT_ASSEMBLY_USAGE_OCCURRENCE('16','C9','',#5,#7206,$);
#13808 = CONTEXT_DEPENDENT_SHAPE_REPRESENTATION(#13809,#13811);
#13809 = ( REPRESENTATION_RELATIONSHIP('','',#7211,#10) 
REPRESENTATION_RELATIONSHIP_WITH_TRANSFORMATION(#13810) 
SHAPE_REPRESENTATION_RELATIONSHIP() );
#13810 = ITEM_DEFINED_TRANSFORMATION('','',#11,#79);
#13811 = PRODUCT_DEFINITION_SHAPE('Placement','Placement of an item',
  #13812);
#13812 = NEXT_ASSEMBLY_USAGE_OCCURRENCE('17','C2','',#5,#7206,$);
#13813 = CONTEXT_DEPENDENT_SHAPE_REPRESENTATION(#13814,#13816);
#13814 = ( REPRESENTATION_RELATIONSHIP('','',#9651,#10) 
REPRESENTATION_RELATIONSHIP_WITH_TRANSFORMATION(#13815) 
SHAPE_REPRESENTATION_RELATIONSHIP() );
#13815 = ITEM_DEFINED_TRANSFORMATION('','',#11,#83);
#13816 = PRODUCT_DEFINITION_SHAPE('Placement','Placement of an item',
  #13817);
#13817 = NEXT_ASSEMBLY_USAGE_OCCURRENCE('18','U2','',#5,#9646,$);
#13818 = CONTEXT_DEPENDENT_SHAPE_REPRESENTATION(#13819,#13821);
#13819 = ( REPRESENTATION_RELATIONSHIP('','',#6402,#10) 
REPRESENTATION_RELATIONSHIP_WITH_TRANSFORMATION(#13820) 
SHAPE_REPRESENTATION_RELATIONSHIP() );
#13820 = ITEM_DEFINED_TRANSFORMATION('','',#11,#87);
#13821 = PRODUCT_DEFINITION_SHAPE('Placement','Placement of an item',
  #13822);
#13822 = NEXT_ASSEMBLY_USAGE_OCCURRENCE('19','R5','',#5,#6397,$);
#13823 = CONTEXT_DEPENDENT_SHAPE_REPRESENTATION(#13824,#13826);
#13824 = ( REPRESENTATION_RELATIONSHIP('','',#6402,#10) 
REPRESENTATION_RELATIONSHIP_WITH_TRANSFORMATION(#13825) 
SHAPE_REPRESENTATION_RELATIONSHIP() );
#13825 = ITEM_DEFINED_TRANSFORMATION('','',#11,#91);
#13826 = PRODUCT_DEFINITION_SHAPE('Placement','Placement of an item',
  #13827);
#13827 = NEXT_ASSEMBLY_USAGE_OCCURRENCE('20','R6','',#5,#6397,$);
#13828 = CONTEXT_DEPENDENT_SHAPE_REPRESENTATION(#13829,#13831);
#13829 = ( REPRESENTATION_RELATIONSHIP('','',#7211,#10) 
REPRESENTATION_RELATIONSHIP_WITH_TRANSFORMATION(#13830) 
SHAPE_REPRESENTATION_RELATIONSHIP() );
#13830 = ITEM_DEFINED_TRANSFORMATION('','',#11,#95);
#13831 = PRODUCT_DEFINITION_SHAPE('Placement','Placement of an item',
  #13832);
#13832 = NEXT_ASSEMBLY_USAGE_OCCURRENCE('21','C5','',#5,#7206,$);
#13833 = CONTEXT_DEPENDENT_SHAPE_REPRESENTATION(#13834,#13836);
#13834 = ( REPRESENTATION_RELATIONSHIP('','',#7211,#10) 
REPRESENTATION_RELATIONSHIP_WITH_TRANSFORMATION(#13835) 
SHAPE_REPRESENTATION_RELATIONSHIP() );
#13835 = ITEM_DEFINED_TRANSFORMATION('','',#11,#99);
#13836 = PRODUCT_DEFINITION_SHAPE('Placement','Placement of an item',
  #13837);
#13837 = NEXT_ASSEMBLY_USAGE_OCCURRENCE('22','C3','',#5,#7206,$);
#13838 = CONTEXT_DEPENDENT_SHAPE_REPRESENTATION(#13839,#13841);
#13839 = ( REPRESENTATION_RELATIONSHIP('','',#7211,#10) 
REPRESENTATION_RELATIONSHIP_WITH_TRANSFORMATION(#13840) 
SHAPE_REPRESENTATION_RELATIONSHIP() );
#13840 = ITEM_DEFINED_TRANSFORMATION('','',#11,#103);
#13841 = PRODUCT_DEFINITION_SHAPE('Placement','Placement of an item',
  #13842);
#13842 = NEXT_ASSEMBLY_USAGE_OCCURRENCE('23','C6','',#5,#7206,$);
#13843 = CONTEXT_DEPENDENT_SHAPE_REPRESENTATION(#13844,#13846);
#13844 = ( REPRESENTATION_RELATIONSHIP('','',#6402,#10) 
REPRESENTATION_RELATIONSHIP_WITH_TRANSFORMATION(#13845) 
SHAPE_REPRESENTATION_RELATIONSHIP() );
#13845 = ITEM_DEFINED_TRANSFORMATION('','',#11,#107);
#13846 = PRODUCT_DEFINITION_SHAPE('Placement','Placement of an item',
  #13847);
#13847 = NEXT_ASSEMBLY_USAGE_OCCURRENCE('24','R3','',#5,#6397,$);
#13848 = SHAPE_DEFINITION_REPRESENTATION(#13849,#13855);
#13849 = PRODUCT_DEFINITION_SHAPE('','',#13850);
#13850 = PRODUCT_DEFINITION('design','',#13851,#13854);
#13851 = PRODUCT_DEFINITION_FORMATION('','',#13852);
#13852 = PRODUCT('kibot_uvh37133_PCB','kibot_uvh37133_PCB','',(#13853));
#13853 = PRODUCT_CONTEXT('',#2,'mechanical');
#13854 = PRODUCT_DEFINITION_CONTEXT('part definition',#2,'design');
#13855 = ADVANCED_BREP_SHAPE_REPRESENTATION('',(#11,#13856),#14975);
#13856 = MANIFOLD_SOLID_BREP('',#13857);
#13857 = CLOSED_SHELL('',(#13858,#13900,#13931,#13964,#14234,#14504,
    #14521,#14538,#14555,#14572,#14589,#14606,#14623,#14640,#14657,
    #14674,#14691,#14708,#14725,#14742,#14759,#14776,#14793,#14810,
    #14827,#14844,#14856,#14873,#14890,#14907,#14924,#14941,#14958));
#13858 = ADVANCED_FACE('',(#13859),#13895,.T.);
#13859 = FACE_BOUND('',#13860,.T.);
#13860 = EDGE_LOOP('',(#13861,#13871,#13880,#13888));
#13861 = ORIENTED_EDGE('',*,*,#13862,.T.);
#13862 = EDGE_CURVE('',#13863,#13865,#13867,.T.);
#13863 = VERTEX_POINT('',#13864);
#13864 = CARTESIAN_POINT('',(-1.284523,10.,0.));
#13865 = VERTEX_POINT('',#13866);
#13866 = CARTESIAN_POINT('',(-1.284523,10.,1.51));
#13867 = LINE('',#13868,#13869);
#13868 = CARTESIAN_POINT('',(-1.284523,10.,0.));
#13869 = VECTOR('',#13870,1.);
#13870 = DIRECTION('',(0.,0.,1.));
#13871 = ORIENTED_EDGE('',*,*,#13872,.T.);
#13872 = EDGE_CURVE('',#13865,#13873,#13875,.T.);
#13873 = VERTEX_POINT('',#13874);
#13874 = CARTESIAN_POINT('',(-1.086904,9.830769,1.51));
#13875 = CIRCLE('',#13876,0.199911901484);
#13876 = AXIS2_PLACEMENT_3D('',#13877,#13878,#13879);
#13877 = CARTESIAN_POINT('',(-1.284447543334,9.800088112757,1.51));
#13878 = DIRECTION('',(0.,0.,-1.));
#13879 = DIRECTION('',(-3.774495958584E-04,0.999999928766,0.));
#13880 = ORIENTED_EDGE('',*,*,#13881,.F.);
#13881 = EDGE_CURVE('',#13882,#13873,#13884,.T.);
#13882 = VERTEX_POINT('',#13883);
#13883 = CARTESIAN_POINT('',(-1.086904,9.830769,0.));
#13884 = LINE('',#13885,#13886);
#13885 = CARTESIAN_POINT('',(-1.086904,9.830769,0.));
#13886 = VECTOR('',#13887,1.);
#13887 = DIRECTION('',(0.,0.,1.));
#13888 = ORIENTED_EDGE('',*,*,#13889,.F.);
#13889 = EDGE_CURVE('',#13863,#13882,#13890,.T.);
#13890 = CIRCLE('',#13891,0.199911901484);
#13891 = AXIS2_PLACEMENT_3D('',#13892,#13893,#13894);
#13892 = CARTESIAN_POINT('',(-1.284447543334,9.800088112757,0.));
#13893 = DIRECTION('',(0.,0.,-1.));
#13894 = DIRECTION('',(-3.774495958584E-04,0.999999928766,0.));
#13895 = CYLINDRICAL_SURFACE('',#13896,0.199911901484);
#13896 = AXIS2_PLACEMENT_3D('',#13897,#13898,#13899);
#13897 = CARTESIAN_POINT('',(-1.284447543334,9.800088112757,0.));
#13898 = DIRECTION('',(0.,0.,-1.));
#13899 = DIRECTION('',(-3.774495958584E-04,0.999999928766,0.));
#13900 = ADVANCED_FACE('',(#13901),#13926,.T.);
#13901 = FACE_BOUND('',#13902,.T.);
#13902 = EDGE_LOOP('',(#13903,#13913,#13919,#13920));
#13903 = ORIENTED_EDGE('',*,*,#13904,.T.);
#13904 = EDGE_CURVE('',#13905,#13907,#13909,.T.);
#13905 = VERTEX_POINT('',#13906);
#13906 = CARTESIAN_POINT('',(-18.715477,10.,0.));
#13907 = VERTEX_POINT('',#13908);
#13908 = CARTESIAN_POINT('',(-18.715477,10.,1.51));
#13909 = LINE('',#13910,#13911);
#13910 = CARTESIAN_POINT('',(-18.715477,10.,0.));
#13911 = VECTOR('',#13912,1.);
#13912 = DIRECTION('',(0.,0.,1.));
#13913 = ORIENTED_EDGE('',*,*,#13914,.T.);
#13914 = EDGE_CURVE('',#13907,#13865,#13915,.T.);
#13915 = LINE('',#13916,#13917);
#13916 = CARTESIAN_POINT('',(-18.715477,10.,1.51));
#13917 = VECTOR('',#13918,1.);
#13918 = DIRECTION('',(1.,0.,0.));
#13919 = ORIENTED_EDGE('',*,*,#13862,.F.);
#13920 = ORIENTED_EDGE('',*,*,#13921,.F.);
#13921 = EDGE_CURVE('',#13905,#13863,#13922,.T.);
#13922 = LINE('',#13923,#13924);
#13923 = CARTESIAN_POINT('',(-18.715477,10.,0.));
#13924 = VECTOR('',#13925,1.);
#13925 = DIRECTION('',(1.,0.,0.));
#13926 = PLANE('',#13927);
#13927 = AXIS2_PLACEMENT_3D('',#13928,#13929,#13930);
#13928 = CARTESIAN_POINT('',(-18.715477,10.,0.));
#13929 = DIRECTION('',(0.,1.,0.));
#13930 = DIRECTION('',(1.,0.,0.));
#13931 = ADVANCED_FACE('',(#13932),#13959,.F.);
#13932 = FACE_BOUND('',#13933,.T.);
#13933 = EDGE_LOOP('',(#13934,#13935,#13944,#13952));
#13934 = ORIENTED_EDGE('',*,*,#13881,.T.);
#13935 = ORIENTED_EDGE('',*,*,#13936,.T.);
#13936 = EDGE_CURVE('',#13873,#13937,#13939,.T.);
#13937 = VERTEX_POINT('',#13938);
#13938 = CARTESIAN_POINT('',(1.086905,9.830769,1.51));
#13939 = CIRCLE('',#13940,1.100000099391);
#13940 = AXIS2_PLACEMENT_3D('',#13941,#13942,#13943);
#13941 = CARTESIAN_POINT('',(5.000000000144E-07,9.999999099391,1.51));
#13942 = DIRECTION('',(0.,0.,1.));
#13943 = DIRECTION('',(-0.98809491072,-0.153845531,0.));
#13944 = ORIENTED_EDGE('',*,*,#13945,.F.);
#13945 = EDGE_CURVE('',#13946,#13937,#13948,.T.);
#13946 = VERTEX_POINT('',#13947);
#13947 = CARTESIAN_POINT('',(1.086905,9.830769,0.));
#13948 = LINE('',#13949,#13950);
#13949 = CARTESIAN_POINT('',(1.086905,9.830769,0.));
#13950 = VECTOR('',#13951,1.);
#13951 = DIRECTION('',(0.,0.,1.));
#13952 = ORIENTED_EDGE('',*,*,#13953,.F.);
#13953 = EDGE_CURVE('',#13882,#13946,#13954,.T.);
#13954 = CIRCLE('',#13955,1.100000099391);
#13955 = AXIS2_PLACEMENT_3D('',#13956,#13957,#13958);
#13956 = CARTESIAN_POINT('',(5.000000000144E-07,9.999999099391,0.));
#13957 = DIRECTION('',(0.,0.,1.));
#13958 = DIRECTION('',(-0.98809491072,-0.153845531,0.));
#13959 = CYLINDRICAL_SURFACE('',#13960,1.100000099391);
#13960 = AXIS2_PLACEMENT_3D('',#13961,#13962,#13963);
#13961 = CARTESIAN_POINT('',(5.000000000144E-07,9.999999099391,0.));
#13962 = DIRECTION('',(-0.,-0.,-1.));
#13963 = DIRECTION('',(-0.98809491072,-0.153845531,0.));
#13964 = ADVANCED_FACE('',(#13965,#14152,#14163,#14174,#14185,#14196,
    #14207,#14218),#14229,.F.);
#13965 = FACE_BOUND('',#13966,.F.);
#13966 = EDGE_LOOP('',(#13967,#13968,#13969,#13978,#13987,#13996,#14004,
    #14013,#14022,#14031,#14039,#14048,#14057,#14066,#14074,#14083,
    #14092,#14101,#14109,#14118,#14127,#14136,#14144,#14151));
#13967 = ORIENTED_EDGE('',*,*,#13889,.F.);
#13968 = ORIENTED_EDGE('',*,*,#13921,.F.);
#13969 = ORIENTED_EDGE('',*,*,#13970,.F.);
#13970 = EDGE_CURVE('',#13971,#13905,#13973,.T.);
#13971 = VERTEX_POINT('',#13972);
#13972 = CARTESIAN_POINT('',(-18.913095,9.830769,0.));
#13973 = CIRCLE('',#13974,0.200037257334);
#13974 = AXIS2_PLACEMENT_3D('',#13975,#13976,#13977);
#13975 = CARTESIAN_POINT('',(-18.71544409816,9.799962745372,0.));
#13976 = DIRECTION('',(0.,0.,-1.));
#13977 = DIRECTION('',(-0.988070444839,0.154002584511,0.));
#13978 = ORIENTED_EDGE('',*,*,#13979,.F.);
#13979 = EDGE_CURVE('',#13980,#13971,#13982,.T.);
#13980 = VERTEX_POINT('',#13981);
#13981 = CARTESIAN_POINT('',(-19.830769,8.913096,0.));
#13982 = CIRCLE('',#13983,1.099980235251);
#13983 = AXIS2_PLACEMENT_3D('',#13984,#13985,#13986);
#13984 = CARTESIAN_POINT('',(-19.99998189132,9.999983075714,0.));
#13985 = DIRECTION('',(0.,0.,1.));
#13986 = DIRECTION('',(0.153832665258,-0.988096913819,0.));
#13987 = ORIENTED_EDGE('',*,*,#13988,.F.);
#13988 = EDGE_CURVE('',#13989,#13980,#13991,.T.);
#13989 = VERTEX_POINT('',#13990);
#13990 = CARTESIAN_POINT('',(-20.,8.715477,0.));
#13991 = CIRCLE('',#13992,0.199974549278);
#13992 = AXIS2_PLACEMENT_3D('',#13993,#13994,#13995);
#13993 = CARTESIAN_POINT('',(-19.80002545191,8.71549879706,0.));
#13994 = DIRECTION('',(0.,0.,-1.));
#13995 = DIRECTION('',(-0.99999999406,-1.089991685416E-04,-0.));
#13996 = ORIENTED_EDGE('',*,*,#13997,.F.);
#13997 = EDGE_CURVE('',#13998,#13989,#14000,.T.);
#13998 = VERTEX_POINT('',#13999);
#13999 = CARTESIAN_POINT('',(-20.,-8.715477,0.));
#14000 = LINE('',#14001,#14002);
#14001 = CARTESIAN_POINT('',(-20.,-8.715477,0.));
#14002 = VECTOR('',#14003,1.);
#14003 = DIRECTION('',(0.,1.,0.));
#14004 = ORIENTED_EDGE('',*,*,#14005,.F.);
#14005 = EDGE_CURVE('',#14006,#13998,#14008,.T.);
#14006 = VERTEX_POINT('',#14007);
#14007 = CARTESIAN_POINT('',(-19.830769,-8.913096,0.));
#14008 = CIRCLE('',#14009,0.200068805866);
#14009 = AXIS2_PLACEMENT_3D('',#14010,#14011,#14012);
#14010 = CARTESIAN_POINT('',(-19.7999312028,-8.715418086856,0.));
#14011 = DIRECTION('',(0.,0.,-1.));
#14012 = DIRECTION('',(-0.154135958671,-0.988049647662,-0.));
#14013 = ORIENTED_EDGE('',*,*,#14014,.F.);
#14014 = EDGE_CURVE('',#14015,#14006,#14017,.T.);
#14015 = VERTEX_POINT('',#14016);
#14016 = CARTESIAN_POINT('',(-18.913095,-9.830769,0.));
#14017 = CIRCLE('',#14018,1.099950581004);
#14018 = AXIS2_PLACEMENT_3D('',#14019,#14020,#14021);
#14019 = CARTESIAN_POINT('',(-19.99995592261,-9.999957106981,0.));
#14020 = DIRECTION('',(0.,0.,1.));
#14021 = DIRECTION('',(0.988099775922,0.153814280298,-0.));
#14022 = ORIENTED_EDGE('',*,*,#14023,.F.);
#14023 = EDGE_CURVE('',#14024,#14015,#14026,.T.);
#14024 = VERTEX_POINT('',#14025);
#14025 = CARTESIAN_POINT('',(-18.715477,-10.,0.));
#14026 = CIRCLE('',#14027,0.199992705752);
#14027 = AXIS2_PLACEMENT_3D('',#14028,#14029,#14030);
#14028 = CARTESIAN_POINT('',(-18.71548224783,-9.800007294317,0.));
#14029 = DIRECTION('',(0.,0.,-1.));
#14030 = DIRECTION('',(2.624014187985E-05,-0.999999999656,0.));
#14031 = ORIENTED_EDGE('',*,*,#14032,.F.);
#14032 = EDGE_CURVE('',#14033,#14024,#14035,.T.);
#14033 = VERTEX_POINT('',#14034);
#14034 = CARTESIAN_POINT('',(-1.284523,-10.,0.));
#14035 = LINE('',#14036,#14037);
#14036 = CARTESIAN_POINT('',(-1.284523,-10.,0.));
#14037 = VECTOR('',#14038,1.);
#14038 = DIRECTION('',(-1.,0.,0.));
#14039 = ORIENTED_EDGE('',*,*,#14040,.F.);
#14040 = EDGE_CURVE('',#14041,#14033,#14043,.T.);
#14041 = VERTEX_POINT('',#14042);
#14042 = CARTESIAN_POINT('',(-1.086904,-9.830769,0.));
#14043 = CIRCLE('',#14044,0.200012577734);
#14044 = AXIS2_PLACEMENT_3D('',#14045,#14046,#14047);
#14045 = CARTESIAN_POINT('',(-1.284533769371,-9.799987422556,0.));
#14046 = DIRECTION('',(0.,0.,-1.));
#14047 = DIRECTION('',(0.988086707399,-0.153898208765,0.));
#14048 = ORIENTED_EDGE('',*,*,#14049,.F.);
#14049 = EDGE_CURVE('',#14050,#14041,#14052,.T.);
#14050 = VERTEX_POINT('',#14051);
#14051 = CARTESIAN_POINT('',(1.086905,-9.830769,0.));
#14052 = CIRCLE('',#14053,1.099999917574);
#14053 = AXIS2_PLACEMENT_3D('',#14054,#14055,#14056);
#14054 = CARTESIAN_POINT('',(4.999999999589E-07,-9.999997917574,0.));
#14055 = DIRECTION('',(0.,0.,1.));
#14056 = DIRECTION('',(0.98809507404,0.15384448205,-0.));
#14057 = ORIENTED_EDGE('',*,*,#14058,.F.);
#14058 = EDGE_CURVE('',#14059,#14050,#14061,.T.);
#14059 = VERTEX_POINT('',#14060);
#14060 = CARTESIAN_POINT('',(1.284523,-10.,0.));
#14061 = CIRCLE('',#14062,0.199992705752);
#14062 = AXIS2_PLACEMENT_3D('',#14063,#14064,#14065);
#14063 = CARTESIAN_POINT('',(1.284517752163,-9.800007294317,0.));
#14064 = DIRECTION('',(0.,0.,-1.));
#14065 = DIRECTION('',(2.62401418965E-05,-0.999999999656,0.));
#14066 = ORIENTED_EDGE('',*,*,#14067,.F.);
#14067 = EDGE_CURVE('',#14068,#14059,#14070,.T.);
#14068 = VERTEX_POINT('',#14069);
#14069 = CARTESIAN_POINT('',(18.715477,-10.,0.));
#14070 = LINE('',#14071,#14072);
#14071 = CARTESIAN_POINT('',(18.715477,-10.,0.));
#14072 = VECTOR('',#14073,1.);
#14073 = DIRECTION('',(-1.,0.,0.));
#14074 = ORIENTED_EDGE('',*,*,#14075,.F.);
#14075 = EDGE_CURVE('',#14076,#14068,#14078,.T.);
#14076 = VERTEX_POINT('',#14077);
#14077 = CARTESIAN_POINT('',(18.913096,-9.830769,0.));
#14078 = CIRCLE('',#14079,0.20010723423);
#14079 = AXIS2_PLACEMENT_3D('',#14080,#14081,#14082);
#14080 = CARTESIAN_POINT('',(18.715385189341,-9.799892786832,0.));
#14081 = DIRECTION('',(0.,0.,-1.));
#14082 = DIRECTION('',(0.98802430317,-0.154298335523,0.));
#14083 = ORIENTED_EDGE('',*,*,#14084,.F.);
#14084 = EDGE_CURVE('',#14085,#14076,#14087,.T.);
#14085 = VERTEX_POINT('',#14086);
#14086 = CARTESIAN_POINT('',(19.830769,-8.913096,0.));
#14087 = CIRCLE('',#14088,1.100001394094);
#14088 = AXIS2_PLACEMENT_3D('',#14089,#14090,#14091);
#14089 = CARTESIAN_POINT('',(20.000001445078,-10.00000144507,0.));
#14090 = DIRECTION('',(0.,0.,1.));
#14091 = DIRECTION('',(-0.153847482364,0.988094606893,0.));
#14092 = ORIENTED_EDGE('',*,*,#14093,.F.);
#14093 = EDGE_CURVE('',#14094,#14085,#14096,.T.);
#14094 = VERTEX_POINT('',#14095);
#14095 = CARTESIAN_POINT('',(20.,-8.715477,0.));
#14096 = CIRCLE('',#14097,0.200030040798);
#14097 = AXIS2_PLACEMENT_3D('',#14098,#14099,#14100);
#14098 = CARTESIAN_POINT('',(19.799969960856,-8.715451277305,0.));
#14099 = DIRECTION('',(0.,0.,-1.));
#14100 = DIRECTION('',(0.999999991732,-1.285941619255E-04,0.));
#14101 = ORIENTED_EDGE('',*,*,#14102,.F.);
#14102 = EDGE_CURVE('',#14103,#14094,#14105,.T.);
#14103 = VERTEX_POINT('',#14104);
#14104 = CARTESIAN_POINT('',(20.,8.715477,0.));
#14105 = LINE('',#14106,#14107);
#14106 = CARTESIAN_POINT('',(20.,8.715477,0.));
#14107 = VECTOR('',#14108,1.);
#14108 = DIRECTION('',(0.,-1.,0.));
#14109 = ORIENTED_EDGE('',*,*,#14110,.F.);
#14110 = EDGE_CURVE('',#14111,#14103,#14113,.T.);
#14111 = VERTEX_POINT('',#14112);
#14112 = CARTESIAN_POINT('',(19.830769,8.913096,0.));
#14113 = CIRCLE('',#14114,0.200024922717);
#14114 = AXIS2_PLACEMENT_3D('',#14115,#14116,#14117);
#14115 = CARTESIAN_POINT('',(19.799975078422,8.715455659731,0.));
#14116 = DIRECTION('',(0.,0.,-1.));
#14117 = DIRECTION('',(0.153950423578,0.988078573333,0.));
#14118 = ORIENTED_EDGE('',*,*,#14119,.F.);
#14119 = EDGE_CURVE('',#14120,#14111,#14122,.T.);
#14120 = VERTEX_POINT('',#14121);
#14121 = CARTESIAN_POINT('',(18.913096,9.830769,0.));
#14122 = CIRCLE('',#14123,1.100054780251);
#14123 = AXIS2_PLACEMENT_3D('',#14124,#14125,#14126);
#14124 = CARTESIAN_POINT('',(20.000048194792,10.000048194792,0.));
#14125 = DIRECTION('',(0.,0.,1.));
#14126 = DIRECTION('',(-0.988089151837,-0.153882513699,0.));
#14127 = ORIENTED_EDGE('',*,*,#14128,.F.);
#14128 = EDGE_CURVE('',#14129,#14120,#14131,.T.);
#14129 = VERTEX_POINT('',#14130);
#14130 = CARTESIAN_POINT('',(18.715477,10.,0.));
#14131 = CIRCLE('',#14132,0.199824030402);
#14132 = AXIS2_PLACEMENT_3D('',#14133,#14134,#14135);
#14133 = CARTESIAN_POINT('',(18.715627741549,9.800176026455,0.));
#14134 = DIRECTION('',(0.,0.,-1.));
#14135 = DIRECTION('',(-7.543714748787E-04,0.999999715462,0.));
#14136 = ORIENTED_EDGE('',*,*,#14137,.F.);
#14137 = EDGE_CURVE('',#14138,#14129,#14140,.T.);
#14138 = VERTEX_POINT('',#14139);
#14139 = CARTESIAN_POINT('',(1.284523,10.,0.));
#14140 = LINE('',#14141,#14142);
#14141 = CARTESIAN_POINT('',(1.284523,10.,0.));
#14142 = VECTOR('',#14143,1.);
#14143 = DIRECTION('',(1.,0.,0.));
#14144 = ORIENTED_EDGE('',*,*,#14145,.F.);
#14145 = EDGE_CURVE('',#13946,#14138,#14146,.T.);
#14146 = CIRCLE('',#14147,0.200037257334);
#14147 = AXIS2_PLACEMENT_3D('',#14148,#14149,#14150);
#14148 = CARTESIAN_POINT('',(1.284555901838,9.799962745372,0.));
#14149 = DIRECTION('',(0.,0.,-1.));
#14150 = DIRECTION('',(-0.988070444839,0.154002584511,0.));
#14151 = ORIENTED_EDGE('',*,*,#13953,.F.);
#14152 = FACE_BOUND('',#14153,.F.);
#14153 = EDGE_LOOP('',(#14154));
#14154 = ORIENTED_EDGE('',*,*,#14155,.T.);
#14155 = EDGE_CURVE('',#14156,#14156,#14158,.T.);
#14156 = VERTEX_POINT('',#14157);
#14157 = CARTESIAN_POINT('',(-15.08,-7.31,0.));
#14158 = CIRCLE('',#14159,0.5);
#14159 = AXIS2_PLACEMENT_3D('',#14160,#14161,#14162);
#14160 = CARTESIAN_POINT('',(-15.08,-6.81,0.));
#14161 = DIRECTION('',(-0.,0.,-1.));
#14162 = DIRECTION('',(-0.,-1.,0.));
#14163 = FACE_BOUND('',#14164,.F.);
#14164 = EDGE_LOOP('',(#14165));
#14165 = ORIENTED_EDGE('',*,*,#14166,.T.);
#14166 = EDGE_CURVE('',#14167,#14167,#14169,.T.);
#14167 = VERTEX_POINT('',#14168);
#14168 = CARTESIAN_POINT('',(-15.08,-4.81,0.));
#14169 = CIRCLE('',#14170,0.5);
#14170 = AXIS2_PLACEMENT_3D('',#14171,#14172,#14173);
#14171 = CARTESIAN_POINT('',(-15.08,-4.31,0.));
#14172 = DIRECTION('',(-0.,0.,-1.));
#14173 = DIRECTION('',(-0.,-1.,0.));
#14174 = FACE_BOUND('',#14175,.F.);
#14175 = EDGE_LOOP('',(#14176));
#14176 = ORIENTED_EDGE('',*,*,#14177,.T.);
#14177 = EDGE_CURVE('',#14178,#14178,#14180,.T.);
#14178 = VERTEX_POINT('',#14179);
#14179 = CARTESIAN_POINT('',(16.77,-1.74,0.));
#14180 = CIRCLE('',#14181,0.5);
#14181 = AXIS2_PLACEMENT_3D('',#14182,#14183,#14184);
#14182 = CARTESIAN_POINT('',(16.77,-1.24,0.));
#14183 = DIRECTION('',(-0.,0.,-1.));
#14184 = DIRECTION('',(-0.,-1.,0.));
#14185 = FACE_BOUND('',#14186,.F.);
#14186 = EDGE_LOOP('',(#14187));
#14187 = ORIENTED_EDGE('',*,*,#14188,.T.);
#14188 = EDGE_CURVE('',#14189,#14189,#14191,.T.);
#14189 = VERTEX_POINT('',#14190);
#14190 = CARTESIAN_POINT('',(-15.08,1.125,0.));
#14191 = CIRCLE('',#14192,0.475);
#14192 = AXIS2_PLACEMENT_3D('',#14193,#14194,#14195);
#14193 = CARTESIAN_POINT('',(-15.08,1.6,0.));
#14194 = DIRECTION('',(-0.,0.,-1.));
#14195 = DIRECTION('',(-0.,-1.,0.));
#14196 = FACE_BOUND('',#14197,.F.);
#14197 = EDGE_LOOP('',(#14198));
#14198 = ORIENTED_EDGE('',*,*,#14199,.T.);
#14199 = EDGE_CURVE('',#14200,#14200,#14202,.T.);
#14200 = VERTEX_POINT('',#14201);
#14201 = CARTESIAN_POINT('',(-15.08,3.625,0.));
#14202 = CIRCLE('',#14203,0.475);
#14203 = AXIS2_PLACEMENT_3D('',#14204,#14205,#14206);
#14204 = CARTESIAN_POINT('',(-15.08,4.1,0.));
#14205 = DIRECTION('',(-0.,0.,-1.));
#14206 = DIRECTION('',(-0.,-1.,0.));
#14207 = FACE_BOUND('',#14208,.F.);
#14208 = EDGE_LOOP('',(#14209));
#14209 = ORIENTED_EDGE('',*,*,#14210,.T.);
#14210 = EDGE_CURVE('',#14211,#14211,#14213,.T.);
#14211 = VERTEX_POINT('',#14212);
#14212 = CARTESIAN_POINT('',(-15.08,6.125,0.));
#14213 = CIRCLE('',#14214,0.475);
#14214 = AXIS2_PLACEMENT_3D('',#14215,#14216,#14217);
#14215 = CARTESIAN_POINT('',(-15.08,6.6,0.));
#14216 = DIRECTION('',(-0.,0.,-1.));
#14217 = DIRECTION('',(-0.,-1.,0.));
#14218 = FACE_BOUND('',#14219,.F.);
#14219 = EDGE_LOOP('',(#14220));
#14220 = ORIENTED_EDGE('',*,*,#14221,.T.);
#14221 = EDGE_CURVE('',#14222,#14222,#14224,.T.);
#14222 = VERTEX_POINT('',#14223);
#14223 = CARTESIAN_POINT('',(16.77,0.76,0.));
#14224 = CIRCLE('',#14225,0.5);
#14225 = AXIS2_PLACEMENT_3D('',#14226,#14227,#14228);
#14226 = CARTESIAN_POINT('',(16.77,1.26,0.));
#14227 = DIRECTION('',(-0.,0.,-1.));
#14228 = DIRECTION('',(-0.,-1.,0.));
#14229 = PLANE('',#14230);
#14230 = AXIS2_PLACEMENT_3D('',#14231,#14232,#14233);
#14231 = CARTESIAN_POINT('',(0.,0.,0.));
#14232 = DIRECTION('',(0.,0.,1.));
#14233 = DIRECTION('',(1.,0.,-0.));
#14234 = ADVANCED_FACE('',(#14235,#14422,#14433,#14444,#14455,#14466,
    #14477,#14488),#14499,.T.);
#14235 = FACE_BOUND('',#14236,.T.);
#14236 = EDGE_LOOP('',(#14237,#14238,#14239,#14248,#14257,#14266,#14274,
    #14283,#14292,#14301,#14309,#14318,#14327,#14336,#14344,#14353,
    #14362,#14371,#14379,#14388,#14397,#14406,#14414,#14421));
#14237 = ORIENTED_EDGE('',*,*,#13872,.F.);
#14238 = ORIENTED_EDGE('',*,*,#13914,.F.);
#14239 = ORIENTED_EDGE('',*,*,#14240,.F.);
#14240 = EDGE_CURVE('',#14241,#13907,#14243,.T.);
#14241 = VERTEX_POINT('',#14242);
#14242 = CARTESIAN_POINT('',(-18.913095,9.830769,1.51));
#14243 = CIRCLE('',#14244,0.200037257334);
#14244 = AXIS2_PLACEMENT_3D('',#14245,#14246,#14247);
#14245 = CARTESIAN_POINT('',(-18.71544409816,9.799962745372,1.51));
#14246 = DIRECTION('',(0.,0.,-1.));
#14247 = DIRECTION('',(-0.988070444839,0.154002584511,0.));
#14248 = ORIENTED_EDGE('',*,*,#14249,.F.);
#14249 = EDGE_CURVE('',#14250,#14241,#14252,.T.);
#14250 = VERTEX_POINT('',#14251);
#14251 = CARTESIAN_POINT('',(-19.830769,8.913096,1.51));
#14252 = CIRCLE('',#14253,1.099980235251);
#14253 = AXIS2_PLACEMENT_3D('',#14254,#14255,#14256);
#14254 = CARTESIAN_POINT('',(-19.99998189132,9.999983075714,1.51));
#14255 = DIRECTION('',(0.,0.,1.));
#14256 = DIRECTION('',(0.153832665258,-0.988096913819,0.));
#14257 = ORIENTED_EDGE('',*,*,#14258,.F.);
#14258 = EDGE_CURVE('',#14259,#14250,#14261,.T.);
#14259 = VERTEX_POINT('',#14260);
#14260 = CARTESIAN_POINT('',(-20.,8.715477,1.51));
#14261 = CIRCLE('',#14262,0.199974549278);
#14262 = AXIS2_PLACEMENT_3D('',#14263,#14264,#14265);
#14263 = CARTESIAN_POINT('',(-19.80002545191,8.71549879706,1.51));
#14264 = DIRECTION('',(0.,0.,-1.));
#14265 = DIRECTION('',(-0.99999999406,-1.089991685416E-04,-0.));
#14266 = ORIENTED_EDGE('',*,*,#14267,.F.);
#14267 = EDGE_CURVE('',#14268,#14259,#14270,.T.);
#14268 = VERTEX_POINT('',#14269);
#14269 = CARTESIAN_POINT('',(-20.,-8.715477,1.51));
#14270 = LINE('',#14271,#14272);
#14271 = CARTESIAN_POINT('',(-20.,-8.715477,1.51));
#14272 = VECTOR('',#14273,1.);
#14273 = DIRECTION('',(0.,1.,0.));
#14274 = ORIENTED_EDGE('',*,*,#14275,.F.);
#14275 = EDGE_CURVE('',#14276,#14268,#14278,.T.);
#14276 = VERTEX_POINT('',#14277);
#14277 = CARTESIAN_POINT('',(-19.830769,-8.913096,1.51));
#14278 = CIRCLE('',#14279,0.200068805866);
#14279 = AXIS2_PLACEMENT_3D('',#14280,#14281,#14282);
#14280 = CARTESIAN_POINT('',(-19.7999312028,-8.715418086856,1.51));
#14281 = DIRECTION('',(0.,0.,-1.));
#14282 = DIRECTION('',(-0.154135958671,-0.988049647662,-0.));
#14283 = ORIENTED_EDGE('',*,*,#14284,.F.);
#14284 = EDGE_CURVE('',#14285,#14276,#14287,.T.);
#14285 = VERTEX_POINT('',#14286);
#14286 = CARTESIAN_POINT('',(-18.913095,-9.830769,1.51));
#14287 = CIRCLE('',#14288,1.099950581004);
#14288 = AXIS2_PLACEMENT_3D('',#14289,#14290,#14291);
#14289 = CARTESIAN_POINT('',(-19.99995592261,-9.999957106981,1.51));
#14290 = DIRECTION('',(0.,0.,1.));
#14291 = DIRECTION('',(0.988099775922,0.153814280298,-0.));
#14292 = ORIENTED_EDGE('',*,*,#14293,.F.);
#14293 = EDGE_CURVE('',#14294,#14285,#14296,.T.);
#14294 = VERTEX_POINT('',#14295);
#14295 = CARTESIAN_POINT('',(-18.715477,-10.,1.51));
#14296 = CIRCLE('',#14297,0.199992705752);
#14297 = AXIS2_PLACEMENT_3D('',#14298,#14299,#14300);
#14298 = CARTESIAN_POINT('',(-18.71548224783,-9.800007294317,1.51));
#14299 = DIRECTION('',(0.,0.,-1.));
#14300 = DIRECTION('',(2.624014187985E-05,-0.999999999656,0.));
#14301 = ORIENTED_EDGE('',*,*,#14302,.F.);
#14302 = EDGE_CURVE('',#14303,#14294,#14305,.T.);
#14303 = VERTEX_POINT('',#14304);
#14304 = CARTESIAN_POINT('',(-1.284523,-10.,1.51));
#14305 = LINE('',#14306,#14307);
#14306 = CARTESIAN_POINT('',(-1.284523,-10.,1.51));
#14307 = VECTOR('',#14308,1.);
#14308 = DIRECTION('',(-1.,0.,0.));
#14309 = ORIENTED_EDGE('',*,*,#14310,.F.);
#14310 = EDGE_CURVE('',#14311,#14303,#14313,.T.);
#14311 = VERTEX_POINT('',#14312);
#14312 = CARTESIAN_POINT('',(-1.086904,-9.830769,1.51));
#14313 = CIRCLE('',#14314,0.200012577734);
#14314 = AXIS2_PLACEMENT_3D('',#14315,#14316,#14317);
#14315 = CARTESIAN_POINT('',(-1.284533769371,-9.799987422556,1.51));
#14316 = DIRECTION('',(0.,0.,-1.));
#14317 = DIRECTION('',(0.988086707399,-0.153898208765,0.));
#14318 = ORIENTED_EDGE('',*,*,#14319,.F.);
#14319 = EDGE_CURVE('',#14320,#14311,#14322,.T.);
#14320 = VERTEX_POINT('',#14321);
#14321 = CARTESIAN_POINT('',(1.086905,-9.830769,1.51));
#14322 = CIRCLE('',#14323,1.099999917574);
#14323 = AXIS2_PLACEMENT_3D('',#14324,#14325,#14326);
#14324 = CARTESIAN_POINT('',(4.999999999589E-07,-9.999997917574,1.51));
#14325 = DIRECTION('',(0.,0.,1.));
#14326 = DIRECTION('',(0.98809507404,0.15384448205,-0.));
#14327 = ORIENTED_EDGE('',*,*,#14328,.F.);
#14328 = EDGE_CURVE('',#14329,#14320,#14331,.T.);
#14329 = VERTEX_POINT('',#14330);
#14330 = CARTESIAN_POINT('',(1.284523,-10.,1.51));
#14331 = CIRCLE('',#14332,0.199992705752);
#14332 = AXIS2_PLACEMENT_3D('',#14333,#14334,#14335);
#14333 = CARTESIAN_POINT('',(1.284517752163,-9.800007294317,1.51));
#14334 = DIRECTION('',(0.,0.,-1.));
#14335 = DIRECTION('',(2.62401418965E-05,-0.999999999656,0.));
#14336 = ORIENTED_EDGE('',*,*,#14337,.F.);
#14337 = EDGE_CURVE('',#14338,#14329,#14340,.T.);
#14338 = VERTEX_POINT('',#14339);
#14339 = CARTESIAN_POINT('',(18.715477,-10.,1.51));
#14340 = LINE('',#14341,#14342);
#14341 = CARTESIAN_POINT('',(18.715477,-10.,1.51));
#14342 = VECTOR('',#14343,1.);
#14343 = DIRECTION('',(-1.,0.,0.));
#14344 = ORIENTED_EDGE('',*,*,#14345,.F.);
#14345 = EDGE_CURVE('',#14346,#14338,#14348,.T.);
#14346 = VERTEX_POINT('',#14347);
#14347 = CARTESIAN_POINT('',(18.913096,-9.830769,1.51));
#14348 = CIRCLE('',#14349,0.20010723423);
#14349 = AXIS2_PLACEMENT_3D('',#14350,#14351,#14352);
#14350 = CARTESIAN_POINT('',(18.715385189341,-9.799892786832,1.51));
#14351 = DIRECTION('',(0.,0.,-1.));
#14352 = DIRECTION('',(0.98802430317,-0.154298335523,0.));
#14353 = ORIENTED_EDGE('',*,*,#14354,.F.);
#14354 = EDGE_CURVE('',#14355,#14346,#14357,.T.);
#14355 = VERTEX_POINT('',#14356);
#14356 = CARTESIAN_POINT('',(19.830769,-8.913096,1.51));
#14357 = CIRCLE('',#14358,1.100001394094);
#14358 = AXIS2_PLACEMENT_3D('',#14359,#14360,#14361);
#14359 = CARTESIAN_POINT('',(20.000001445078,-10.00000144507,1.51));
#14360 = DIRECTION('',(0.,0.,1.));
#14361 = DIRECTION('',(-0.153847482364,0.988094606893,0.));
#14362 = ORIENTED_EDGE('',*,*,#14363,.F.);
#14363 = EDGE_CURVE('',#14364,#14355,#14366,.T.);
#14364 = VERTEX_POINT('',#14365);
#14365 = CARTESIAN_POINT('',(20.,-8.715477,1.51));
#14366 = CIRCLE('',#14367,0.200030040798);
#14367 = AXIS2_PLACEMENT_3D('',#14368,#14369,#14370);
#14368 = CARTESIAN_POINT('',(19.799969960856,-8.715451277305,1.51));
#14369 = DIRECTION('',(0.,0.,-1.));
#14370 = DIRECTION('',(0.999999991732,-1.285941619255E-04,0.));
#14371 = ORIENTED_EDGE('',*,*,#14372,.F.);
#14372 = EDGE_CURVE('',#14373,#14364,#14375,.T.);
#14373 = VERTEX_POINT('',#14374);
#14374 = CARTESIAN_POINT('',(20.,8.715477,1.51));
#14375 = LINE('',#14376,#14377);
#14376 = CARTESIAN_POINT('',(20.,8.715477,1.51));
#14377 = VECTOR('',#14378,1.);
#14378 = DIRECTION('',(0.,-1.,0.));
#14379 = ORIENTED_EDGE('',*,*,#14380,.F.);
#14380 = EDGE_CURVE('',#14381,#14373,#14383,.T.);
#14381 = VERTEX_POINT('',#14382);
#14382 = CARTESIAN_POINT('',(19.830769,8.913096,1.51));
#14383 = CIRCLE('',#14384,0.200024922717);
#14384 = AXIS2_PLACEMENT_3D('',#14385,#14386,#14387);
#14385 = CARTESIAN_POINT('',(19.799975078422,8.715455659731,1.51));
#14386 = DIRECTION('',(0.,0.,-1.));
#14387 = DIRECTION('',(0.153950423578,0.988078573333,0.));
#14388 = ORIENTED_EDGE('',*,*,#14389,.F.);
#14389 = EDGE_CURVE('',#14390,#14381,#14392,.T.);
#14390 = VERTEX_POINT('',#14391);
#14391 = CARTESIAN_POINT('',(18.913096,9.830769,1.51));
#14392 = CIRCLE('',#14393,1.100054780251);
#14393 = AXIS2_PLACEMENT_3D('',#14394,#14395,#14396);
#14394 = CARTESIAN_POINT('',(20.000048194792,10.000048194792,1.51));
#14395 = DIRECTION('',(0.,0.,1.));
#14396 = DIRECTION('',(-0.988089151837,-0.153882513699,0.));
#14397 = ORIENTED_EDGE('',*,*,#14398,.F.);
#14398 = EDGE_CURVE('',#14399,#14390,#14401,.T.);
#14399 = VERTEX_POINT('',#14400);
#14400 = CARTESIAN_POINT('',(18.715477,10.,1.51));
#14401 = CIRCLE('',#14402,0.199824030402);
#14402 = AXIS2_PLACEMENT_3D('',#14403,#14404,#14405);
#14403 = CARTESIAN_POINT('',(18.715627741549,9.800176026455,1.51));
#14404 = DIRECTION('',(0.,0.,-1.));
#14405 = DIRECTION('',(-7.543714748787E-04,0.999999715462,0.));
#14406 = ORIENTED_EDGE('',*,*,#14407,.F.);
#14407 = EDGE_CURVE('',#14408,#14399,#14410,.T.);
#14408 = VERTEX_POINT('',#14409);
#14409 = CARTESIAN_POINT('',(1.284523,10.,1.51));
#14410 = LINE('',#14411,#14412);
#14411 = CARTESIAN_POINT('',(1.284523,10.,1.51));
#14412 = VECTOR('',#14413,1.);
#14413 = DIRECTION('',(1.,0.,0.));
#14414 = ORIENTED_EDGE('',*,*,#14415,.F.);
#14415 = EDGE_CURVE('',#13937,#14408,#14416,.T.);
#14416 = CIRCLE('',#14417,0.200037257334);
#14417 = AXIS2_PLACEMENT_3D('',#14418,#14419,#14420);
#14418 = CARTESIAN_POINT('',(1.284555901838,9.799962745372,1.51));
#14419 = DIRECTION('',(0.,0.,-1.));
#14420 = DIRECTION('',(-0.988070444839,0.154002584511,0.));
#14421 = ORIENTED_EDGE('',*,*,#13936,.F.);
#14422 = FACE_BOUND('',#14423,.T.);
#14423 = EDGE_LOOP('',(#14424));
#14424 = ORIENTED_EDGE('',*,*,#14425,.T.);
#14425 = EDGE_CURVE('',#14426,#14426,#14428,.T.);
#14426 = VERTEX_POINT('',#14427);
#14427 = CARTESIAN_POINT('',(-15.08,-7.31,1.51));
#14428 = CIRCLE('',#14429,0.5);
#14429 = AXIS2_PLACEMENT_3D('',#14430,#14431,#14432);
#14430 = CARTESIAN_POINT('',(-15.08,-6.81,1.51));
#14431 = DIRECTION('',(-0.,0.,-1.));
#14432 = DIRECTION('',(-0.,-1.,0.));
#14433 = FACE_BOUND('',#14434,.T.);
#14434 = EDGE_LOOP('',(#14435));
#14435 = ORIENTED_EDGE('',*,*,#14436,.T.);
#14436 = EDGE_CURVE('',#14437,#14437,#14439,.T.);
#14437 = VERTEX_POINT('',#14438);
#14438 = CARTESIAN_POINT('',(-15.08,-4.81,1.51));
#14439 = CIRCLE('',#14440,0.5);
#14440 = AXIS2_PLACEMENT_3D('',#14441,#14442,#14443);
#14441 = CARTESIAN_POINT('',(-15.08,-4.31,1.51));
#14442 = DIRECTION('',(-0.,0.,-1.));
#14443 = DIRECTION('',(-0.,-1.,0.));
#14444 = FACE_BOUND('',#14445,.T.);
#14445 = EDGE_LOOP('',(#14446));
#14446 = ORIENTED_EDGE('',*,*,#14447,.T.);
#14447 = EDGE_CURVE('',#14448,#14448,#14450,.T.);
#14448 = VERTEX_POINT('',#14449);
#14449 = CARTESIAN_POINT('',(16.77,-1.74,1.51));
#14450 = CIRCLE('',#14451,0.5);
#14451 = AXIS2_PLACEMENT_3D('',#14452,#14453,#14454);
#14452 = CARTESIAN_POINT('',(16.77,-1.24,1.51));
#14453 = DIRECTION('',(-0.,0.,-1.));
#14454 = DIRECTION('',(-0.,-1.,0.));
#14455 = FACE_BOUND('',#14456,.T.);
#14456 = EDGE_LOOP('',(#14457));
#14457 = ORIENTED_EDGE('',*,*,#14458,.T.);
#14458 = EDGE_CURVE('',#14459,#14459,#14461,.T.);
#14459 = VERTEX_POINT('',#14460);
#14460 = CARTESIAN_POINT('',(-15.08,1.125,1.51));
#14461 = CIRCLE('',#14462,0.475);
#14462 = AXIS2_PLACEMENT_3D('',#14463,#14464,#14465);
#14463 = CARTESIAN_POINT('',(-15.08,1.6,1.51));
#14464 = DIRECTION('',(-0.,0.,-1.));
#14465 = DIRECTION('',(-0.,-1.,0.));
#14466 = FACE_BOUND('',#14467,.T.);
#14467 = EDGE_LOOP('',(#14468));
#14468 = ORIENTED_EDGE('',*,*,#14469,.T.);
#14469 = EDGE_CURVE('',#14470,#14470,#14472,.T.);
#14470 = VERTEX_POINT('',#14471);
#14471 = CARTESIAN_POINT('',(-15.08,3.625,1.51));
#14472 = CIRCLE('',#14473,0.475);
#14473 = AXIS2_PLACEMENT_3D('',#14474,#14475,#14476);
#14474 = CARTESIAN_POINT('',(-15.08,4.1,1.51));
#14475 = DIRECTION('',(-0.,0.,-1.));
#14476 = DIRECTION('',(-0.,-1.,0.));
#14477 = FACE_BOUND('',#14478,.T.);
#14478 = EDGE_LOOP('',(#14479));
#14479 = ORIENTED_EDGE('',*,*,#14480,.T.);
#14480 = EDGE_CURVE('',#14481,#14481,#14483,.T.);
#14481 = VERTEX_POINT('',#14482);
#14482 = CARTESIAN_POINT('',(-15.08,6.125,1.51));
#14483 = CIRCLE('',#14484,0.475);
#14484 = AXIS2_PLACEMENT_3D('',#14485,#14486,#14487);
#14485 = CARTESIAN_POINT('',(-15.08,6.6,1.51));
#14486 = DIRECTION('',(-0.,0.,-1.));
#14487 = DIRECTION('',(-0.,-1.,0.));
#14488 = FACE_BOUND('',#14489,.T.);
#14489 = EDGE_LOOP('',(#14490));
#14490 = ORIENTED_EDGE('',*,*,#14491,.T.);
#14491 = EDGE_CURVE('',#14492,#14492,#14494,.T.);
#14492 = VERTEX_POINT('',#14493);
#14493 = CARTESIAN_POINT('',(16.77,0.76,1.51));
#14494 = CIRCLE('',#14495,0.5);
#14495 = AXIS2_PLACEMENT_3D('',#14496,#14497,#14498);
#14496 = CARTESIAN_POINT('',(16.77,1.26,1.51));
#14497 = DIRECTION('',(-0.,0.,-1.));
#14498 = DIRECTION('',(-0.,-1.,0.));
#14499 = PLANE('',#14500);
#14500 = AXIS2_PLACEMENT_3D('',#14501,#14502,#14503);
#14501 = CARTESIAN_POINT('',(0.,0.,1.51));
#14502 = DIRECTION('',(0.,0.,1.));
#14503 = DIRECTION('',(1.,0.,-0.));
#14504 = ADVANCED_FACE('',(#14505),#14516,.T.);
#14505 = FACE_BOUND('',#14506,.T.);
#14506 = EDGE_LOOP('',(#14507,#14513,#14514,#14515));
#14507 = ORIENTED_EDGE('',*,*,#14508,.T.);
#14508 = EDGE_CURVE('',#13971,#14241,#14509,.T.);
#14509 = LINE('',#14510,#14511);
#14510 = CARTESIAN_POINT('',(-18.913095,9.830769,0.));
#14511 = VECTOR('',#14512,1.);
#14512 = DIRECTION('',(0.,0.,1.));
#14513 = ORIENTED_EDGE('',*,*,#14240,.T.);
#14514 = ORIENTED_EDGE('',*,*,#13904,.F.);
#14515 = ORIENTED_EDGE('',*,*,#13970,.F.);
#14516 = CYLINDRICAL_SURFACE('',#14517,0.200037257334);
#14517 = AXIS2_PLACEMENT_3D('',#14518,#14519,#14520);
#14518 = CARTESIAN_POINT('',(-18.71544409816,9.799962745372,0.));
#14519 = DIRECTION('',(0.,0.,-1.));
#14520 = DIRECTION('',(-0.988070444839,0.154002584511,0.));
#14521 = ADVANCED_FACE('',(#14522),#14533,.T.);
#14522 = FACE_BOUND('',#14523,.T.);
#14523 = EDGE_LOOP('',(#14524,#14525,#14526,#14532));
#14524 = ORIENTED_EDGE('',*,*,#13945,.T.);
#14525 = ORIENTED_EDGE('',*,*,#14415,.T.);
#14526 = ORIENTED_EDGE('',*,*,#14527,.F.);
#14527 = EDGE_CURVE('',#14138,#14408,#14528,.T.);
#14528 = LINE('',#14529,#14530);
#14529 = CARTESIAN_POINT('',(1.284523,10.,0.));
#14530 = VECTOR('',#14531,1.);
#14531 = DIRECTION('',(0.,0.,1.));
#14532 = ORIENTED_EDGE('',*,*,#14145,.F.);
#14533 = CYLINDRICAL_SURFACE('',#14534,0.200037257334);
#14534 = AXIS2_PLACEMENT_3D('',#14535,#14536,#14537);
#14535 = CARTESIAN_POINT('',(1.284555901838,9.799962745372,0.));
#14536 = DIRECTION('',(0.,0.,-1.));
#14537 = DIRECTION('',(-0.988070444839,0.154002584511,0.));
#14538 = ADVANCED_FACE('',(#14539),#14550,.F.);
#14539 = FACE_BOUND('',#14540,.T.);
#14540 = EDGE_LOOP('',(#14541,#14547,#14548,#14549));
#14541 = ORIENTED_EDGE('',*,*,#14542,.T.);
#14542 = EDGE_CURVE('',#13980,#14250,#14543,.T.);
#14543 = LINE('',#14544,#14545);
#14544 = CARTESIAN_POINT('',(-19.830769,8.913096,0.));
#14545 = VECTOR('',#14546,1.);
#14546 = DIRECTION('',(0.,0.,1.));
#14547 = ORIENTED_EDGE('',*,*,#14249,.T.);
#14548 = ORIENTED_EDGE('',*,*,#14508,.F.);
#14549 = ORIENTED_EDGE('',*,*,#13979,.F.);
#14550 = CYLINDRICAL_SURFACE('',#14551,1.099980235251);
#14551 = AXIS2_PLACEMENT_3D('',#14552,#14553,#14554);
#14552 = CARTESIAN_POINT('',(-19.99998189132,9.999983075714,0.));
#14553 = DIRECTION('',(-0.,-0.,-1.));
#14554 = DIRECTION('',(0.153832665258,-0.988096913819,0.));
#14555 = ADVANCED_FACE('',(#14556),#14567,.T.);
#14556 = FACE_BOUND('',#14557,.T.);
#14557 = EDGE_LOOP('',(#14558,#14559,#14560,#14566));
#14558 = ORIENTED_EDGE('',*,*,#14527,.T.);
#14559 = ORIENTED_EDGE('',*,*,#14407,.T.);
#14560 = ORIENTED_EDGE('',*,*,#14561,.F.);
#14561 = EDGE_CURVE('',#14129,#14399,#14562,.T.);
#14562 = LINE('',#14563,#14564);
#14563 = CARTESIAN_POINT('',(18.715477,10.,0.));
#14564 = VECTOR('',#14565,1.);
#14565 = DIRECTION('',(0.,0.,1.));
#14566 = ORIENTED_EDGE('',*,*,#14137,.F.);
#14567 = PLANE('',#14568);
#14568 = AXIS2_PLACEMENT_3D('',#14569,#14570,#14571);
#14569 = CARTESIAN_POINT('',(1.284523,10.,0.));
#14570 = DIRECTION('',(0.,1.,0.));
#14571 = DIRECTION('',(1.,0.,0.));
#14572 = ADVANCED_FACE('',(#14573),#14584,.T.);
#14573 = FACE_BOUND('',#14574,.T.);
#14574 = EDGE_LOOP('',(#14575,#14581,#14582,#14583));
#14575 = ORIENTED_EDGE('',*,*,#14576,.T.);
#14576 = EDGE_CURVE('',#13989,#14259,#14577,.T.);
#14577 = LINE('',#14578,#14579);
#14578 = CARTESIAN_POINT('',(-20.,8.715477,0.));
#14579 = VECTOR('',#14580,1.);
#14580 = DIRECTION('',(0.,0.,1.));
#14581 = ORIENTED_EDGE('',*,*,#14258,.T.);
#14582 = ORIENTED_EDGE('',*,*,#14542,.F.);
#14583 = ORIENTED_EDGE('',*,*,#13988,.F.);
#14584 = CYLINDRICAL_SURFACE('',#14585,0.199974549278);
#14585 = AXIS2_PLACEMENT_3D('',#14586,#14587,#14588);
#14586 = CARTESIAN_POINT('',(-19.80002545191,8.71549879706,0.));
#14587 = DIRECTION('',(0.,0.,-1.));
#14588 = DIRECTION('',(-0.99999999406,-1.089991685416E-04,-0.));
#14589 = ADVANCED_FACE('',(#14590),#14601,.T.);
#14590 = FACE_BOUND('',#14591,.T.);
#14591 = EDGE_LOOP('',(#14592,#14593,#14594,#14600));
#14592 = ORIENTED_EDGE('',*,*,#14561,.T.);
#14593 = ORIENTED_EDGE('',*,*,#14398,.T.);
#14594 = ORIENTED_EDGE('',*,*,#14595,.F.);
#14595 = EDGE_CURVE('',#14120,#14390,#14596,.T.);
#14596 = LINE('',#14597,#14598);
#14597 = CARTESIAN_POINT('',(18.913096,9.830769,0.));
#14598 = VECTOR('',#14599,1.);
#14599 = DIRECTION('',(0.,0.,1.));
#14600 = ORIENTED_EDGE('',*,*,#14128,.F.);
#14601 = CYLINDRICAL_SURFACE('',#14602,0.199824030402);
#14602 = AXIS2_PLACEMENT_3D('',#14603,#14604,#14605);
#14603 = CARTESIAN_POINT('',(18.715627741549,9.800176026455,0.));
#14604 = DIRECTION('',(0.,0.,-1.));
#14605 = DIRECTION('',(-7.543714748787E-04,0.999999715462,0.));
#14606 = ADVANCED_FACE('',(#14607),#14618,.T.);
#14607 = FACE_BOUND('',#14608,.T.);
#14608 = EDGE_LOOP('',(#14609,#14615,#14616,#14617));
#14609 = ORIENTED_EDGE('',*,*,#14610,.T.);
#14610 = EDGE_CURVE('',#13998,#14268,#14611,.T.);
#14611 = LINE('',#14612,#14613);
#14612 = CARTESIAN_POINT('',(-20.,-8.715477,0.));
#14613 = VECTOR('',#14614,1.);
#14614 = DIRECTION('',(0.,0.,1.));
#14615 = ORIENTED_EDGE('',*,*,#14267,.T.);
#14616 = ORIENTED_EDGE('',*,*,#14576,.F.);
#14617 = ORIENTED_EDGE('',*,*,#13997,.F.);
#14618 = PLANE('',#14619);
#14619 = AXIS2_PLACEMENT_3D('',#14620,#14621,#14622);
#14620 = CARTESIAN_POINT('',(-20.,-8.715477,0.));
#14621 = DIRECTION('',(-1.,0.,0.));
#14622 = DIRECTION('',(0.,1.,0.));
#14623 = ADVANCED_FACE('',(#14624),#14635,.F.);
#14624 = FACE_BOUND('',#14625,.T.);
#14625 = EDGE_LOOP('',(#14626,#14627,#14628,#14634));
#14626 = ORIENTED_EDGE('',*,*,#14595,.T.);
#14627 = ORIENTED_EDGE('',*,*,#14389,.T.);
#14628 = ORIENTED_EDGE('',*,*,#14629,.F.);
#14629 = EDGE_CURVE('',#14111,#14381,#14630,.T.);
#14630 = LINE('',#14631,#14632);
#14631 = CARTESIAN_POINT('',(19.830769,8.913096,0.));
#14632 = VECTOR('',#14633,1.);
#14633 = DIRECTION('',(0.,0.,1.));
#14634 = ORIENTED_EDGE('',*,*,#14119,.F.);
#14635 = CYLINDRICAL_SURFACE('',#14636,1.100054780251);
#14636 = AXIS2_PLACEMENT_3D('',#14637,#14638,#14639);
#14637 = CARTESIAN_POINT('',(20.000048194792,10.000048194792,0.));
#14638 = DIRECTION('',(-0.,-0.,-1.));
#14639 = DIRECTION('',(-0.988089151837,-0.153882513699,0.));
#14640 = ADVANCED_FACE('',(#14641),#14652,.T.);
#14641 = FACE_BOUND('',#14642,.T.);
#14642 = EDGE_LOOP('',(#14643,#14649,#14650,#14651));
#14643 = ORIENTED_EDGE('',*,*,#14644,.T.);
#14644 = EDGE_CURVE('',#14006,#14276,#14645,.T.);
#14645 = LINE('',#14646,#14647);
#14646 = CARTESIAN_POINT('',(-19.830769,-8.913096,0.));
#14647 = VECTOR('',#14648,1.);
#14648 = DIRECTION('',(0.,0.,1.));
#14649 = ORIENTED_EDGE('',*,*,#14275,.T.);
#14650 = ORIENTED_EDGE('',*,*,#14610,.F.);
#14651 = ORIENTED_EDGE('',*,*,#14005,.F.);
#14652 = CYLINDRICAL_SURFACE('',#14653,0.200068805866);
#14653 = AXIS2_PLACEMENT_3D('',#14654,#14655,#14656);
#14654 = CARTESIAN_POINT('',(-19.7999312028,-8.715418086856,0.));
#14655 = DIRECTION('',(0.,0.,-1.));
#14656 = DIRECTION('',(-0.154135958671,-0.988049647662,-0.));
#14657 = ADVANCED_FACE('',(#14658),#14669,.T.);
#14658 = FACE_BOUND('',#14659,.T.);
#14659 = EDGE_LOOP('',(#14660,#14661,#14662,#14668));
#14660 = ORIENTED_EDGE('',*,*,#14629,.T.);
#14661 = ORIENTED_EDGE('',*,*,#14380,.T.);
#14662 = ORIENTED_EDGE('',*,*,#14663,.F.);
#14663 = EDGE_CURVE('',#14103,#14373,#14664,.T.);
#14664 = LINE('',#14665,#14666);
#14665 = CARTESIAN_POINT('',(20.,8.715477,0.));
#14666 = VECTOR('',#14667,1.);
#14667 = DIRECTION('',(0.,0.,1.));
#14668 = ORIENTED_EDGE('',*,*,#14110,.F.);
#14669 = CYLINDRICAL_SURFACE('',#14670,0.200024922717);
#14670 = AXIS2_PLACEMENT_3D('',#14671,#14672,#14673);
#14671 = CARTESIAN_POINT('',(19.799975078422,8.715455659731,0.));
#14672 = DIRECTION('',(0.,0.,-1.));
#14673 = DIRECTION('',(0.153950423578,0.988078573333,0.));
#14674 = ADVANCED_FACE('',(#14675),#14686,.F.);
#14675 = FACE_BOUND('',#14676,.T.);
#14676 = EDGE_LOOP('',(#14677,#14683,#14684,#14685));
#14677 = ORIENTED_EDGE('',*,*,#14678,.T.);
#14678 = EDGE_CURVE('',#14015,#14285,#14679,.T.);
#14679 = LINE('',#14680,#14681);
#14680 = CARTESIAN_POINT('',(-18.913095,-9.830769,0.));
#14681 = VECTOR('',#14682,1.);
#14682 = DIRECTION('',(0.,0.,1.));
#14683 = ORIENTED_EDGE('',*,*,#14284,.T.);
#14684 = ORIENTED_EDGE('',*,*,#14644,.F.);
#14685 = ORIENTED_EDGE('',*,*,#14014,.F.);
#14686 = CYLINDRICAL_SURFACE('',#14687,1.099950581004);
#14687 = AXIS2_PLACEMENT_3D('',#14688,#14689,#14690);
#14688 = CARTESIAN_POINT('',(-19.99995592261,-9.999957106981,0.));
#14689 = DIRECTION('',(-0.,-0.,-1.));
#14690 = DIRECTION('',(0.988099775922,0.153814280298,-0.));
#14691 = ADVANCED_FACE('',(#14692),#14703,.T.);
#14692 = FACE_BOUND('',#14693,.T.);
#14693 = EDGE_LOOP('',(#14694,#14695,#14696,#14702));
#14694 = ORIENTED_EDGE('',*,*,#14663,.T.);
#14695 = ORIENTED_EDGE('',*,*,#14372,.T.);
#14696 = ORIENTED_EDGE('',*,*,#14697,.F.);
#14697 = EDGE_CURVE('',#14094,#14364,#14698,.T.);
#14698 = LINE('',#14699,#14700);
#14699 = CARTESIAN_POINT('',(20.,-8.715477,0.));
#14700 = VECTOR('',#14701,1.);
#14701 = DIRECTION('',(0.,0.,1.));
#14702 = ORIENTED_EDGE('',*,*,#14102,.F.);
#14703 = PLANE('',#14704);
#14704 = AXIS2_PLACEMENT_3D('',#14705,#14706,#14707);
#14705 = CARTESIAN_POINT('',(20.,8.715477,0.));
#14706 = DIRECTION('',(1.,0.,-0.));
#14707 = DIRECTION('',(0.,-1.,0.));
#14708 = ADVANCED_FACE('',(#14709),#14720,.T.);
#14709 = FACE_BOUND('',#14710,.T.);
#14710 = EDGE_LOOP('',(#14711,#14717,#14718,#14719));
#14711 = ORIENTED_EDGE('',*,*,#14712,.T.);
#14712 = EDGE_CURVE('',#14024,#14294,#14713,.T.);
#14713 = LINE('',#14714,#14715);
#14714 = CARTESIAN_POINT('',(-18.715477,-10.,0.));
#14715 = VECTOR('',#14716,1.);
#14716 = DIRECTION('',(0.,0.,1.));
#14717 = ORIENTED_EDGE('',*,*,#14293,.T.);
#14718 = ORIENTED_EDGE('',*,*,#14678,.F.);
#14719 = ORIENTED_EDGE('',*,*,#14023,.F.);
#14720 = CYLINDRICAL_SURFACE('',#14721,0.199992705752);
#14721 = AXIS2_PLACEMENT_3D('',#14722,#14723,#14724);
#14722 = CARTESIAN_POINT('',(-18.71548224783,-9.800007294317,0.));
#14723 = DIRECTION('',(0.,0.,-1.));
#14724 = DIRECTION('',(2.624014187985E-05,-0.999999999656,0.));
#14725 = ADVANCED_FACE('',(#14726),#14737,.T.);
#14726 = FACE_BOUND('',#14727,.T.);
#14727 = EDGE_LOOP('',(#14728,#14729,#14730,#14736));
#14728 = ORIENTED_EDGE('',*,*,#14697,.T.);
#14729 = ORIENTED_EDGE('',*,*,#14363,.T.);
#14730 = ORIENTED_EDGE('',*,*,#14731,.F.);
#14731 = EDGE_CURVE('',#14085,#14355,#14732,.T.);
#14732 = LINE('',#14733,#14734);
#14733 = CARTESIAN_POINT('',(19.830769,-8.913096,0.));
#14734 = VECTOR('',#14735,1.);
#14735 = DIRECTION('',(0.,0.,1.));
#14736 = ORIENTED_EDGE('',*,*,#14093,.F.);
#14737 = CYLINDRICAL_SURFACE('',#14738,0.200030040798);
#14738 = AXIS2_PLACEMENT_3D('',#14739,#14740,#14741);
#14739 = CARTESIAN_POINT('',(19.799969960856,-8.715451277305,0.));
#14740 = DIRECTION('',(0.,0.,-1.));
#14741 = DIRECTION('',(0.999999991732,-1.285941619255E-04,0.));
#14742 = ADVANCED_FACE('',(#14743),#14754,.T.);
#14743 = FACE_BOUND('',#14744,.T.);
#14744 = EDGE_LOOP('',(#14745,#14751,#14752,#14753));
#14745 = ORIENTED_EDGE('',*,*,#14746,.T.);
#14746 = EDGE_CURVE('',#14033,#14303,#14747,.T.);
#14747 = LINE('',#14748,#14749);
#14748 = CARTESIAN_POINT('',(-1.284523,-10.,0.));
#14749 = VECTOR('',#14750,1.);
#14750 = DIRECTION('',(0.,0.,1.));
#14751 = ORIENTED_EDGE('',*,*,#14302,.T.);
#14752 = ORIENTED_EDGE('',*,*,#14712,.F.);
#14753 = ORIENTED_EDGE('',*,*,#14032,.F.);
#14754 = PLANE('',#14755);
#14755 = AXIS2_PLACEMENT_3D('',#14756,#14757,#14758);
#14756 = CARTESIAN_POINT('',(-1.284523,-10.,0.));
#14757 = DIRECTION('',(0.,-1.,0.));
#14758 = DIRECTION('',(-1.,0.,0.));
#14759 = ADVANCED_FACE('',(#14760),#14771,.F.);
#14760 = FACE_BOUND('',#14761,.T.);
#14761 = EDGE_LOOP('',(#14762,#14763,#14764,#14770));
#14762 = ORIENTED_EDGE('',*,*,#14731,.T.);
#14763 = ORIENTED_EDGE('',*,*,#14354,.T.);
#14764 = ORIENTED_EDGE('',*,*,#14765,.F.);
#14765 = EDGE_CURVE('',#14076,#14346,#14766,.T.);
#14766 = LINE('',#14767,#14768);
#14767 = CARTESIAN_POINT('',(18.913096,-9.830769,0.));
#14768 = VECTOR('',#14769,1.);
#14769 = DIRECTION('',(0.,0.,1.));
#14770 = ORIENTED_EDGE('',*,*,#14084,.F.);
#14771 = CYLINDRICAL_SURFACE('',#14772,1.100001394094);
#14772 = AXIS2_PLACEMENT_3D('',#14773,#14774,#14775);
#14773 = CARTESIAN_POINT('',(20.000001445078,-10.00000144507,0.));
#14774 = DIRECTION('',(-0.,-0.,-1.));
#14775 = DIRECTION('',(-0.153847482364,0.988094606893,0.));
#14776 = ADVANCED_FACE('',(#14777),#14788,.T.);
#14777 = FACE_BOUND('',#14778,.T.);
#14778 = EDGE_LOOP('',(#14779,#14785,#14786,#14787));
#14779 = ORIENTED_EDGE('',*,*,#14780,.T.);
#14780 = EDGE_CURVE('',#14041,#14311,#14781,.T.);
#14781 = LINE('',#14782,#14783);
#14782 = CARTESIAN_POINT('',(-1.086904,-9.830769,0.));
#14783 = VECTOR('',#14784,1.);
#14784 = DIRECTION('',(0.,0.,1.));
#14785 = ORIENTED_EDGE('',*,*,#14310,.T.);
#14786 = ORIENTED_EDGE('',*,*,#14746,.F.);
#14787 = ORIENTED_EDGE('',*,*,#14040,.F.);
#14788 = CYLINDRICAL_SURFACE('',#14789,0.200012577734);
#14789 = AXIS2_PLACEMENT_3D('',#14790,#14791,#14792);
#14790 = CARTESIAN_POINT('',(-1.284533769371,-9.799987422556,0.));
#14791 = DIRECTION('',(0.,0.,-1.));
#14792 = DIRECTION('',(0.988086707399,-0.153898208765,0.));
#14793 = ADVANCED_FACE('',(#14794),#14805,.T.);
#14794 = FACE_BOUND('',#14795,.T.);
#14795 = EDGE_LOOP('',(#14796,#14797,#14798,#14804));
#14796 = ORIENTED_EDGE('',*,*,#14765,.T.);
#14797 = ORIENTED_EDGE('',*,*,#14345,.T.);
#14798 = ORIENTED_EDGE('',*,*,#14799,.F.);
#14799 = EDGE_CURVE('',#14068,#14338,#14800,.T.);
#14800 = LINE('',#14801,#14802);
#14801 = CARTESIAN_POINT('',(18.715477,-10.,0.));
#14802 = VECTOR('',#14803,1.);
#14803 = DIRECTION('',(0.,0.,1.));
#14804 = ORIENTED_EDGE('',*,*,#14075,.F.);
#14805 = CYLINDRICAL_SURFACE('',#14806,0.20010723423);
#14806 = AXIS2_PLACEMENT_3D('',#14807,#14808,#14809);
#14807 = CARTESIAN_POINT('',(18.715385189341,-9.799892786832,0.));
#14808 = DIRECTION('',(0.,0.,-1.));
#14809 = DIRECTION('',(0.98802430317,-0.154298335523,0.));
#14810 = ADVANCED_FACE('',(#14811),#14822,.F.);
#14811 = FACE_BOUND('',#14812,.T.);
#14812 = EDGE_LOOP('',(#14813,#14819,#14820,#14821));
#14813 = ORIENTED_EDGE('',*,*,#14814,.T.);
#14814 = EDGE_CURVE('',#14050,#14320,#14815,.T.);
#14815 = LINE('',#14816,#14817);
#14816 = CARTESIAN_POINT('',(1.086905,-9.830769,0.));
#14817 = VECTOR('',#14818,1.);
#14818 = DIRECTION('',(0.,0.,1.));
#14819 = ORIENTED_EDGE('',*,*,#14319,.T.);
#14820 = ORIENTED_EDGE('',*,*,#14780,.F.);
#14821 = ORIENTED_EDGE('',*,*,#14049,.F.);
#14822 = CYLINDRICAL_SURFACE('',#14823,1.099999917574);
#14823 = AXIS2_PLACEMENT_3D('',#14824,#14825,#14826);
#14824 = CARTESIAN_POINT('',(4.999999999589E-07,-9.999997917574,0.));
#14825 = DIRECTION('',(-0.,-0.,-1.));
#14826 = DIRECTION('',(0.98809507404,0.15384448205,-0.));
#14827 = ADVANCED_FACE('',(#14828),#14839,.T.);
#14828 = FACE_BOUND('',#14829,.T.);
#14829 = EDGE_LOOP('',(#14830,#14831,#14832,#14838));
#14830 = ORIENTED_EDGE('',*,*,#14799,.T.);
#14831 = ORIENTED_EDGE('',*,*,#14337,.T.);
#14832 = ORIENTED_EDGE('',*,*,#14833,.F.);
#14833 = EDGE_CURVE('',#14059,#14329,#14834,.T.);
#14834 = LINE('',#14835,#14836);
#14835 = CARTESIAN_POINT('',(1.284523,-10.,0.));
#14836 = VECTOR('',#14837,1.);
#14837 = DIRECTION('',(0.,0.,1.));
#14838 = ORIENTED_EDGE('',*,*,#14067,.F.);
#14839 = PLANE('',#14840);
#14840 = AXIS2_PLACEMENT_3D('',#14841,#14842,#14843);
#14841 = CARTESIAN_POINT('',(18.715477,-10.,0.));
#14842 = DIRECTION('',(0.,-1.,0.));
#14843 = DIRECTION('',(-1.,0.,0.));
#14844 = ADVANCED_FACE('',(#14845),#14851,.T.);
#14845 = FACE_BOUND('',#14846,.T.);
#14846 = EDGE_LOOP('',(#14847,#14848,#14849,#14850));
#14847 = ORIENTED_EDGE('',*,*,#14833,.T.);
#14848 = ORIENTED_EDGE('',*,*,#14328,.T.);
#14849 = ORIENTED_EDGE('',*,*,#14814,.F.);
#14850 = ORIENTED_EDGE('',*,*,#14058,.F.);
#14851 = CYLINDRICAL_SURFACE('',#14852,0.199992705752);
#14852 = AXIS2_PLACEMENT_3D('',#14853,#14854,#14855);
#14853 = CARTESIAN_POINT('',(1.284517752163,-9.800007294317,0.));
#14854 = DIRECTION('',(0.,0.,-1.));
#14855 = DIRECTION('',(2.62401418965E-05,-0.999999999656,0.));
#14856 = ADVANCED_FACE('',(#14857),#14868,.F.);
#14857 = FACE_BOUND('',#14858,.T.);
#14858 = EDGE_LOOP('',(#14859,#14860,#14866,#14867));
#14859 = ORIENTED_EDGE('',*,*,#14155,.T.);
#14860 = ORIENTED_EDGE('',*,*,#14861,.T.);
#14861 = EDGE_CURVE('',#14156,#14426,#14862,.T.);
#14862 = LINE('',#14863,#14864);
#14863 = CARTESIAN_POINT('',(-15.08,-7.31,-4.6E-02));
#14864 = VECTOR('',#14865,1.);
#14865 = DIRECTION('',(0.,0.,1.));
#14866 = ORIENTED_EDGE('',*,*,#14425,.F.);
#14867 = ORIENTED_EDGE('',*,*,#14861,.F.);
#14868 = CYLINDRICAL_SURFACE('',#14869,0.5);
#14869 = AXIS2_PLACEMENT_3D('',#14870,#14871,#14872);
#14870 = CARTESIAN_POINT('',(-15.08,-6.81,-4.6E-02));
#14871 = DIRECTION('',(-0.,-0.,-1.));
#14872 = DIRECTION('',(-0.,-1.,0.));
#14873 = ADVANCED_FACE('',(#14874),#14885,.F.);
#14874 = FACE_BOUND('',#14875,.T.);
#14875 = EDGE_LOOP('',(#14876,#14877,#14883,#14884));
#14876 = ORIENTED_EDGE('',*,*,#14166,.T.);
#14877 = ORIENTED_EDGE('',*,*,#14878,.T.);
#14878 = EDGE_CURVE('',#14167,#14437,#14879,.T.);
#14879 = LINE('',#14880,#14881);
#14880 = CARTESIAN_POINT('',(-15.08,-4.81,-4.6E-02));
#14881 = VECTOR('',#14882,1.);
#14882 = DIRECTION('',(0.,0.,1.));
#14883 = ORIENTED_EDGE('',*,*,#14436,.F.);
#14884 = ORIENTED_EDGE('',*,*,#14878,.F.);
#14885 = CYLINDRICAL_SURFACE('',#14886,0.5);
#14886 = AXIS2_PLACEMENT_3D('',#14887,#14888,#14889);
#14887 = CARTESIAN_POINT('',(-15.08,-4.31,-4.6E-02));
#14888 = DIRECTION('',(-0.,-0.,-1.));
#14889 = DIRECTION('',(-0.,-1.,0.));
#14890 = ADVANCED_FACE('',(#14891),#14902,.F.);
#14891 = FACE_BOUND('',#14892,.T.);
#14892 = EDGE_LOOP('',(#14893,#14894,#14900,#14901));
#14893 = ORIENTED_EDGE('',*,*,#14177,.T.);
#14894 = ORIENTED_EDGE('',*,*,#14895,.T.);
#14895 = EDGE_CURVE('',#14178,#14448,#14896,.T.);
#14896 = LINE('',#14897,#14898);
#14897 = CARTESIAN_POINT('',(16.77,-1.74,-4.6E-02));
#14898 = VECTOR('',#14899,1.);
#14899 = DIRECTION('',(0.,0.,1.));
#14900 = ORIENTED_EDGE('',*,*,#14447,.F.);
#14901 = ORIENTED_EDGE('',*,*,#14895,.F.);
#14902 = CYLINDRICAL_SURFACE('',#14903,0.5);
#14903 = AXIS2_PLACEMENT_3D('',#14904,#14905,#14906);
#14904 = CARTESIAN_POINT('',(16.77,-1.24,-4.6E-02));
#14905 = DIRECTION('',(-0.,-0.,-1.));
#14906 = DIRECTION('',(-0.,-1.,0.));
#14907 = ADVANCED_FACE('',(#14908),#14919,.F.);
#14908 = FACE_BOUND('',#14909,.T.);
#14909 = EDGE_LOOP('',(#14910,#14911,#14917,#14918));
#14910 = ORIENTED_EDGE('',*,*,#14188,.T.);
#14911 = ORIENTED_EDGE('',*,*,#14912,.T.);
#14912 = EDGE_CURVE('',#14189,#14459,#14913,.T.);
#14913 = LINE('',#14914,#14915);
#14914 = CARTESIAN_POINT('',(-15.08,1.125,-4.6E-02));
#14915 = VECTOR('',#14916,1.);
#14916 = DIRECTION('',(0.,0.,1.));
#14917 = ORIENTED_EDGE('',*,*,#14458,.F.);
#14918 = ORIENTED_EDGE('',*,*,#14912,.F.);
#14919 = CYLINDRICAL_SURFACE('',#14920,0.475);
#14920 = AXIS2_PLACEMENT_3D('',#14921,#14922,#14923);
#14921 = CARTESIAN_POINT('',(-15.08,1.6,-4.6E-02));
#14922 = DIRECTION('',(-0.,-0.,-1.));
#14923 = DIRECTION('',(-0.,-1.,0.));
#14924 = ADVANCED_FACE('',(#14925),#14936,.F.);
#14925 = FACE_BOUND('',#14926,.T.);
#14926 = EDGE_LOOP('',(#14927,#14928,#14934,#14935));
#14927 = ORIENTED_EDGE('',*,*,#14199,.T.);
#14928 = ORIENTED_EDGE('',*,*,#14929,.T.);
#14929 = EDGE_CURVE('',#14200,#14470,#14930,.T.);
#14930 = LINE('',#14931,#14932);
#14931 = CARTESIAN_POINT('',(-15.08,3.625,-4.6E-02));
#14932 = VECTOR('',#14933,1.);
#14933 = DIRECTION('',(0.,0.,1.));
#14934 = ORIENTED_EDGE('',*,*,#14469,.F.);
#14935 = ORIENTED_EDGE('',*,*,#14929,.F.);
#14936 = CYLINDRICAL_SURFACE('',#14937,0.475);
#14937 = AXIS2_PLACEMENT_3D('',#14938,#14939,#14940);
#14938 = CARTESIAN_POINT('',(-15.08,4.1,-4.6E-02));
#14939 = DIRECTION('',(-0.,-0.,-1.));
#14940 = DIRECTION('',(-0.,-1.,0.));
#14941 = ADVANCED_FACE('',(#14942),#14953,.F.);
#14942 = FACE_BOUND('',#14943,.T.);
#14943 = EDGE_LOOP('',(#14944,#14945,#14951,#14952));
#14944 = ORIENTED_EDGE('',*,*,#14210,.T.);
#14945 = ORIENTED_EDGE('',*,*,#14946,.T.);
#14946 = EDGE_CURVE('',#14211,#14481,#14947,.T.);
#14947 = LINE('',#14948,#14949);
#14948 = CARTESIAN_POINT('',(-15.08,6.125,-4.6E-02));
#14949 = VECTOR('',#14950,1.);
#14950 = DIRECTION('',(0.,0.,1.));
#14951 = ORIENTED_EDGE('',*,*,#14480,.F.);
#14952 = ORIENTED_EDGE('',*,*,#14946,.F.);
#14953 = CYLINDRICAL_SURFACE('',#14954,0.475);
#14954 = AXIS2_PLACEMENT_3D('',#14955,#14956,#14957);
#14955 = CARTESIAN_POINT('',(-15.08,6.6,-4.6E-02));
#14956 = DIRECTION('',(-0.,-0.,-1.));
#14957 = DIRECTION('',(-0.,-1.,0.));
#14958 = ADVANCED_FACE('',(#14959),#14970,.F.);
#14959 = FACE_BOUND('',#14960,.T.);
#14960 = EDGE_LOOP('',(#14961,#14962,#14968,#14969));
#14961 = ORIENTED_EDGE('',*,*,#14221,.T.);
#14962 = ORIENTED_EDGE('',*,*,#14963,.T.);
#14963 = EDGE_CURVE('',#14222,#14492,#14964,.T.);
#14964 = LINE('',#14965,#14966);
#14965 = CARTESIAN_POINT('',(16.77,0.76,-4.6E-02));
#14966 = VECTOR('',#14967,1.);
#14967 = DIRECTION('',(0.,0.,1.));
#14968 = ORIENTED_EDGE('',*,*,#14491,.F.);
#14969 = ORIENTED_EDGE('',*,*,#14963,.F.);
#14970 = CYLINDRICAL_SURFACE('',#14971,0.5);
#14971 = AXIS2_PLACEMENT_3D('',#14972,#14973,#14974);
#14972 = CARTESIAN_POINT('',(16.77,1.26,-4.6E-02));
#14973 = DIRECTION('',(-0.,-0.,-1.));
#14974 = DIRECTION('',(-0.,-1.,0.));
#14975 = ( GEOMETRIC_REPRESENTATION_CONTEXT(3) 
GLOBAL_UNCERTAINTY_ASSIGNED_CONTEXT((#14979)) 
GLOBAL_UNIT_ASSIGNED_CONTEXT((#14976,#14977,#14978)) 
REPRESENTATION_CONTEXT('Context #1',
  '3D Context with UNIT and UNCERTAINTY') );
#14976 = ( LENGTH_UNIT() NAMED_UNIT(*) SI_UNIT(.MILLI.,.METRE.) );
#14977 = ( NAMED_UNIT(*) PLANE_ANGLE_UNIT() SI_UNIT($,.RADIAN.) );
#14978 = ( NAMED_UNIT(*) SI_UNIT($,.STERADIAN.) SOLID_ANGLE_UNIT() );
#14979 = UNCERTAINTY_MEASURE_WITH_UNIT(LENGTH_MEASURE(1.E-07),#14976,
  'distance_accuracy_value','confusion accuracy');
#14980 = CONTEXT_DEPENDENT_SHAPE_REPRESENTATION(#14981,#14983);
#14981 = ( REPRESENTATION_RELATIONSHIP('','',#13855,#10) 
REPRESENTATION_RELATIONSHIP_WITH_TRANSFORMATION(#14982) 
SHAPE_REPRESENTATION_RELATIONSHIP() );
#14982 = ITEM_DEFINED_TRANSFORMATION('','',#11,#111);
#14983 = PRODUCT_DEFINITION_SHAPE('Placement','Placement of an item',
  #14984);
#14984 = NEXT_ASSEMBLY_USAGE_OCCURRENCE('25','=>[0:1:1:8]','',#5,#13850,
  $);
#14985 = PRODUCT_RELATED_PRODUCT_CATEGORY('part',$,(#13852));
#14986 = MECHANICAL_DESIGN_GEOMETRIC_PRESENTATION_REPRESENTATION('',(
    #14987,#14995,#15002,#15009,#15016,#15023,#15030,#15037,#15045,
    #15052,#15059,#15066,#15073,#15080,#15087,#15094,#15101,#15108,
    #15115,#15122,#15129,#15136,#15143,#15150,#15157,#15164,#15171,
    #15178,#15185,#15192,#15199,#15206,#15213,#15220,#15227,#15234,
    #15242,#15249,#15256,#15263,#15270,#15277,#15284,#15291,#15298,
    #15305,#15312,#15319,#15326,#15333),#9618);
#14987 = STYLED_ITEM('color',(#14988),#8097);
#14988 = PRESENTATION_STYLE_ASSIGNMENT((#14989));
#14989 = SURFACE_STYLE_USAGE(.BOTH.,#14990);
#14990 = SURFACE_SIDE_STYLE('',(#14991));
#14991 = SURFACE_STYLE_FILL_AREA(#14992);
#14992 = FILL_AREA_STYLE('',(#14993));
#14993 = FILL_AREA_STYLE_COLOUR('',#14994);
#14994 = COLOUR_RGB('',0.894999966383,0.890999961016,0.813000030345);
#14995 = STYLED_ITEM('color',(#14996),#8137);
#14996 = PRESENTATION_STYLE_ASSIGNMENT((#14997));
#14997 = SURFACE_STYLE_USAGE(.BOTH.,#14998);
#14998 = SURFACE_SIDE_STYLE('',(#14999));
#14999 = SURFACE_STYLE_FILL_AREA(#15000);
#15000 = FILL_AREA_STYLE('',(#15001));
#15001 = FILL_AREA_STYLE_COLOUR('',#14994);
#15002 = STYLED_ITEM('color',(#15003),#8184);
#15003 = PRESENTATION_STYLE_ASSIGNMENT((#15004));
#15004 = SURFACE_STYLE_USAGE(.BOTH.,#15005);
#15005 = SURFACE_SIDE_STYLE('',(#15006));
#15006 = SURFACE_STYLE_FILL_AREA(#15007);
#15007 = FILL_AREA_STYLE('',(#15008));
#15008 = FILL_AREA_STYLE_COLOUR('',#14994);
#15009 = STYLED_ITEM('color',(#15010),#8263);
#15010 = PRESENTATION_STYLE_ASSIGNMENT((#15011));
#15011 = SURFACE_STYLE_USAGE(.BOTH.,#15012);
#15012 = SURFACE_SIDE_STYLE('',(#15013));
#15013 = SURFACE_STYLE_FILL_AREA(#15014);
#15014 = FILL_AREA_STYLE('',(#15015));
#15015 = FILL_AREA_STYLE_COLOUR('',#14994);
#15016 = STYLED_ITEM('color',(#15017),#8287);
#15017 = PRESENTATION_STYLE_ASSIGNMENT((#15018));
#15018 = SURFACE_STYLE_USAGE(.BOTH.,#15019);
#15019 = SURFACE_SIDE_STYLE('',(#15020));
#15020 = SURFACE_STYLE_FILL_AREA(#15021);
#15021 = FILL_AREA_STYLE('',(#15022));
#15022 = FILL_AREA_STYLE_COLOUR('',#14994);
#15023 = STYLED_ITEM('color',(#15024),#8327);
#15024 = PRESENTATION_STYLE_ASSIGNMENT((#15025));
#15025 = SURFACE_STYLE_USAGE(.BOTH.,#15026);
#15026 = SURFACE_SIDE_STYLE('',(#15027));
#15027 = SURFACE_STYLE_FILL_AREA(#15028);
#15028 = FILL_AREA_STYLE('',(#15029));
#15029 = FILL_AREA_STYLE_COLOUR('',#14994);
#15030 = STYLED_ITEM('color',(#15031),#8358);
#15031 = PRESENTATION_STYLE_ASSIGNMENT((#15032));
#15032 = SURFACE_STYLE_USAGE(.BOTH.,#15033);
#15033 = SURFACE_SIDE_STYLE('',(#15034));
#15034 = SURFACE_STYLE_FILL_AREA(#15035);
#15035 = FILL_AREA_STYLE('',(#15036));
#15036 = FILL_AREA_STYLE_COLOUR('',#14994);
#15037 = STYLED_ITEM('color',(#15038),#8375);
#15038 = PRESENTATION_STYLE_ASSIGNMENT((#15039));
#15039 = SURFACE_STYLE_USAGE(.BOTH.,#15040);
#15040 = SURFACE_SIDE_STYLE('',(#15041));
#15041 = SURFACE_STYLE_FILL_AREA(#15042);
#15042 = FILL_AREA_STYLE('',(#15043));
#15043 = FILL_AREA_STYLE_COLOUR('',#15044);
#15044 = COLOUR_RGB('',0.859000020776,0.737999965183,0.495999988746);
#15045 = STYLED_ITEM('color',(#15046),#8408);
#15046 = PRESENTATION_STYLE_ASSIGNMENT((#15047));
#15047 = SURFACE_STYLE_USAGE(.BOTH.,#15048);
#15048 = SURFACE_SIDE_STYLE('',(#15049));
#15049 = SURFACE_STYLE_FILL_AREA(#15050);
#15050 = FILL_AREA_STYLE('',(#15051));
#15051 = FILL_AREA_STYLE_COLOUR('',#14994);
#15052 = STYLED_ITEM('color',(#15053),#8432);
#15053 = PRESENTATION_STYLE_ASSIGNMENT((#15054));
#15054 = SURFACE_STYLE_USAGE(.BOTH.,#15055);
#15055 = SURFACE_SIDE_STYLE('',(#15056));
#15056 = SURFACE_STYLE_FILL_AREA(#15057);
#15057 = FILL_AREA_STYLE('',(#15058));
#15058 = FILL_AREA_STYLE_COLOUR('',#15044);
#15059 = STYLED_ITEM('color',(#15060),#8499);
#15060 = PRESENTATION_STYLE_ASSIGNMENT((#15061));
#15061 = SURFACE_STYLE_USAGE(.BOTH.,#15062);
#15062 = SURFACE_SIDE_STYLE('',(#15063));
#15063 = SURFACE_STYLE_FILL_AREA(#15064);
#15064 = FILL_AREA_STYLE('',(#15065));
#15065 = FILL_AREA_STYLE_COLOUR('',#14994);
#15066 = STYLED_ITEM('color',(#15067),#8620);
#15067 = PRESENTATION_STYLE_ASSIGNMENT((#15068));
#15068 = SURFACE_STYLE_USAGE(.BOTH.,#15069);
#15069 = SURFACE_SIDE_STYLE('',(#15070));
#15070 = SURFACE_STYLE_FILL_AREA(#15071);
#15071 = FILL_AREA_STYLE('',(#15072));
#15072 = FILL_AREA_STYLE_COLOUR('',#15044);
#15073 = STYLED_ITEM('color',(#15074),#8687);
#15074 = PRESENTATION_STYLE_ASSIGNMENT((#15075));
#15075 = SURFACE_STYLE_USAGE(.BOTH.,#15076);
#15076 = SURFACE_SIDE_STYLE('',(#15077));
#15077 = SURFACE_STYLE_FILL_AREA(#15078);
#15078 = FILL_AREA_STYLE('',(#15079));
#15079 = FILL_AREA_STYLE_COLOUR('',#14994);
#15080 = STYLED_ITEM('color',(#15081),#8711);
#15081 = PRESENTATION_STYLE_ASSIGNMENT((#15082));
#15082 = SURFACE_STYLE_USAGE(.BOTH.,#15083);
#15083 = SURFACE_SIDE_STYLE('',(#15084));
#15084 = SURFACE_STYLE_FILL_AREA(#15085);
#15085 = FILL_AREA_STYLE('',(#15086));
#15086 = FILL_AREA_STYLE_COLOUR('',#14994);
#15087 = STYLED_ITEM('color',(#15088),#8742);
#15088 = PRESENTATION_STYLE_ASSIGNMENT((#15089));
#15089 = SURFACE_STYLE_USAGE(.BOTH.,#15090);
#15090 = SURFACE_SIDE_STYLE('',(#15091));
#15091 = SURFACE_STYLE_FILL_AREA(#15092);
#15092 = FILL_AREA_STYLE('',(#15093));
#15093 = FILL_AREA_STYLE_COLOUR('',#15044);
#15094 = STYLED_ITEM('color',(#15095),#8775);
#15095 = PRESENTATION_STYLE_ASSIGNMENT((#15096));
#15096 = SURFACE_STYLE_USAGE(.BOTH.,#15097);
#15097 = SURFACE_SIDE_STYLE('',(#15098));
#15098 = SURFACE_STYLE_FILL_AREA(#15099);
#15099 = FILL_AREA_STYLE('',(#15100));
#15100 = FILL_AREA_STYLE_COLOUR('',#14994);
#15101 = STYLED_ITEM('color',(#15102),#8831);
#15102 = PRESENTATION_STYLE_ASSIGNMENT((#15103));
#15103 = SURFACE_STYLE_USAGE(.BOTH.,#15104);
#15104 = SURFACE_SIDE_STYLE('',(#15105));
#15105 = SURFACE_STYLE_FILL_AREA(#15106);
#15106 = FILL_AREA_STYLE('',(#15107));
#15107 = FILL_AREA_STYLE_COLOUR('',#15044);
#15108 = STYLED_ITEM('color',(#15109),#8855);
#15109 = PRESENTATION_STYLE_ASSIGNMENT((#15110));
#15110 = SURFACE_STYLE_USAGE(.BOTH.,#15111);
#15111 = SURFACE_SIDE_STYLE('',(#15112));
#15112 = SURFACE_STYLE_FILL_AREA(#15113);
#15113 = FILL_AREA_STYLE('',(#15114));
#15114 = FILL_AREA_STYLE_COLOUR('',#15044);
#15115 = STYLED_ITEM('color',(#15116),#8879);
#15116 = PRESENTATION_STYLE_ASSIGNMENT((#15117));
#15117 = SURFACE_STYLE_USAGE(.BOTH.,#15118);
#15118 = SURFACE_SIDE_STYLE('',(#15119));
#15119 = SURFACE_STYLE_FILL_AREA(#15120);
#15120 = FILL_AREA_STYLE('',(#15121));
#15121 = FILL_AREA_STYLE_COLOUR('',#15044);
#15122 = STYLED_ITEM('color',(#15123),#8903);
#15123 = PRESENTATION_STYLE_ASSIGNMENT((#15124));
#15124 = SURFACE_STYLE_USAGE(.BOTH.,#15125);
#15125 = SURFACE_SIDE_STYLE('',(#15126));
#15126 = SURFACE_STYLE_FILL_AREA(#15127);
#15127 = FILL_AREA_STYLE('',(#15128));
#15128 = FILL_AREA_STYLE_COLOUR('',#15044);
#15129 = STYLED_ITEM('color',(#15130),#8936);
#15130 = PRESENTATION_STYLE_ASSIGNMENT((#15131));
#15131 = SURFACE_STYLE_USAGE(.BOTH.,#15132);
#15132 = SURFACE_SIDE_STYLE('',(#15133));
#15133 = SURFACE_STYLE_FILL_AREA(#15134);
#15134 = FILL_AREA_STYLE('',(#15135));
#15135 = FILL_AREA_STYLE_COLOUR('',#15044);
#15136 = STYLED_ITEM('color',(#15137),#8948);
#15137 = PRESENTATION_STYLE_ASSIGNMENT((#15138));
#15138 = SURFACE_STYLE_USAGE(.BOTH.,#15139);
#15139 = SURFACE_SIDE_STYLE('',(#15140));
#15140 = SURFACE_STYLE_FILL_AREA(#15141);
#15141 = FILL_AREA_STYLE('',(#15142));
#15142 = FILL_AREA_STYLE_COLOUR('',#15044);
#15143 = STYLED_ITEM('color',(#15144),#9011);
#15144 = PRESENTATION_STYLE_ASSIGNMENT((#15145));
#15145 = SURFACE_STYLE_USAGE(.BOTH.,#15146);
#15146 = SURFACE_SIDE_STYLE('',(#15147));
#15147 = SURFACE_STYLE_FILL_AREA(#15148);
#15148 = FILL_AREA_STYLE('',(#15149));
#15149 = FILL_AREA_STYLE_COLOUR('',#15044);
#15150 = STYLED_ITEM('color',(#15151),#9036);
#15151 = PRESENTATION_STYLE_ASSIGNMENT((#15152));
#15152 = SURFACE_STYLE_USAGE(.BOTH.,#15153);
#15153 = SURFACE_SIDE_STYLE('',(#15154));
#15154 = SURFACE_STYLE_FILL_AREA(#15155);
#15155 = FILL_AREA_STYLE('',(#15156));
#15156 = FILL_AREA_STYLE_COLOUR('',#15044);
#15157 = STYLED_ITEM('color',(#15158),#9053);
#15158 = PRESENTATION_STYLE_ASSIGNMENT((#15159));
#15159 = SURFACE_STYLE_USAGE(.BOTH.,#15160);
#15160 = SURFACE_SIDE_STYLE('',(#15161));
#15161 = SURFACE_STYLE_FILL_AREA(#15162);
#15162 = FILL_AREA_STYLE('',(#15163));
#15163 = FILL_AREA_STYLE_COLOUR('',#15044);
#15164 = STYLED_ITEM('color',(#15165),#9077);
#15165 = PRESENTATION_STYLE_ASSIGNMENT((#15166));
#15166 = SURFACE_STYLE_USAGE(.BOTH.,#15167);
#15167 = SURFACE_SIDE_STYLE('',(#15168));
#15168 = SURFACE_STYLE_FILL_AREA(#15169);
#15169 = FILL_AREA_STYLE('',(#15170));
#15170 = FILL_AREA_STYLE_COLOUR('',#15044);
#15171 = STYLED_ITEM('color',(#15172),#9095);
#15172 = PRESENTATION_STYLE_ASSIGNMENT((#15173));
#15173 = SURFACE_STYLE_USAGE(.BOTH.,#15174);
#15174 = SURFACE_SIDE_STYLE('',(#15175));
#15175 = SURFACE_STYLE_FILL_AREA(#15176);
#15176 = FILL_AREA_STYLE('',(#15177));
#15177 = FILL_AREA_STYLE_COLOUR('',#15044);
#15178 = STYLED_ITEM('color',(#15179),#9113);
#15179 = PRESENTATION_STYLE_ASSIGNMENT((#15180));
#15180 = SURFACE_STYLE_USAGE(.BOTH.,#15181);
#15181 = SURFACE_SIDE_STYLE('',(#15182));
#15182 = SURFACE_STYLE_FILL_AREA(#15183);
#15183 = FILL_AREA_STYLE('',(#15184));
#15184 = FILL_AREA_STYLE_COLOUR('',#15044);
#15185 = STYLED_ITEM('color',(#15186),#9131);
#15186 = PRESENTATION_STYLE_ASSIGNMENT((#15187));
#15187 = SURFACE_STYLE_USAGE(.BOTH.,#15188);
#15188 = SURFACE_SIDE_STYLE('',(#15189));
#15189 = SURFACE_STYLE_FILL_AREA(#15190);
#15190 = FILL_AREA_STYLE('',(#15191));
#15191 = FILL_AREA_STYLE_COLOUR('',#15044);
#15192 = STYLED_ITEM('color',(#15193),#9148);
#15193 = PRESENTATION_STYLE_ASSIGNMENT((#15194));
#15194 = SURFACE_STYLE_USAGE(.BOTH.,#15195);
#15195 = SURFACE_SIDE_STYLE('',(#15196));
#15196 = SURFACE_STYLE_FILL_AREA(#15197);
#15197 = FILL_AREA_STYLE('',(#15198));
#15198 = FILL_AREA_STYLE_COLOUR('',#15044);
#15199 = STYLED_ITEM('color',(#15200),#9165);
#15200 = PRESENTATION_STYLE_ASSIGNMENT((#15201));
#15201 = SURFACE_STYLE_USAGE(.BOTH.,#15202);
#15202 = SURFACE_SIDE_STYLE('',(#15203));
#15203 = SURFACE_STYLE_FILL_AREA(#15204);
#15204 = FILL_AREA_STYLE('',(#15205));
#15205 = FILL_AREA_STYLE_COLOUR('',#15044);
#15206 = STYLED_ITEM('color',(#15207),#9196);
#15207 = PRESENTATION_STYLE_ASSIGNMENT((#15208));
#15208 = SURFACE_STYLE_USAGE(.BOTH.,#15209);
#15209 = SURFACE_SIDE_STYLE('',(#15210));
#15210 = SURFACE_STYLE_FILL_AREA(#15211);
#15211 = FILL_AREA_STYLE('',(#15212));
#15212 = FILL_AREA_STYLE_COLOUR('',#15044);
#15213 = STYLED_ITEM('color',(#15214),#9221);
#15214 = PRESENTATION_STYLE_ASSIGNMENT((#15215));
#15215 = SURFACE_STYLE_USAGE(.BOTH.,#15216);
#15216 = SURFACE_SIDE_STYLE('',(#15217));
#15217 = SURFACE_STYLE_FILL_AREA(#15218);
#15218 = FILL_AREA_STYLE('',(#15219));
#15219 = FILL_AREA_STYLE_COLOUR('',#15044);
#15220 = STYLED_ITEM('color',(#15221),#9246);
#15221 = PRESENTATION_STYLE_ASSIGNMENT((#15222));
#15222 = SURFACE_STYLE_USAGE(.BOTH.,#15223);
#15223 = SURFACE_SIDE_STYLE('',(#15224));
#15224 = SURFACE_STYLE_FILL_AREA(#15225);
#15225 = FILL_AREA_STYLE('',(#15226));
#15226 = FILL_AREA_STYLE_COLOUR('',#15044);
#15227 = STYLED_ITEM('color',(#15228),#9270);
#15228 = PRESENTATION_STYLE_ASSIGNMENT((#15229));
#15229 = SURFACE_STYLE_USAGE(.BOTH.,#15230);
#15230 = SURFACE_SIDE_STYLE('',(#15231));
#15231 = SURFACE_STYLE_FILL_AREA(#15232);
#15232 = FILL_AREA_STYLE('',(#15233));
#15233 = FILL_AREA_STYLE_COLOUR('',#15044);
#15234 = STYLED_ITEM('color',(#15235),#9287);
#15235 = PRESENTATION_STYLE_ASSIGNMENT((#15236));
#15236 = SURFACE_STYLE_USAGE(.BOTH.,#15237);
#15237 = SURFACE_SIDE_STYLE('',(#15238));
#15238 = SURFACE_STYLE_FILL_AREA(#15239);
#15239 = FILL_AREA_STYLE('',(#15240));
#15240 = FILL_AREA_STYLE_COLOUR('',#15241);
#15241 = COLOUR_RGB('',0.340000006699,0.68000001254,0.444999988852);
#15242 = STYLED_ITEM('color',(#15243),#9318);
#15243 = PRESENTATION_STYLE_ASSIGNMENT((#15244));
#15244 = SURFACE_STYLE_USAGE(.BOTH.,#15245);
#15245 = SURFACE_SIDE_STYLE('',(#15246));
#15246 = SURFACE_STYLE_FILL_AREA(#15247);
#15247 = FILL_AREA_STYLE('',(#15248));
#15248 = FILL_AREA_STYLE_COLOUR('',#15241);
#15249 = STYLED_ITEM('color',(#15250),#9342);
#15250 = PRESENTATION_STYLE_ASSIGNMENT((#15251));
#15251 = SURFACE_STYLE_USAGE(.BOTH.,#15252);
#15252 = SURFACE_SIDE_STYLE('',(#15253));
#15253 = SURFACE_STYLE_FILL_AREA(#15254);
#15254 = FILL_AREA_STYLE('',(#15255));
#15255 = FILL_AREA_STYLE_COLOUR('',#15241);
#15256 = STYLED_ITEM('color',(#15257),#9359);
#15257 = PRESENTATION_STYLE_ASSIGNMENT((#15258));
#15258 = SURFACE_STYLE_USAGE(.BOTH.,#15259);
#15259 = SURFACE_SIDE_STYLE('',(#15260));
#15260 = SURFACE_STYLE_FILL_AREA(#15261);
#15261 = FILL_AREA_STYLE('',(#15262));
#15262 = FILL_AREA_STYLE_COLOUR('',#15044);
#15263 = STYLED_ITEM('color',(#15264),#9387);
#15264 = PRESENTATION_STYLE_ASSIGNMENT((#15265));
#15265 = SURFACE_STYLE_USAGE(.BOTH.,#15266);
#15266 = SURFACE_SIDE_STYLE('',(#15267));
#15267 = SURFACE_STYLE_FILL_AREA(#15268);
#15268 = FILL_AREA_STYLE('',(#15269));
#15269 = FILL_AREA_STYLE_COLOUR('',#15044);
#15270 = STYLED_ITEM('color',(#15271),#9412);
#15271 = PRESENTATION_STYLE_ASSIGNMENT((#15272));
#15272 = SURFACE_STYLE_USAGE(.BOTH.,#15273);
#15273 = SURFACE_SIDE_STYLE('',(#15274));
#15274 = SURFACE_STYLE_FILL_AREA(#15275);
#15275 = FILL_AREA_STYLE('',(#15276));
#15276 = FILL_AREA_STYLE_COLOUR('',#15044);
#15277 = STYLED_ITEM('color',(#15278),#9436);
#15278 = PRESENTATION_STYLE_ASSIGNMENT((#15279));
#15279 = SURFACE_STYLE_USAGE(.BOTH.,#15280);
#15280 = SURFACE_SIDE_STYLE('',(#15281));
#15281 = SURFACE_STYLE_FILL_AREA(#15282);
#15282 = FILL_AREA_STYLE('',(#15283));
#15283 = FILL_AREA_STYLE_COLOUR('',#15044);
#15284 = STYLED_ITEM('color',(#15285),#9461);
#15285 = PRESENTATION_STYLE_ASSIGNMENT((#15286));
#15286 = SURFACE_STYLE_USAGE(.BOTH.,#15287);
#15287 = SURFACE_SIDE_STYLE('',(#15288));
#15288 = SURFACE_STYLE_FILL_AREA(#15289);
#15289 = FILL_AREA_STYLE('',(#15290));
#15290 = FILL_AREA_STYLE_COLOUR('',#15044);
#15291 = STYLED_ITEM('color',(#15292),#9508);
#15292 = PRESENTATION_STYLE_ASSIGNMENT((#15293));
#15293 = SURFACE_STYLE_USAGE(.BOTH.,#15294);
#15294 = SURFACE_SIDE_STYLE('',(#15295));
#15295 = SURFACE_STYLE_FILL_AREA(#15296);
#15296 = FILL_AREA_STYLE('',(#15297));
#15297 = FILL_AREA_STYLE_COLOUR('',#15044);
#15298 = STYLED_ITEM('color',(#15299),#9525);
#15299 = PRESENTATION_STYLE_ASSIGNMENT((#15300));
#15300 = SURFACE_STYLE_USAGE(.BOTH.,#15301);
#15301 = SURFACE_SIDE_STYLE('',(#15302));
#15302 = SURFACE_STYLE_FILL_AREA(#15303);
#15303 = FILL_AREA_STYLE('',(#15304));
#15304 = FILL_AREA_STYLE_COLOUR('',#15044);
#15305 = STYLED_ITEM('color',(#15306),#9537);
#15306 = PRESENTATION_STYLE_ASSIGNMENT((#15307));
#15307 = SURFACE_STYLE_USAGE(.BOTH.,#15308);
#15308 = SURFACE_SIDE_STYLE('',(#15309));
#15309 = SURFACE_STYLE_FILL_AREA(#15310);
#15310 = FILL_AREA_STYLE('',(#15311));
#15311 = FILL_AREA_STYLE_COLOUR('',#15044);
#15312 = STYLED_ITEM('color',(#15313),#9559);
#15313 = PRESENTATION_STYLE_ASSIGNMENT((#15314));
#15314 = SURFACE_STYLE_USAGE(.BOTH.,#15315);
#15315 = SURFACE_SIDE_STYLE('',(#15316));
#15316 = SURFACE_STYLE_FILL_AREA(#15317);
#15317 = FILL_AREA_STYLE('',(#15318));
#15318 = FILL_AREA_STYLE_COLOUR('',#15044);
#15319 = STYLED_ITEM('color',(#15320),#9571);
#15320 = PRESENTATION_STYLE_ASSIGNMENT((#15321));
#15321 = SURFACE_STYLE_USAGE(.BOTH.,#15322);
#15322 = SURFACE_SIDE_STYLE('',(#15323));
#15323 = SURFACE_STYLE_FILL_AREA(#15324);
#15324 = FILL_AREA_STYLE('',(#15325));
#15325 = FILL_AREA_STYLE_COLOUR('',#15044);
#15326 = STYLED_ITEM('color',(#15327),#9589);
#15327 = PRESENTATION_STYLE_ASSIGNMENT((#15328));
#15328 = SURFACE_STYLE_USAGE(.BOTH.,#15329);
#15329 = SURFACE_SIDE_STYLE('',(#15330));
#15330 = SURFACE_STYLE_FILL_AREA(#15331);
#15331 = FILL_AREA_STYLE('',(#15332));
#15332 = FILL_AREA_STYLE_COLOUR('',#15044);
#15333 = STYLED_ITEM('color',(#15334),#9607);
#15334 = PRESENTATION_STYLE_ASSIGNMENT((#15335));
#15335 = SURFACE_STYLE_USAGE(.BOTH.,#15336);
#15336 = SURFACE_SIDE_STYLE('',(#15337));
#15337 = SURFACE_STYLE_FILL_AREA(#15338);
#15338 = FILL_AREA_STYLE('',(#15339));
#15339 = FILL_AREA_STYLE_COLOUR('',#15241);
#15340 = MECHANICAL_DESIGN_GEOMETRIC_PRESENTATION_REPRESENTATION('',(
    #15341,#15349,#15356,#15363,#15370,#15377,#15384,#15391,#15398,
    #15405,#15412,#15419,#15426,#15433,#15441,#15448,#15455,#15462,
    #15469,#15476,#15483,#15490,#15497,#15504,#15511,#15518),#7193);
#15341 = STYLED_ITEM('color',(#15342),#6405);
#15342 = PRESENTATION_STYLE_ASSIGNMENT((#15343));
#15343 = SURFACE_STYLE_USAGE(.BOTH.,#15344);
#15344 = SURFACE_SIDE_STYLE('',(#15345));
#15345 = SURFACE_STYLE_FILL_AREA(#15346);
#15346 = FILL_AREA_STYLE('',(#15347));
#15347 = FILL_AREA_STYLE_COLOUR('',#15348);
#15348 = COLOUR_RGB('',0.823999987314,0.819999987296,0.781000009244);
#15349 = STYLED_ITEM('color',(#15350),#6445);
#15350 = PRESENTATION_STYLE_ASSIGNMENT((#15351));
#15351 = SURFACE_STYLE_USAGE(.BOTH.,#15352);
#15352 = SURFACE_SIDE_STYLE('',(#15353));
#15353 = SURFACE_STYLE_FILL_AREA(#15354);
#15354 = FILL_AREA_STYLE('',(#15355));
#15355 = FILL_AREA_STYLE_COLOUR('',#15348);
#15356 = STYLED_ITEM('color',(#15357),#6528);
#15357 = PRESENTATION_STYLE_ASSIGNMENT((#15358));
#15358 = SURFACE_STYLE_USAGE(.BOTH.,#15359);
#15359 = SURFACE_SIDE_STYLE('',(#15360));
#15360 = SURFACE_STYLE_FILL_AREA(#15361);
#15361 = FILL_AREA_STYLE('',(#15362));
#15362 = FILL_AREA_STYLE_COLOUR('',#15348);
#15363 = STYLED_ITEM('color',(#15364),#6553);
#15364 = PRESENTATION_STYLE_ASSIGNMENT((#15365));
#15365 = SURFACE_STYLE_USAGE(.BOTH.,#15366);
#15366 = SURFACE_SIDE_STYLE('',(#15367));
#15367 = SURFACE_STYLE_FILL_AREA(#15368);
#15368 = FILL_AREA_STYLE('',(#15369));
#15369 = FILL_AREA_STYLE_COLOUR('',#15348);
#15370 = STYLED_ITEM('color',(#15371),#6578);
#15371 = PRESENTATION_STYLE_ASSIGNMENT((#15372));
#15372 = SURFACE_STYLE_USAGE(.BOTH.,#15373);
#15373 = SURFACE_SIDE_STYLE('',(#15374));
#15374 = SURFACE_STYLE_FILL_AREA(#15375);
#15375 = FILL_AREA_STYLE('',(#15376));
#15376 = FILL_AREA_STYLE_COLOUR('',#15348);
#15377 = STYLED_ITEM('color',(#15378),#6645);
#15378 = PRESENTATION_STYLE_ASSIGNMENT((#15379));
#15379 = SURFACE_STYLE_USAGE(.BOTH.,#15380);
#15380 = SURFACE_SIDE_STYLE('',(#15381));
#15381 = SURFACE_STYLE_FILL_AREA(#15382);
#15382 = FILL_AREA_STYLE('',(#15383));
#15383 = FILL_AREA_STYLE_COLOUR('',#15348);
#15384 = STYLED_ITEM('color',(#15385),#6662);
#15385 = PRESENTATION_STYLE_ASSIGNMENT((#15386));
#15386 = SURFACE_STYLE_USAGE(.BOTH.,#15387);
#15387 = SURFACE_SIDE_STYLE('',(#15388));
#15388 = SURFACE_STYLE_FILL_AREA(#15389);
#15389 = FILL_AREA_STYLE('',(#15390));
#15390 = FILL_AREA_STYLE_COLOUR('',#15348);
#15391 = STYLED_ITEM('color',(#15392),#6679);
#15392 = PRESENTATION_STYLE_ASSIGNMENT((#15393));
#15393 = SURFACE_STYLE_USAGE(.BOTH.,#15394);
#15394 = SURFACE_SIDE_STYLE('',(#15395));
#15395 = SURFACE_STYLE_FILL_AREA(#15396);
#15396 = FILL_AREA_STYLE('',(#15397));
#15397 = FILL_AREA_STYLE_COLOUR('',#14994);
#15398 = STYLED_ITEM('color',(#15399),#6728);
#15399 = PRESENTATION_STYLE_ASSIGNMENT((#15400));
#15400 = SURFACE_STYLE_USAGE(.BOTH.,#15401);
#15401 = SURFACE_SIDE_STYLE('',(#15402));
#15402 = SURFACE_STYLE_FILL_AREA(#15403);
#15403 = FILL_AREA_STYLE('',(#15404));
#15404 = FILL_AREA_STYLE_COLOUR('',#15348);
#15405 = STYLED_ITEM('color',(#15406),#6745);
#15406 = PRESENTATION_STYLE_ASSIGNMENT((#15407));
#15407 = SURFACE_STYLE_USAGE(.BOTH.,#15408);
#15408 = SURFACE_SIDE_STYLE('',(#15409));
#15409 = SURFACE_STYLE_FILL_AREA(#15410);
#15410 = FILL_AREA_STYLE('',(#15411));
#15411 = FILL_AREA_STYLE_COLOUR('',#15348);
#15412 = STYLED_ITEM('color',(#15413),#6762);
#15413 = PRESENTATION_STYLE_ASSIGNMENT((#15414));
#15414 = SURFACE_STYLE_USAGE(.BOTH.,#15415);
#15415 = SURFACE_SIDE_STYLE('',(#15416));
#15416 = SURFACE_STYLE_FILL_AREA(#15417);
#15417 = FILL_AREA_STYLE('',(#15418));
#15418 = FILL_AREA_STYLE_COLOUR('',#14994);
#15419 = STYLED_ITEM('color',(#15420),#6811);
#15420 = PRESENTATION_STYLE_ASSIGNMENT((#15421));
#15421 = SURFACE_STYLE_USAGE(.BOTH.,#15422);
#15422 = SURFACE_SIDE_STYLE('',(#15423));
#15423 = SURFACE_STYLE_FILL_AREA(#15424);
#15424 = FILL_AREA_STYLE('',(#15425));
#15425 = FILL_AREA_STYLE_COLOUR('',#14994);
#15426 = STYLED_ITEM('color',(#15427),#6828);
#15427 = PRESENTATION_STYLE_ASSIGNMENT((#15428));
#15428 = SURFACE_STYLE_USAGE(.BOTH.,#15429);
#15429 = SURFACE_SIDE_STYLE('',(#15430));
#15430 = SURFACE_STYLE_FILL_AREA(#15431);
#15431 = FILL_AREA_STYLE('',(#15432));
#15432 = FILL_AREA_STYLE_COLOUR('',#15348);
#15433 = STYLED_ITEM('color',(#15434),#6897);
#15434 = PRESENTATION_STYLE_ASSIGNMENT((#15435));
#15435 = SURFACE_STYLE_USAGE(.BOTH.,#15436);
#15436 = SURFACE_SIDE_STYLE('',(#15437));
#15437 = SURFACE_STYLE_FILL_AREA(#15438);
#15438 = FILL_AREA_STYLE('',(#15439));
#15439 = FILL_AREA_STYLE_COLOUR('',#15440);
#15440 = COLOUR_RGB('',8.200000279077E-02,8.600000121357E-02,
  9.399999706163E-02);
#15441 = STYLED_ITEM('color',(#15442),#6928);
#15442 = PRESENTATION_STYLE_ASSIGNMENT((#15443));
#15443 = SURFACE_STYLE_USAGE(.BOTH.,#15444);
#15444 = SURFACE_SIDE_STYLE('',(#15445));
#15445 = SURFACE_STYLE_FILL_AREA(#15446);
#15446 = FILL_AREA_STYLE('',(#15447));
#15447 = FILL_AREA_STYLE_COLOUR('',#15440);
#15448 = STYLED_ITEM('color',(#15449),#6952);
#15449 = PRESENTATION_STYLE_ASSIGNMENT((#15450));
#15450 = SURFACE_STYLE_USAGE(.BOTH.,#15451);
#15451 = SURFACE_SIDE_STYLE('',(#15452));
#15452 = SURFACE_STYLE_FILL_AREA(#15453);
#15453 = FILL_AREA_STYLE('',(#15454));
#15454 = FILL_AREA_STYLE_COLOUR('',#15348);
#15455 = STYLED_ITEM('color',(#15456),#7021);
#15456 = PRESENTATION_STYLE_ASSIGNMENT((#15457));
#15457 = SURFACE_STYLE_USAGE(.BOTH.,#15458);
#15458 = SURFACE_SIDE_STYLE('',(#15459));
#15459 = SURFACE_STYLE_FILL_AREA(#15460);
#15460 = FILL_AREA_STYLE('',(#15461));
#15461 = FILL_AREA_STYLE_COLOUR('',#15440);
#15462 = STYLED_ITEM('color',(#15463),#7045);
#15463 = PRESENTATION_STYLE_ASSIGNMENT((#15464));
#15464 = SURFACE_STYLE_USAGE(.BOTH.,#15465);
#15465 = SURFACE_SIDE_STYLE('',(#15466));
#15466 = SURFACE_STYLE_FILL_AREA(#15467);
#15467 = FILL_AREA_STYLE('',(#15468));
#15468 = FILL_AREA_STYLE_COLOUR('',#15348);
#15469 = STYLED_ITEM('color',(#15470),#7062);
#15470 = PRESENTATION_STYLE_ASSIGNMENT((#15471));
#15471 = SURFACE_STYLE_USAGE(.BOTH.,#15472);
#15472 = SURFACE_SIDE_STYLE('',(#15473));
#15473 = SURFACE_STYLE_FILL_AREA(#15474);
#15474 = FILL_AREA_STYLE('',(#15475));
#15475 = FILL_AREA_STYLE_COLOUR('',#15348);
#15476 = STYLED_ITEM('color',(#15477),#7079);
#15477 = PRESENTATION_STYLE_ASSIGNMENT((#15478));
#15478 = SURFACE_STYLE_USAGE(.BOTH.,#15479);
#15479 = SURFACE_SIDE_STYLE('',(#15480));
#15480 = SURFACE_STYLE_FILL_AREA(#15481);
#15481 = FILL_AREA_STYLE('',(#15482));
#15482 = FILL_AREA_STYLE_COLOUR('',#15348);
#15483 = STYLED_ITEM('color',(#15484),#7096);
#15484 = PRESENTATION_STYLE_ASSIGNMENT((#15485));
#15485 = SURFACE_STYLE_USAGE(.BOTH.,#15486);
#15486 = SURFACE_SIDE_STYLE('',(#15487));
#15487 = SURFACE_STYLE_FILL_AREA(#15488);
#15488 = FILL_AREA_STYLE('',(#15489));
#15489 = FILL_AREA_STYLE_COLOUR('',#15348);
#15490 = STYLED_ITEM('color',(#15491),#7113);
#15491 = PRESENTATION_STYLE_ASSIGNMENT((#15492));
#15492 = SURFACE_STYLE_USAGE(.BOTH.,#15493);
#15493 = SURFACE_SIDE_STYLE('',(#15494));
#15494 = SURFACE_STYLE_FILL_AREA(#15495);
#15495 = FILL_AREA_STYLE('',(#15496));
#15496 = FILL_AREA_STYLE_COLOUR('',#15348);
#15497 = STYLED_ITEM('color',(#15498),#7130);
#15498 = PRESENTATION_STYLE_ASSIGNMENT((#15499));
#15499 = SURFACE_STYLE_USAGE(.BOTH.,#15500);
#15500 = SURFACE_SIDE_STYLE('',(#15501));
#15501 = SURFACE_STYLE_FILL_AREA(#15502);
#15502 = FILL_AREA_STYLE('',(#15503));
#15503 = FILL_AREA_STYLE_COLOUR('',#15348);
#15504 = STYLED_ITEM('color',(#15505),#7147);
#15505 = PRESENTATION_STYLE_ASSIGNMENT((#15506));
#15506 = SURFACE_STYLE_USAGE(.BOTH.,#15507);
#15507 = SURFACE_SIDE_STYLE('',(#15508));
#15508 = SURFACE_STYLE_FILL_AREA(#15509);
#15509 = FILL_AREA_STYLE('',(#15510));
#15510 = FILL_AREA_STYLE_COLOUR('',#15348);
#15511 = STYLED_ITEM('color',(#15512),#7164);
#15512 = PRESENTATION_STYLE_ASSIGNMENT((#15513));
#15513 = SURFACE_STYLE_USAGE(.BOTH.,#15514);
#15514 = SURFACE_SIDE_STYLE('',(#15515));
#15515 = SURFACE_STYLE_FILL_AREA(#15516);
#15516 = FILL_AREA_STYLE('',(#15517));
#15517 = FILL_AREA_STYLE_COLOUR('',#15440);
#15518 = STYLED_ITEM('color',(#15519),#7181);
#15519 = PRESENTATION_STYLE_ASSIGNMENT((#15520));
#15520 = SURFACE_STYLE_USAGE(.BOTH.,#15521);
#15521 = SURFACE_SIDE_STYLE('',(#15522));
#15522 = SURFACE_STYLE_FILL_AREA(#15523);
#15523 = FILL_AREA_STYLE('',(#15524));
#15524 = FILL_AREA_STYLE_COLOUR('',#15440);
#15525 = MECHANICAL_DESIGN_GEOMETRIC_PRESENTATION_REPRESENTATION('',(
    #15526,#15534,#15541,#15548,#15555,#15562,#15569,#15576,#15583,
    #15590,#15597,#15604,#15611,#15618,#15625,#15632,#15639,#15646,
    #15653,#15660,#15667,#15674,#15681,#15688,#15695,#15702,#15709,
    #15716,#15723,#15730,#15737,#15744,#15751,#15758,#15765,#15772,
    #15779,#15786,#15793,#15800,#15807,#15814,#15821,#15828,#15835,
    #15842,#15850,#15857,#15864,#15871,#15878,#15885,#15892,#15899,
    #15906,#15913,#15920,#15927,#15934,#15941,#15948,#15955,#15962,
    #15969,#15976,#15983,#15990,#15997,#16004,#16011,#16018,#16025,
    #16032,#16039,#16046,#16053,#16060,#16067,#16074,#16081,#16088,
    #16095,#16102,#16109,#16116,#16123,#16130,#16137,#16144),#6384);
#15526 = STYLED_ITEM('color',(#15527),#3671);
#15527 = PRESENTATION_STYLE_ASSIGNMENT((#15528));
#15528 = SURFACE_STYLE_USAGE(.BOTH.,#15529);
#15529 = SURFACE_SIDE_STYLE('',(#15530));
#15530 = SURFACE_STYLE_FILL_AREA(#15531);
#15531 = FILL_AREA_STYLE('',(#15532));
#15532 = FILL_AREA_STYLE_COLOUR('',#15533);
#15533 = COLOUR_RGB('',0.894117649055,0.890196087049,0.811764731185);
#15534 = STYLED_ITEM('color',(#15535),#3743);
#15535 = PRESENTATION_STYLE_ASSIGNMENT((#15536));
#15536 = SURFACE_STYLE_USAGE(.BOTH.,#15537);
#15537 = SURFACE_SIDE_STYLE('',(#15538));
#15538 = SURFACE_STYLE_FILL_AREA(#15539);
#15539 = FILL_AREA_STYLE('',(#15540));
#15540 = FILL_AREA_STYLE_COLOUR('',#15533);
#15541 = STYLED_ITEM('color',(#15542),#3782);
#15542 = PRESENTATION_STYLE_ASSIGNMENT((#15543));
#15543 = SURFACE_STYLE_USAGE(.BOTH.,#15544);
#15544 = SURFACE_SIDE_STYLE('',(#15545));
#15545 = SURFACE_STYLE_FILL_AREA(#15546);
#15546 = FILL_AREA_STYLE('',(#15547));
#15547 = FILL_AREA_STYLE_COLOUR('',#15533);
#15548 = STYLED_ITEM('color',(#15549),#3806);
#15549 = PRESENTATION_STYLE_ASSIGNMENT((#15550));
#15550 = SURFACE_STYLE_USAGE(.BOTH.,#15551);
#15551 = SURFACE_SIDE_STYLE('',(#15552));
#15552 = SURFACE_STYLE_FILL_AREA(#15553);
#15553 = FILL_AREA_STYLE('',(#15554));
#15554 = FILL_AREA_STYLE_COLOUR('',#15533);
#15555 = STYLED_ITEM('color',(#15556),#3871);
#15556 = PRESENTATION_STYLE_ASSIGNMENT((#15557));
#15557 = SURFACE_STYLE_USAGE(.BOTH.,#15558);
#15558 = SURFACE_SIDE_STYLE('',(#15559));
#15559 = SURFACE_STYLE_FILL_AREA(#15560);
#15560 = FILL_AREA_STYLE('',(#15561));
#15561 = FILL_AREA_STYLE_COLOUR('',#15533);
#15562 = STYLED_ITEM('color',(#15563),#3895);
#15563 = PRESENTATION_STYLE_ASSIGNMENT((#15564));
#15564 = SURFACE_STYLE_USAGE(.BOTH.,#15565);
#15565 = SURFACE_SIDE_STYLE('',(#15566));
#15566 = SURFACE_STYLE_FILL_AREA(#15567);
#15567 = FILL_AREA_STYLE('',(#15568));
#15568 = FILL_AREA_STYLE_COLOUR('',#15533);
#15569 = STYLED_ITEM('color',(#15570),#3983);
#15570 = PRESENTATION_STYLE_ASSIGNMENT((#15571));
#15571 = SURFACE_STYLE_USAGE(.BOTH.,#15572);
#15572 = SURFACE_SIDE_STYLE('',(#15573));
#15573 = SURFACE_STYLE_FILL_AREA(#15574);
#15574 = FILL_AREA_STYLE('',(#15575));
#15575 = FILL_AREA_STYLE_COLOUR('',#15533);
#15576 = STYLED_ITEM('color',(#15577),#4007);
#15577 = PRESENTATION_STYLE_ASSIGNMENT((#15578));
#15578 = SURFACE_STYLE_USAGE(.BOTH.,#15579);
#15579 = SURFACE_SIDE_STYLE('',(#15580));
#15580 = SURFACE_STYLE_FILL_AREA(#15581);
#15581 = FILL_AREA_STYLE('',(#15582));
#15582 = FILL_AREA_STYLE_COLOUR('',#15533);
#15583 = STYLED_ITEM('color',(#15584),#4072);
#15584 = PRESENTATION_STYLE_ASSIGNMENT((#15585));
#15585 = SURFACE_STYLE_USAGE(.BOTH.,#15586);
#15586 = SURFACE_SIDE_STYLE('',(#15587));
#15587 = SURFACE_STYLE_FILL_AREA(#15588);
#15588 = FILL_AREA_STYLE('',(#15589));
#15589 = FILL_AREA_STYLE_COLOUR('',#15533);
#15590 = STYLED_ITEM('color',(#15591),#4097);
#15591 = PRESENTATION_STYLE_ASSIGNMENT((#15592));
#15592 = SURFACE_STYLE_USAGE(.BOTH.,#15593);
#15593 = SURFACE_SIDE_STYLE('',(#15594));
#15594 = SURFACE_STYLE_FILL_AREA(#15595);
#15595 = FILL_AREA_STYLE('',(#15596));
#15596 = FILL_AREA_STYLE_COLOUR('',#15533);
#15597 = STYLED_ITEM('color',(#15598),#4146);
#15598 = PRESENTATION_STYLE_ASSIGNMENT((#15599));
#15599 = SURFACE_STYLE_USAGE(.BOTH.,#15600);
#15600 = SURFACE_SIDE_STYLE('',(#15601));
#15601 = SURFACE_STYLE_FILL_AREA(#15602);
#15602 = FILL_AREA_STYLE('',(#15603));
#15603 = FILL_AREA_STYLE_COLOUR('',#15533);
#15604 = STYLED_ITEM('color',(#15605),#4163);
#15605 = PRESENTATION_STYLE_ASSIGNMENT((#15606));
#15606 = SURFACE_STYLE_USAGE(.BOTH.,#15607);
#15607 = SURFACE_SIDE_STYLE('',(#15608));
#15608 = SURFACE_STYLE_FILL_AREA(#15609);
#15609 = FILL_AREA_STYLE('',(#15610));
#15610 = FILL_AREA_STYLE_COLOUR('',#15533);
#15611 = STYLED_ITEM('color',(#15612),#4187);
#15612 = PRESENTATION_STYLE_ASSIGNMENT((#15613));
#15613 = SURFACE_STYLE_USAGE(.BOTH.,#15614);
#15614 = SURFACE_SIDE_STYLE('',(#15615));
#15615 = SURFACE_STYLE_FILL_AREA(#15616);
#15616 = FILL_AREA_STYLE('',(#15617));
#15617 = FILL_AREA_STYLE_COLOUR('',#15533);
#15618 = STYLED_ITEM('color',(#15619),#4204);
#15619 = PRESENTATION_STYLE_ASSIGNMENT((#15620));
#15620 = SURFACE_STYLE_USAGE(.BOTH.,#15621);
#15621 = SURFACE_SIDE_STYLE('',(#15622));
#15622 = SURFACE_STYLE_FILL_AREA(#15623);
#15623 = FILL_AREA_STYLE('',(#15624));
#15624 = FILL_AREA_STYLE_COLOUR('',#15533);
#15625 = STYLED_ITEM('color',(#15626),#4342);
#15626 = PRESENTATION_STYLE_ASSIGNMENT((#15627));
#15627 = SURFACE_STYLE_USAGE(.BOTH.,#15628);
#15628 = SURFACE_SIDE_STYLE('',(#15629));
#15629 = SURFACE_STYLE_FILL_AREA(#15630);
#15630 = FILL_AREA_STYLE('',(#15631));
#15631 = FILL_AREA_STYLE_COLOUR('',#15533);
#15632 = STYLED_ITEM('color',(#15633),#4366);
#15633 = PRESENTATION_STYLE_ASSIGNMENT((#15634));
#15634 = SURFACE_STYLE_USAGE(.BOTH.,#15635);
#15635 = SURFACE_SIDE_STYLE('',(#15636));
#15636 = SURFACE_STYLE_FILL_AREA(#15637);
#15637 = FILL_AREA_STYLE('',(#15638));
#15638 = FILL_AREA_STYLE_COLOUR('',#15533);
#15639 = STYLED_ITEM('color',(#15640),#4536);
#15640 = PRESENTATION_STYLE_ASSIGNMENT((#15641));
#15641 = SURFACE_STYLE_USAGE(.BOTH.,#15642);
#15642 = SURFACE_SIDE_STYLE('',(#15643));
#15643 = SURFACE_STYLE_FILL_AREA(#15644);
#15644 = FILL_AREA_STYLE('',(#15645));
#15645 = FILL_AREA_STYLE_COLOUR('',#15533);
#15646 = STYLED_ITEM('color',(#15647),#4560);
#15647 = PRESENTATION_STYLE_ASSIGNMENT((#15648));
#15648 = SURFACE_STYLE_USAGE(.BOTH.,#15649);
#15649 = SURFACE_SIDE_STYLE('',(#15650));
#15650 = SURFACE_STYLE_FILL_AREA(#15651);
#15651 = FILL_AREA_STYLE('',(#15652));
#15652 = FILL_AREA_STYLE_COLOUR('',#15533);
#15653 = STYLED_ITEM('color',(#15654),#4593);
#15654 = PRESENTATION_STYLE_ASSIGNMENT((#15655));
#15655 = SURFACE_STYLE_USAGE(.BOTH.,#15656);
#15656 = SURFACE_SIDE_STYLE('',(#15657));
#15657 = SURFACE_STYLE_FILL_AREA(#15658);
#15658 = FILL_AREA_STYLE('',(#15659));
#15659 = FILL_AREA_STYLE_COLOUR('',#15533);
#15660 = STYLED_ITEM('color',(#15661),#4617);
#15661 = PRESENTATION_STYLE_ASSIGNMENT((#15662));
#15662 = SURFACE_STYLE_USAGE(.BOTH.,#15663);
#15663 = SURFACE_SIDE_STYLE('',(#15664));
#15664 = SURFACE_STYLE_FILL_AREA(#15665);
#15665 = FILL_AREA_STYLE('',(#15666));
#15666 = FILL_AREA_STYLE_COLOUR('',#15533);
#15667 = STYLED_ITEM('color',(#15668),#4648);
#15668 = PRESENTATION_STYLE_ASSIGNMENT((#15669));
#15669 = SURFACE_STYLE_USAGE(.BOTH.,#15670);
#15670 = SURFACE_SIDE_STYLE('',(#15671));
#15671 = SURFACE_STYLE_FILL_AREA(#15672);
#15672 = FILL_AREA_STYLE('',(#15673));
#15673 = FILL_AREA_STYLE_COLOUR('',#15533);
#15674 = STYLED_ITEM('color',(#15675),#4665);
#15675 = PRESENTATION_STYLE_ASSIGNMENT((#15676));
#15676 = SURFACE_STYLE_USAGE(.BOTH.,#15677);
#15677 = SURFACE_SIDE_STYLE('',(#15678));
#15678 = SURFACE_STYLE_FILL_AREA(#15679);
#15679 = FILL_AREA_STYLE('',(#15680));
#15680 = FILL_AREA_STYLE_COLOUR('',#15533);
#15681 = STYLED_ITEM('color',(#15682),#4698);
#15682 = PRESENTATION_STYLE_ASSIGNMENT((#15683));
#15683 = SURFACE_STYLE_USAGE(.BOTH.,#15684);
#15684 = SURFACE_SIDE_STYLE('',(#15685));
#15685 = SURFACE_STYLE_FILL_AREA(#15686);
#15686 = FILL_AREA_STYLE('',(#15687));
#15687 = FILL_AREA_STYLE_COLOUR('',#15533);
#15688 = STYLED_ITEM('color',(#15689),#4722);
#15689 = PRESENTATION_STYLE_ASSIGNMENT((#15690));
#15690 = SURFACE_STYLE_USAGE(.BOTH.,#15691);
#15691 = SURFACE_SIDE_STYLE('',(#15692));
#15692 = SURFACE_STYLE_FILL_AREA(#15693);
#15693 = FILL_AREA_STYLE('',(#15694));
#15694 = FILL_AREA_STYLE_COLOUR('',#15533);
#15695 = STYLED_ITEM('color',(#15696),#4753);
#15696 = PRESENTATION_STYLE_ASSIGNMENT((#15697));
#15697 = SURFACE_STYLE_USAGE(.BOTH.,#15698);
#15698 = SURFACE_SIDE_STYLE('',(#15699));
#15699 = SURFACE_STYLE_FILL_AREA(#15700);
#15700 = FILL_AREA_STYLE('',(#15701));
#15701 = FILL_AREA_STYLE_COLOUR('',#15533);
#15702 = STYLED_ITEM('color',(#15703),#4765);
#15703 = PRESENTATION_STYLE_ASSIGNMENT((#15704));
#15704 = SURFACE_STYLE_USAGE(.BOTH.,#15705);
#15705 = SURFACE_SIDE_STYLE('',(#15706));
#15706 = SURFACE_STYLE_FILL_AREA(#15707);
#15707 = FILL_AREA_STYLE('',(#15708));
#15708 = FILL_AREA_STYLE_COLOUR('',#15533);
#15709 = STYLED_ITEM('color',(#15710),#4798);
#15710 = PRESENTATION_STYLE_ASSIGNMENT((#15711));
#15711 = SURFACE_STYLE_USAGE(.BOTH.,#15712);
#15712 = SURFACE_SIDE_STYLE('',(#15713));
#15713 = SURFACE_STYLE_FILL_AREA(#15714);
#15714 = FILL_AREA_STYLE('',(#15715));
#15715 = FILL_AREA_STYLE_COLOUR('',#15533);
#15716 = STYLED_ITEM('color',(#15717),#4815);
#15717 = PRESENTATION_STYLE_ASSIGNMENT((#15718));
#15718 = SURFACE_STYLE_USAGE(.BOTH.,#15719);
#15719 = SURFACE_SIDE_STYLE('',(#15720));
#15720 = SURFACE_STYLE_FILL_AREA(#15721);
#15721 = FILL_AREA_STYLE('',(#15722));
#15722 = FILL_AREA_STYLE_COLOUR('',#15533);
#15723 = STYLED_ITEM('color',(#15724),#4832);
#15724 = PRESENTATION_STYLE_ASSIGNMENT((#15725));
#15725 = SURFACE_STYLE_USAGE(.BOTH.,#15726);
#15726 = SURFACE_SIDE_STYLE('',(#15727));
#15727 = SURFACE_STYLE_FILL_AREA(#15728);
#15728 = FILL_AREA_STYLE('',(#15729));
#15729 = FILL_AREA_STYLE_COLOUR('',#15533);
#15730 = STYLED_ITEM('color',(#15731),#4844);
#15731 = PRESENTATION_STYLE_ASSIGNMENT((#15732));
#15732 = SURFACE_STYLE_USAGE(.BOTH.,#15733);
#15733 = SURFACE_SIDE_STYLE('',(#15734));
#15734 = SURFACE_STYLE_FILL_AREA(#15735);
#15735 = FILL_AREA_STYLE('',(#15736));
#15736 = FILL_AREA_STYLE_COLOUR('',#15533);
#15737 = STYLED_ITEM('color',(#15738),#4924);
#15738 = PRESENTATION_STYLE_ASSIGNMENT((#15739));
#15739 = SURFACE_STYLE_USAGE(.BOTH.,#15740);
#15740 = SURFACE_SIDE_STYLE('',(#15741));
#15741 = SURFACE_STYLE_FILL_AREA(#15742);
#15742 = FILL_AREA_STYLE('',(#15743));
#15743 = FILL_AREA_STYLE_COLOUR('',#15533);
#15744 = STYLED_ITEM('color',(#15745),#4941);
#15745 = PRESENTATION_STYLE_ASSIGNMENT((#15746));
#15746 = SURFACE_STYLE_USAGE(.BOTH.,#15747);
#15747 = SURFACE_SIDE_STYLE('',(#15748));
#15748 = SURFACE_STYLE_FILL_AREA(#15749);
#15749 = FILL_AREA_STYLE('',(#15750));
#15750 = FILL_AREA_STYLE_COLOUR('',#15533);
#15751 = STYLED_ITEM('color',(#15752),#4958);
#15752 = PRESENTATION_STYLE_ASSIGNMENT((#15753));
#15753 = SURFACE_STYLE_USAGE(.BOTH.,#15754);
#15754 = SURFACE_SIDE_STYLE('',(#15755));
#15755 = SURFACE_STYLE_FILL_AREA(#15756);
#15756 = FILL_AREA_STYLE('',(#15757));
#15757 = FILL_AREA_STYLE_COLOUR('',#15533);
#15758 = STYLED_ITEM('color',(#15759),#4975);
#15759 = PRESENTATION_STYLE_ASSIGNMENT((#15760));
#15760 = SURFACE_STYLE_USAGE(.BOTH.,#15761);
#15761 = SURFACE_SIDE_STYLE('',(#15762));
#15762 = SURFACE_STYLE_FILL_AREA(#15763);
#15763 = FILL_AREA_STYLE('',(#15764));
#15764 = FILL_AREA_STYLE_COLOUR('',#15533);
#15765 = STYLED_ITEM('color',(#15766),#4992);
#15766 = PRESENTATION_STYLE_ASSIGNMENT((#15767));
#15767 = SURFACE_STYLE_USAGE(.BOTH.,#15768);
#15768 = SURFACE_SIDE_STYLE('',(#15769));
#15769 = SURFACE_STYLE_FILL_AREA(#15770);
#15770 = FILL_AREA_STYLE('',(#15771));
#15771 = FILL_AREA_STYLE_COLOUR('',#15533);
#15772 = STYLED_ITEM('color',(#15773),#5009);
#15773 = PRESENTATION_STYLE_ASSIGNMENT((#15774));
#15774 = SURFACE_STYLE_USAGE(.BOTH.,#15775);
#15775 = SURFACE_SIDE_STYLE('',(#15776));
#15776 = SURFACE_STYLE_FILL_AREA(#15777);
#15777 = FILL_AREA_STYLE('',(#15778));
#15778 = FILL_AREA_STYLE_COLOUR('',#15533);
#15779 = STYLED_ITEM('color',(#15780),#5026);
#15780 = PRESENTATION_STYLE_ASSIGNMENT((#15781));
#15781 = SURFACE_STYLE_USAGE(.BOTH.,#15782);
#15782 = SURFACE_SIDE_STYLE('',(#15783));
#15783 = SURFACE_STYLE_FILL_AREA(#15784);
#15784 = FILL_AREA_STYLE('',(#15785));
#15785 = FILL_AREA_STYLE_COLOUR('',#15533);
#15786 = STYLED_ITEM('color',(#15787),#5043);
#15787 = PRESENTATION_STYLE_ASSIGNMENT((#15788));
#15788 = SURFACE_STYLE_USAGE(.BOTH.,#15789);
#15789 = SURFACE_SIDE_STYLE('',(#15790));
#15790 = SURFACE_STYLE_FILL_AREA(#15791);
#15791 = FILL_AREA_STYLE('',(#15792));
#15792 = FILL_AREA_STYLE_COLOUR('',#15533);
#15793 = STYLED_ITEM('color',(#15794),#5060);
#15794 = PRESENTATION_STYLE_ASSIGNMENT((#15795));
#15795 = SURFACE_STYLE_USAGE(.BOTH.,#15796);
#15796 = SURFACE_SIDE_STYLE('',(#15797));
#15797 = SURFACE_STYLE_FILL_AREA(#15798);
#15798 = FILL_AREA_STYLE('',(#15799));
#15799 = FILL_AREA_STYLE_COLOUR('',#15533);
#15800 = STYLED_ITEM('color',(#15801),#5077);
#15801 = PRESENTATION_STYLE_ASSIGNMENT((#15802));
#15802 = SURFACE_STYLE_USAGE(.BOTH.,#15803);
#15803 = SURFACE_SIDE_STYLE('',(#15804));
#15804 = SURFACE_STYLE_FILL_AREA(#15805);
#15805 = FILL_AREA_STYLE('',(#15806));
#15806 = FILL_AREA_STYLE_COLOUR('',#15533);
#15807 = STYLED_ITEM('color',(#15808),#5094);
#15808 = PRESENTATION_STYLE_ASSIGNMENT((#15809));
#15809 = SURFACE_STYLE_USAGE(.BOTH.,#15810);
#15810 = SURFACE_SIDE_STYLE('',(#15811));
#15811 = SURFACE_STYLE_FILL_AREA(#15812);
#15812 = FILL_AREA_STYLE('',(#15813));
#15813 = FILL_AREA_STYLE_COLOUR('',#15533);
#15814 = STYLED_ITEM('color',(#15815),#5106);
#15815 = PRESENTATION_STYLE_ASSIGNMENT((#15816));
#15816 = SURFACE_STYLE_USAGE(.BOTH.,#15817);
#15817 = SURFACE_SIDE_STYLE('',(#15818));
#15818 = SURFACE_STYLE_FILL_AREA(#15819);
#15819 = FILL_AREA_STYLE('',(#15820));
#15820 = FILL_AREA_STYLE_COLOUR('',#15533);
#15821 = STYLED_ITEM('color',(#15822),#5123);
#15822 = PRESENTATION_STYLE_ASSIGNMENT((#15823));
#15823 = SURFACE_STYLE_USAGE(.BOTH.,#15824);
#15824 = SURFACE_SIDE_STYLE('',(#15825));
#15825 = SURFACE_STYLE_FILL_AREA(#15826);
#15826 = FILL_AREA_STYLE('',(#15827));
#15827 = FILL_AREA_STYLE_COLOUR('',#15533);
#15828 = STYLED_ITEM('color',(#15829),#5140);
#15829 = PRESENTATION_STYLE_ASSIGNMENT((#15830));
#15830 = SURFACE_STYLE_USAGE(.BOTH.,#15831);
#15831 = SURFACE_SIDE_STYLE('',(#15832));
#15832 = SURFACE_STYLE_FILL_AREA(#15833);
#15833 = FILL_AREA_STYLE('',(#15834));
#15834 = FILL_AREA_STYLE_COLOUR('',#15533);
#15835 = STYLED_ITEM('color',(#15836),#5186);
#15836 = PRESENTATION_STYLE_ASSIGNMENT((#15837));
#15837 = SURFACE_STYLE_USAGE(.BOTH.,#15838);
#15838 = SURFACE_SIDE_STYLE('',(#15839));
#15839 = SURFACE_STYLE_FILL_AREA(#15840);
#15840 = FILL_AREA_STYLE('',(#15841));
#15841 = FILL_AREA_STYLE_COLOUR('',#15533);
#15842 = STYLED_ITEM('color',(#15843),#5232);
#15843 = PRESENTATION_STYLE_ASSIGNMENT((#15844));
#15844 = SURFACE_STYLE_USAGE(.BOTH.,#15845);
#15845 = SURFACE_SIDE_STYLE('',(#15846));
#15846 = SURFACE_STYLE_FILL_AREA(#15847);
#15847 = FILL_AREA_STYLE('',(#15848));
#15848 = FILL_AREA_STYLE_COLOUR('',#15849);
#15849 = COLOUR_RGB('',0.823529417451,0.819607860991,0.780392170416);
#15850 = STYLED_ITEM('color',(#15851),#5263);
#15851 = PRESENTATION_STYLE_ASSIGNMENT((#15852));
#15852 = SURFACE_STYLE_USAGE(.BOTH.,#15853);
#15853 = SURFACE_SIDE_STYLE('',(#15854));
#15854 = SURFACE_STYLE_FILL_AREA(#15855);
#15855 = FILL_AREA_STYLE('',(#15856));
#15856 = FILL_AREA_STYLE_COLOUR('',#15849);
#15857 = STYLED_ITEM('color',(#15858),#5287);
#15858 = PRESENTATION_STYLE_ASSIGNMENT((#15859));
#15859 = SURFACE_STYLE_USAGE(.BOTH.,#15860);
#15860 = SURFACE_SIDE_STYLE('',(#15861));
#15861 = SURFACE_STYLE_FILL_AREA(#15862);
#15862 = FILL_AREA_STYLE('',(#15863));
#15863 = FILL_AREA_STYLE_COLOUR('',#15849);
#15864 = STYLED_ITEM('color',(#15865),#5311);
#15865 = PRESENTATION_STYLE_ASSIGNMENT((#15866));
#15866 = SURFACE_STYLE_USAGE(.BOTH.,#15867);
#15867 = SURFACE_SIDE_STYLE('',(#15868));
#15868 = SURFACE_STYLE_FILL_AREA(#15869);
#15869 = FILL_AREA_STYLE('',(#15870));
#15870 = FILL_AREA_STYLE_COLOUR('',#15849);
#15871 = STYLED_ITEM('color',(#15872),#5328);
#15872 = PRESENTATION_STYLE_ASSIGNMENT((#15873));
#15873 = SURFACE_STYLE_USAGE(.BOTH.,#15874);
#15874 = SURFACE_SIDE_STYLE('',(#15875));
#15875 = SURFACE_STYLE_FILL_AREA(#15876);
#15876 = FILL_AREA_STYLE('',(#15877));
#15877 = FILL_AREA_STYLE_COLOUR('',#15849);
#15878 = STYLED_ITEM('color',(#15879),#5359);
#15879 = PRESENTATION_STYLE_ASSIGNMENT((#15880));
#15880 = SURFACE_STYLE_USAGE(.BOTH.,#15881);
#15881 = SURFACE_SIDE_STYLE('',(#15882));
#15882 = SURFACE_STYLE_FILL_AREA(#15883);
#15883 = FILL_AREA_STYLE('',(#15884));
#15884 = FILL_AREA_STYLE_COLOUR('',#15849);
#15885 = STYLED_ITEM('color',(#15886),#5383);
#15886 = PRESENTATION_STYLE_ASSIGNMENT((#15887));
#15887 = SURFACE_STYLE_USAGE(.BOTH.,#15888);
#15888 = SURFACE_SIDE_STYLE('',(#15889));
#15889 = SURFACE_STYLE_FILL_AREA(#15890);
#15890 = FILL_AREA_STYLE('',(#15891));
#15891 = FILL_AREA_STYLE_COLOUR('',#15849);
#15892 = STYLED_ITEM('color',(#15893),#5407);
#15893 = PRESENTATION_STYLE_ASSIGNMENT((#15894));
#15894 = SURFACE_STYLE_USAGE(.BOTH.,#15895);
#15895 = SURFACE_SIDE_STYLE('',(#15896));
#15896 = SURFACE_STYLE_FILL_AREA(#15897);
#15897 = FILL_AREA_STYLE('',(#15898));
#15898 = FILL_AREA_STYLE_COLOUR('',#15849);
#15899 = STYLED_ITEM('color',(#15900),#5424);
#15900 = PRESENTATION_STYLE_ASSIGNMENT((#15901));
#15901 = SURFACE_STYLE_USAGE(.BOTH.,#15902);
#15902 = SURFACE_SIDE_STYLE('',(#15903));
#15903 = SURFACE_STYLE_FILL_AREA(#15904);
#15904 = FILL_AREA_STYLE('',(#15905));
#15905 = FILL_AREA_STYLE_COLOUR('',#15849);
#15906 = STYLED_ITEM('color',(#15907),#5487);
#15907 = PRESENTATION_STYLE_ASSIGNMENT((#15908));
#15908 = SURFACE_STYLE_USAGE(.BOTH.,#15909);
#15909 = SURFACE_SIDE_STYLE('',(#15910));
#15910 = SURFACE_STYLE_FILL_AREA(#15911);
#15911 = FILL_AREA_STYLE('',(#15912));
#15912 = FILL_AREA_STYLE_COLOUR('',#15849);
#15913 = STYLED_ITEM('color',(#15914),#5511);
#15914 = PRESENTATION_STYLE_ASSIGNMENT((#15915));
#15915 = SURFACE_STYLE_USAGE(.BOTH.,#15916);
#15916 = SURFACE_SIDE_STYLE('',(#15917));
#15917 = SURFACE_STYLE_FILL_AREA(#15918);
#15918 = FILL_AREA_STYLE('',(#15919));
#15919 = FILL_AREA_STYLE_COLOUR('',#15849);
#15920 = STYLED_ITEM('color',(#15921),#5567);
#15921 = PRESENTATION_STYLE_ASSIGNMENT((#15922));
#15922 = SURFACE_STYLE_USAGE(.BOTH.,#15923);
#15923 = SURFACE_SIDE_STYLE('',(#15924));
#15924 = SURFACE_STYLE_FILL_AREA(#15925);
#15925 = FILL_AREA_STYLE('',(#15926));
#15926 = FILL_AREA_STYLE_COLOUR('',#15849);
#15927 = STYLED_ITEM('color',(#15928),#5584);
#15928 = PRESENTATION_STYLE_ASSIGNMENT((#15929));
#15929 = SURFACE_STYLE_USAGE(.BOTH.,#15930);
#15930 = SURFACE_SIDE_STYLE('',(#15931));
#15931 = SURFACE_STYLE_FILL_AREA(#15932);
#15932 = FILL_AREA_STYLE('',(#15933));
#15933 = FILL_AREA_STYLE_COLOUR('',#15849);
#15934 = STYLED_ITEM('color',(#15935),#5647);
#15935 = PRESENTATION_STYLE_ASSIGNMENT((#15936));
#15936 = SURFACE_STYLE_USAGE(.BOTH.,#15937);
#15937 = SURFACE_SIDE_STYLE('',(#15938));
#15938 = SURFACE_STYLE_FILL_AREA(#15939);
#15939 = FILL_AREA_STYLE('',(#15940));
#15940 = FILL_AREA_STYLE_COLOUR('',#15849);
#15941 = STYLED_ITEM('color',(#15942),#5671);
#15942 = PRESENTATION_STYLE_ASSIGNMENT((#15943));
#15943 = SURFACE_STYLE_USAGE(.BOTH.,#15944);
#15944 = SURFACE_SIDE_STYLE('',(#15945));
#15945 = SURFACE_STYLE_FILL_AREA(#15946);
#15946 = FILL_AREA_STYLE('',(#15947));
#15947 = FILL_AREA_STYLE_COLOUR('',#15849);
#15948 = STYLED_ITEM('color',(#15949),#5727);
#15949 = PRESENTATION_STYLE_ASSIGNMENT((#15950));
#15950 = SURFACE_STYLE_USAGE(.BOTH.,#15951);
#15951 = SURFACE_SIDE_STYLE('',(#15952));
#15952 = SURFACE_STYLE_FILL_AREA(#15953);
#15953 = FILL_AREA_STYLE('',(#15954));
#15954 = FILL_AREA_STYLE_COLOUR('',#15849);
#15955 = STYLED_ITEM('color',(#15956),#5744);
#15956 = PRESENTATION_STYLE_ASSIGNMENT((#15957));
#15957 = SURFACE_STYLE_USAGE(.BOTH.,#15958);
#15958 = SURFACE_SIDE_STYLE('',(#15959));
#15959 = SURFACE_STYLE_FILL_AREA(#15960);
#15960 = FILL_AREA_STYLE('',(#15961));
#15961 = FILL_AREA_STYLE_COLOUR('',#15849);
#15962 = STYLED_ITEM('color',(#15963),#5775);
#15963 = PRESENTATION_STYLE_ASSIGNMENT((#15964));
#15964 = SURFACE_STYLE_USAGE(.BOTH.,#15965);
#15965 = SURFACE_SIDE_STYLE('',(#15966));
#15966 = SURFACE_STYLE_FILL_AREA(#15967);
#15967 = FILL_AREA_STYLE('',(#15968));
#15968 = FILL_AREA_STYLE_COLOUR('',#15849);
#15969 = STYLED_ITEM('color',(#15970),#5799);
#15970 = PRESENTATION_STYLE_ASSIGNMENT((#15971));
#15971 = SURFACE_STYLE_USAGE(.BOTH.,#15972);
#15972 = SURFACE_SIDE_STYLE('',(#15973));
#15973 = SURFACE_STYLE_FILL_AREA(#15974);
#15974 = FILL_AREA_STYLE('',(#15975));
#15975 = FILL_AREA_STYLE_COLOUR('',#15849);
#15976 = STYLED_ITEM('color',(#15977),#5823);
#15977 = PRESENTATION_STYLE_ASSIGNMENT((#15978));
#15978 = SURFACE_STYLE_USAGE(.BOTH.,#15979);
#15979 = SURFACE_SIDE_STYLE('',(#15980));
#15980 = SURFACE_STYLE_FILL_AREA(#15981);
#15981 = FILL_AREA_STYLE('',(#15982));
#15982 = FILL_AREA_STYLE_COLOUR('',#15849);
#15983 = STYLED_ITEM('color',(#15984),#5840);
#15984 = PRESENTATION_STYLE_ASSIGNMENT((#15985));
#15985 = SURFACE_STYLE_USAGE(.BOTH.,#15986);
#15986 = SURFACE_SIDE_STYLE('',(#15987));
#15987 = SURFACE_STYLE_FILL_AREA(#15988);
#15988 = FILL_AREA_STYLE('',(#15989));
#15989 = FILL_AREA_STYLE_COLOUR('',#15849);
#15990 = STYLED_ITEM('color',(#15991),#5871);
#15991 = PRESENTATION_STYLE_ASSIGNMENT((#15992));
#15992 = SURFACE_STYLE_USAGE(.BOTH.,#15993);
#15993 = SURFACE_SIDE_STYLE('',(#15994));
#15994 = SURFACE_STYLE_FILL_AREA(#15995);
#15995 = FILL_AREA_STYLE('',(#15996));
#15996 = FILL_AREA_STYLE_COLOUR('',#15849);
#15997 = STYLED_ITEM('color',(#15998),#5895);
#15998 = PRESENTATION_STYLE_ASSIGNMENT((#15999));
#15999 = SURFACE_STYLE_USAGE(.BOTH.,#16000);
#16000 = SURFACE_SIDE_STYLE('',(#16001));
#16001 = SURFACE_STYLE_FILL_AREA(#16002);
#16002 = FILL_AREA_STYLE('',(#16003));
#16003 = FILL_AREA_STYLE_COLOUR('',#15849);
#16004 = STYLED_ITEM('color',(#16005),#5919);
#16005 = PRESENTATION_STYLE_ASSIGNMENT((#16006));
#16006 = SURFACE_STYLE_USAGE(.BOTH.,#16007);
#16007 = SURFACE_SIDE_STYLE('',(#16008));
#16008 = SURFACE_STYLE_FILL_AREA(#16009);
#16009 = FILL_AREA_STYLE('',(#16010));
#16010 = FILL_AREA_STYLE_COLOUR('',#15849);
#16011 = STYLED_ITEM('color',(#16012),#5936);
#16012 = PRESENTATION_STYLE_ASSIGNMENT((#16013));
#16013 = SURFACE_STYLE_USAGE(.BOTH.,#16014);
#16014 = SURFACE_SIDE_STYLE('',(#16015));
#16015 = SURFACE_STYLE_FILL_AREA(#16016);
#16016 = FILL_AREA_STYLE('',(#16017));
#16017 = FILL_AREA_STYLE_COLOUR('',#15849);
#16018 = STYLED_ITEM('color',(#16019),#5983);
#16019 = PRESENTATION_STYLE_ASSIGNMENT((#16020));
#16020 = SURFACE_STYLE_USAGE(.BOTH.,#16021);
#16021 = SURFACE_SIDE_STYLE('',(#16022));
#16022 = SURFACE_STYLE_FILL_AREA(#16023);
#16023 = FILL_AREA_STYLE('',(#16024));
#16024 = FILL_AREA_STYLE_COLOUR('',#15849);
#16025 = STYLED_ITEM('color',(#16026),#6014);
#16026 = PRESENTATION_STYLE_ASSIGNMENT((#16027));
#16027 = SURFACE_STYLE_USAGE(.BOTH.,#16028);
#16028 = SURFACE_SIDE_STYLE('',(#16029));
#16029 = SURFACE_STYLE_FILL_AREA(#16030);
#16030 = FILL_AREA_STYLE('',(#16031));
#16031 = FILL_AREA_STYLE_COLOUR('',#15849);
#16032 = STYLED_ITEM('color',(#16033),#6026);
#16033 = PRESENTATION_STYLE_ASSIGNMENT((#16034));
#16034 = SURFACE_STYLE_USAGE(.BOTH.,#16035);
#16035 = SURFACE_SIDE_STYLE('',(#16036));
#16036 = SURFACE_STYLE_FILL_AREA(#16037);
#16037 = FILL_AREA_STYLE('',(#16038));
#16038 = FILL_AREA_STYLE_COLOUR('',#15849);
#16039 = STYLED_ITEM('color',(#16040),#6043);
#16040 = PRESENTATION_STYLE_ASSIGNMENT((#16041));
#16041 = SURFACE_STYLE_USAGE(.BOTH.,#16042);
#16042 = SURFACE_SIDE_STYLE('',(#16043));
#16043 = SURFACE_STYLE_FILL_AREA(#16044);
#16044 = FILL_AREA_STYLE('',(#16045));
#16045 = FILL_AREA_STYLE_COLOUR('',#15849);
#16046 = STYLED_ITEM('color',(#16047),#6069);
#16047 = PRESENTATION_STYLE_ASSIGNMENT((#16048));
#16048 = SURFACE_STYLE_USAGE(.BOTH.,#16049);
#16049 = SURFACE_SIDE_STYLE('',(#16050));
#16050 = SURFACE_STYLE_FILL_AREA(#16051);
#16051 = FILL_AREA_STYLE('',(#16052));
#16052 = FILL_AREA_STYLE_COLOUR('',#15849);
#16053 = STYLED_ITEM('color',(#16054),#6102);
#16054 = PRESENTATION_STYLE_ASSIGNMENT((#16055));
#16055 = SURFACE_STYLE_USAGE(.BOTH.,#16056);
#16056 = SURFACE_SIDE_STYLE('',(#16057));
#16057 = SURFACE_STYLE_FILL_AREA(#16058);
#16058 = FILL_AREA_STYLE('',(#16059));
#16059 = FILL_AREA_STYLE_COLOUR('',#15849);
#16060 = STYLED_ITEM('color',(#16061),#6149);
#16061 = PRESENTATION_STYLE_ASSIGNMENT((#16062));
#16062 = SURFACE_STYLE_USAGE(.BOTH.,#16063);
#16063 = SURFACE_SIDE_STYLE('',(#16064));
#16064 = SURFACE_STYLE_FILL_AREA(#16065);
#16065 = FILL_AREA_STYLE('',(#16066));
#16066 = FILL_AREA_STYLE_COLOUR('',#15849);
#16067 = STYLED_ITEM('color',(#16068),#6180);
#16068 = PRESENTATION_STYLE_ASSIGNMENT((#16069));
#16069 = SURFACE_STYLE_USAGE(.BOTH.,#16070);
#16070 = SURFACE_SIDE_STYLE('',(#16071));
#16071 = SURFACE_STYLE_FILL_AREA(#16072);
#16072 = FILL_AREA_STYLE('',(#16073));
#16073 = FILL_AREA_STYLE_COLOUR('',#15849);
#16074 = STYLED_ITEM('color',(#16075),#6192);
#16075 = PRESENTATION_STYLE_ASSIGNMENT((#16076));
#16076 = SURFACE_STYLE_USAGE(.BOTH.,#16077);
#16077 = SURFACE_SIDE_STYLE('',(#16078));
#16078 = SURFACE_STYLE_FILL_AREA(#16079);
#16079 = FILL_AREA_STYLE('',(#16080));
#16080 = FILL_AREA_STYLE_COLOUR('',#15849);
#16081 = STYLED_ITEM('color',(#16082),#6209);
#16082 = PRESENTATION_STYLE_ASSIGNMENT((#16083));
#16083 = SURFACE_STYLE_USAGE(.BOTH.,#16084);
#16084 = SURFACE_SIDE_STYLE('',(#16085));
#16085 = SURFACE_STYLE_FILL_AREA(#16086);
#16086 = FILL_AREA_STYLE('',(#16087));
#16087 = FILL_AREA_STYLE_COLOUR('',#15849);
#16088 = STYLED_ITEM('color',(#16089),#6235);
#16089 = PRESENTATION_STYLE_ASSIGNMENT((#16090));
#16090 = SURFACE_STYLE_USAGE(.BOTH.,#16091);
#16091 = SURFACE_SIDE_STYLE('',(#16092));
#16092 = SURFACE_STYLE_FILL_AREA(#16093);
#16093 = FILL_AREA_STYLE('',(#16094));
#16094 = FILL_AREA_STYLE_COLOUR('',#15849);
#16095 = STYLED_ITEM('color',(#16096),#6268);
#16096 = PRESENTATION_STYLE_ASSIGNMENT((#16097));
#16097 = SURFACE_STYLE_USAGE(.BOTH.,#16098);
#16098 = SURFACE_SIDE_STYLE('',(#16099));
#16099 = SURFACE_STYLE_FILL_AREA(#16100);
#16100 = FILL_AREA_STYLE('',(#16101));
#16101 = FILL_AREA_STYLE_COLOUR('',#15849);
#16102 = STYLED_ITEM('color',(#16103),#6280);
#16103 = PRESENTATION_STYLE_ASSIGNMENT((#16104));
#16104 = SURFACE_STYLE_USAGE(.BOTH.,#16105);
#16105 = SURFACE_SIDE_STYLE('',(#16106));
#16106 = SURFACE_STYLE_FILL_AREA(#16107);
#16107 = FILL_AREA_STYLE('',(#16108));
#16108 = FILL_AREA_STYLE_COLOUR('',#15849);
#16109 = STYLED_ITEM('color',(#16110),#6292);
#16110 = PRESENTATION_STYLE_ASSIGNMENT((#16111));
#16111 = SURFACE_STYLE_USAGE(.BOTH.,#16112);
#16112 = SURFACE_SIDE_STYLE('',(#16113));
#16113 = SURFACE_STYLE_FILL_AREA(#16114);
#16114 = FILL_AREA_STYLE('',(#16115));
#16115 = FILL_AREA_STYLE_COLOUR('',#15849);
#16116 = STYLED_ITEM('color',(#16117),#6309);
#16117 = PRESENTATION_STYLE_ASSIGNMENT((#16118));
#16118 = SURFACE_STYLE_USAGE(.BOTH.,#16119);
#16119 = SURFACE_SIDE_STYLE('',(#16120));
#16120 = SURFACE_STYLE_FILL_AREA(#16121);
#16121 = FILL_AREA_STYLE('',(#16122));
#16122 = FILL_AREA_STYLE_COLOUR('',#15849);
#16123 = STYLED_ITEM('color',(#16124),#6326);
#16124 = PRESENTATION_STYLE_ASSIGNMENT((#16125));
#16125 = SURFACE_STYLE_USAGE(.BOTH.,#16126);
#16126 = SURFACE_SIDE_STYLE('',(#16127));
#16127 = SURFACE_STYLE_FILL_AREA(#16128);
#16128 = FILL_AREA_STYLE('',(#16129));
#16129 = FILL_AREA_STYLE_COLOUR('',#15849);
#16130 = STYLED_ITEM('color',(#16131),#6338);
#16131 = PRESENTATION_STYLE_ASSIGNMENT((#16132));
#16132 = SURFACE_STYLE_USAGE(.BOTH.,#16133);
#16133 = SURFACE_SIDE_STYLE('',(#16134));
#16134 = SURFACE_STYLE_FILL_AREA(#16135);
#16135 = FILL_AREA_STYLE('',(#16136));
#16136 = FILL_AREA_STYLE_COLOUR('',#15849);
#16137 = STYLED_ITEM('color',(#16138),#6355);
#16138 = PRESENTATION_STYLE_ASSIGNMENT((#16139));
#16139 = SURFACE_STYLE_USAGE(.BOTH.,#16140);
#16140 = SURFACE_SIDE_STYLE('',(#16141));
#16141 = SURFACE_STYLE_FILL_AREA(#16142);
#16142 = FILL_AREA_STYLE('',(#16143));
#16143 = FILL_AREA_STYLE_COLOUR('',#15849);
#16144 = STYLED_ITEM('color',(#16145),#6372);
#16145 = PRESENTATION_STYLE_ASSIGNMENT((#16146));
#16146 = SURFACE_STYLE_USAGE(.BOTH.,#16147);
#16147 = SURFACE_SIDE_STYLE('',(#16148));
#16148 = SURFACE_STYLE_FILL_AREA(#16149);
#16149 = FILL_AREA_STYLE('',(#16150));
#16150 = FILL_AREA_STYLE_COLOUR('',#15849);
#16151 = MECHANICAL_DESIGN_GEOMETRIC_PRESENTATION_REPRESENTATION('',(
    #16152,#16162,#16171,#16180,#16189,#16198,#16207,#16216,#16225,
    #16234,#16243,#16252,#16261,#16270,#16279,#16288,#16297,#16306,
    #16315,#16324,#16333,#16342,#16351,#16360,#16369,#16378,#16387,
    #16396,#16405,#16414,#16423,#16432,#16441,#16450,#16459,#16468,
    #16477,#16486,#16495,#16504,#16513,#16522,#16531,#16540,#16549,
    #16558,#16567,#16576,#16585,#16594,#16603,#16612,#16621,#16630,
    #16639,#16648,#16657,#16666,#16675,#16684,#16693,#16702,#16711,
    #16720,#16729,#16738,#16747,#16756,#16765,#16774,#16783,#16792,
    #16801,#16810,#16819,#16828,#16837,#16846,#16855,#16864,#16873,
    #16882,#16891,#16900,#16909,#16918,#16927,#16936,#16945,#16954,
    #16963,#16972,#16981,#16990,#16999,#17008,#17017,#17026,#17035,
    #17044,#17053,#17062,#17071,#17080,#17089,#17098,#17107,#17116,
    #17125,#17134,#17143,#17152,#17161,#17170,#17179,#17188,#17197,
    #17206,#17215,#17224,#17233,#17242,#17251,#17260,#17269,#17278,
    #17287,#17296,#17305,#17314,#17323,#17332,#17341,#17350,#17359),
  #13772);
#16152 = STYLED_ITEM('color',(#16153),#9654);
#16153 = PRESENTATION_STYLE_ASSIGNMENT((#16154,#16160));
#16154 = SURFACE_STYLE_USAGE(.BOTH.,#16155);
#16155 = SURFACE_SIDE_STYLE('',(#16156));
#16156 = SURFACE_STYLE_FILL_AREA(#16157);
#16157 = FILL_AREA_STYLE('',(#16158));
#16158 = FILL_AREA_STYLE_COLOUR('',#16159);
#16159 = COLOUR_RGB('',0.147999998088,0.145000001626,0.145000001626);
#16160 = CURVE_STYLE('',#16161,POSITIVE_LENGTH_MEASURE(0.1),#16159);
#16161 = DRAUGHTING_PRE_DEFINED_CURVE_FONT('continuous');
#16162 = STYLED_ITEM('color',(#16163),#9756);
#16163 = PRESENTATION_STYLE_ASSIGNMENT((#16164,#16169));
#16164 = SURFACE_STYLE_USAGE(.BOTH.,#16165);
#16165 = SURFACE_SIDE_STYLE('',(#16166));
#16166 = SURFACE_STYLE_FILL_AREA(#16167);
#16167 = FILL_AREA_STYLE('',(#16168));
#16168 = FILL_AREA_STYLE_COLOUR('',#16159);
#16169 = CURVE_STYLE('',#16170,POSITIVE_LENGTH_MEASURE(0.1),#16159);
#16170 = DRAUGHTING_PRE_DEFINED_CURVE_FONT('continuous');
#16171 = STYLED_ITEM('color',(#16172),#9787);
#16172 = PRESENTATION_STYLE_ASSIGNMENT((#16173,#16178));
#16173 = SURFACE_STYLE_USAGE(.BOTH.,#16174);
#16174 = SURFACE_SIDE_STYLE('',(#16175));
#16175 = SURFACE_STYLE_FILL_AREA(#16176);
#16176 = FILL_AREA_STYLE('',(#16177));
#16177 = FILL_AREA_STYLE_COLOUR('',#16159);
#16178 = CURVE_STYLE('',#16179,POSITIVE_LENGTH_MEASURE(0.1),#16159);
#16179 = DRAUGHTING_PRE_DEFINED_CURVE_FONT('continuous');
#16180 = STYLED_ITEM('color',(#16181),#9810);
#16181 = PRESENTATION_STYLE_ASSIGNMENT((#16182,#16187));
#16182 = SURFACE_STYLE_USAGE(.BOTH.,#16183);
#16183 = SURFACE_SIDE_STYLE('',(#16184));
#16184 = SURFACE_STYLE_FILL_AREA(#16185);
#16185 = FILL_AREA_STYLE('',(#16186));
#16186 = FILL_AREA_STYLE_COLOUR('',#16159);
#16187 = CURVE_STYLE('',#16188,POSITIVE_LENGTH_MEASURE(0.1),#16159);
#16188 = DRAUGHTING_PRE_DEFINED_CURVE_FONT('continuous');
#16189 = STYLED_ITEM('color',(#16190),#9840);
#16190 = PRESENTATION_STYLE_ASSIGNMENT((#16191,#16196));
#16191 = SURFACE_STYLE_USAGE(.BOTH.,#16192);
#16192 = SURFACE_SIDE_STYLE('',(#16193));
#16193 = SURFACE_STYLE_FILL_AREA(#16194);
#16194 = FILL_AREA_STYLE('',(#16195));
#16195 = FILL_AREA_STYLE_COLOUR('',#15348);
#16196 = CURVE_STYLE('',#16197,POSITIVE_LENGTH_MEASURE(0.1),#15348);
#16197 = DRAUGHTING_PRE_DEFINED_CURVE_FONT('continuous');
#16198 = STYLED_ITEM('color',(#16199),#9871);
#16199 = PRESENTATION_STYLE_ASSIGNMENT((#16200,#16205));
#16200 = SURFACE_STYLE_USAGE(.BOTH.,#16201);
#16201 = SURFACE_SIDE_STYLE('',(#16202));
#16202 = SURFACE_STYLE_FILL_AREA(#16203);
#16203 = FILL_AREA_STYLE('',(#16204));
#16204 = FILL_AREA_STYLE_COLOUR('',#16159);
#16205 = CURVE_STYLE('',#16206,POSITIVE_LENGTH_MEASURE(0.1),#16159);
#16206 = DRAUGHTING_PRE_DEFINED_CURVE_FONT('continuous');
#16207 = STYLED_ITEM('color',(#16208),#9902);
#16208 = PRESENTATION_STYLE_ASSIGNMENT((#16209,#16214));
#16209 = SURFACE_STYLE_USAGE(.BOTH.,#16210);
#16210 = SURFACE_SIDE_STYLE('',(#16211));
#16211 = SURFACE_STYLE_FILL_AREA(#16212);
#16212 = FILL_AREA_STYLE('',(#16213));
#16213 = FILL_AREA_STYLE_COLOUR('',#15348);
#16214 = CURVE_STYLE('',#16215,POSITIVE_LENGTH_MEASURE(0.1),#15348);
#16215 = DRAUGHTING_PRE_DEFINED_CURVE_FONT('continuous');
#16216 = STYLED_ITEM('color',(#16217),#9933);
#16217 = PRESENTATION_STYLE_ASSIGNMENT((#16218,#16223));
#16218 = SURFACE_STYLE_USAGE(.BOTH.,#16219);
#16219 = SURFACE_SIDE_STYLE('',(#16220));
#16220 = SURFACE_STYLE_FILL_AREA(#16221);
#16221 = FILL_AREA_STYLE('',(#16222));
#16222 = FILL_AREA_STYLE_COLOUR('',#16159);
#16223 = CURVE_STYLE('',#16224,POSITIVE_LENGTH_MEASURE(0.1),#16159);
#16224 = DRAUGHTING_PRE_DEFINED_CURVE_FONT('continuous');
#16225 = STYLED_ITEM('color',(#16226),#9964);
#16226 = PRESENTATION_STYLE_ASSIGNMENT((#16227,#16232));
#16227 = SURFACE_STYLE_USAGE(.BOTH.,#16228);
#16228 = SURFACE_SIDE_STYLE('',(#16229));
#16229 = SURFACE_STYLE_FILL_AREA(#16230);
#16230 = FILL_AREA_STYLE('',(#16231));
#16231 = FILL_AREA_STYLE_COLOUR('',#15348);
#16232 = CURVE_STYLE('',#16233,POSITIVE_LENGTH_MEASURE(0.1),#15348);
#16233 = DRAUGHTING_PRE_DEFINED_CURVE_FONT('continuous');
#16234 = STYLED_ITEM('color',(#16235),#9995);
#16235 = PRESENTATION_STYLE_ASSIGNMENT((#16236,#16241));
#16236 = SURFACE_STYLE_USAGE(.BOTH.,#16237);
#16237 = SURFACE_SIDE_STYLE('',(#16238));
#16238 = SURFACE_STYLE_FILL_AREA(#16239);
#16239 = FILL_AREA_STYLE('',(#16240));
#16240 = FILL_AREA_STYLE_COLOUR('',#16159);
#16241 = CURVE_STYLE('',#16242,POSITIVE_LENGTH_MEASURE(0.1),#16159);
#16242 = DRAUGHTING_PRE_DEFINED_CURVE_FONT('continuous');
#16243 = STYLED_ITEM('color',(#16244),#10026);
#16244 = PRESENTATION_STYLE_ASSIGNMENT((#16245,#16250));
#16245 = SURFACE_STYLE_USAGE(.BOTH.,#16246);
#16246 = SURFACE_SIDE_STYLE('',(#16247));
#16247 = SURFACE_STYLE_FILL_AREA(#16248);
#16248 = FILL_AREA_STYLE('',(#16249));
#16249 = FILL_AREA_STYLE_COLOUR('',#15348);
#16250 = CURVE_STYLE('',#16251,POSITIVE_LENGTH_MEASURE(0.1),#15348);
#16251 = DRAUGHTING_PRE_DEFINED_CURVE_FONT('continuous');
#16252 = STYLED_ITEM('color',(#16253),#10057);
#16253 = PRESENTATION_STYLE_ASSIGNMENT((#16254,#16259));
#16254 = SURFACE_STYLE_USAGE(.BOTH.,#16255);
#16255 = SURFACE_SIDE_STYLE('',(#16256));
#16256 = SURFACE_STYLE_FILL_AREA(#16257);
#16257 = FILL_AREA_STYLE('',(#16258));
#16258 = FILL_AREA_STYLE_COLOUR('',#16159);
#16259 = CURVE_STYLE('',#16260,POSITIVE_LENGTH_MEASURE(0.1),#16159);
#16260 = DRAUGHTING_PRE_DEFINED_CURVE_FONT('continuous');
#16261 = STYLED_ITEM('color',(#16262),#10087);
#16262 = PRESENTATION_STYLE_ASSIGNMENT((#16263,#16268));
#16263 = SURFACE_STYLE_USAGE(.BOTH.,#16264);
#16264 = SURFACE_SIDE_STYLE('',(#16265));
#16265 = SURFACE_STYLE_FILL_AREA(#16266);
#16266 = FILL_AREA_STYLE('',(#16267));
#16267 = FILL_AREA_STYLE_COLOUR('',#16159);
#16268 = CURVE_STYLE('',#16269,POSITIVE_LENGTH_MEASURE(0.1),#16159);
#16269 = DRAUGHTING_PRE_DEFINED_CURVE_FONT('continuous');
#16270 = STYLED_ITEM('color',(#16271),#10110);
#16271 = PRESENTATION_STYLE_ASSIGNMENT((#16272,#16277));
#16272 = SURFACE_STYLE_USAGE(.BOTH.,#16273);
#16273 = SURFACE_SIDE_STYLE('',(#16274));
#16274 = SURFACE_STYLE_FILL_AREA(#16275);
#16275 = FILL_AREA_STYLE('',(#16276));
#16276 = FILL_AREA_STYLE_COLOUR('',#16159);
#16277 = CURVE_STYLE('',#16278,POSITIVE_LENGTH_MEASURE(0.1),#16159);
#16278 = DRAUGHTING_PRE_DEFINED_CURVE_FONT('continuous');
#16279 = STYLED_ITEM('color',(#16280),#10191);
#16280 = PRESENTATION_STYLE_ASSIGNMENT((#16281,#16286));
#16281 = SURFACE_STYLE_USAGE(.BOTH.,#16282);
#16282 = SURFACE_SIDE_STYLE('',(#16283));
#16283 = SURFACE_STYLE_FILL_AREA(#16284);
#16284 = FILL_AREA_STYLE('',(#16285));
#16285 = FILL_AREA_STYLE_COLOUR('',#16159);
#16286 = CURVE_STYLE('',#16287,POSITIVE_LENGTH_MEASURE(0.1),#16159);
#16287 = DRAUGHTING_PRE_DEFINED_CURVE_FONT('continuous');
#16288 = STYLED_ITEM('color',(#16289),#10214);
#16289 = PRESENTATION_STYLE_ASSIGNMENT((#16290,#16295));
#16290 = SURFACE_STYLE_USAGE(.BOTH.,#16291);
#16291 = SURFACE_SIDE_STYLE('',(#16292));
#16292 = SURFACE_STYLE_FILL_AREA(#16293);
#16293 = FILL_AREA_STYLE('',(#16294));
#16294 = FILL_AREA_STYLE_COLOUR('',#16159);
#16295 = CURVE_STYLE('',#16296,POSITIVE_LENGTH_MEASURE(0.1),#16159);
#16296 = DRAUGHTING_PRE_DEFINED_CURVE_FONT('continuous');
#16297 = STYLED_ITEM('color',(#16298),#10237);
#16298 = PRESENTATION_STYLE_ASSIGNMENT((#16299,#16304));
#16299 = SURFACE_STYLE_USAGE(.BOTH.,#16300);
#16300 = SURFACE_SIDE_STYLE('',(#16301));
#16301 = SURFACE_STYLE_FILL_AREA(#16302);
#16302 = FILL_AREA_STYLE('',(#16303));
#16303 = FILL_AREA_STYLE_COLOUR('',#16159);
#16304 = CURVE_STYLE('',#16305,POSITIVE_LENGTH_MEASURE(0.1),#16159);
#16305 = DRAUGHTING_PRE_DEFINED_CURVE_FONT('continuous');
#16306 = STYLED_ITEM('color',(#16307),#10293);
#16307 = PRESENTATION_STYLE_ASSIGNMENT((#16308,#16313));
#16308 = SURFACE_STYLE_USAGE(.BOTH.,#16309);
#16309 = SURFACE_SIDE_STYLE('',(#16310));
#16310 = SURFACE_STYLE_FILL_AREA(#16311);
#16311 = FILL_AREA_STYLE('',(#16312));
#16312 = FILL_AREA_STYLE_COLOUR('',#15348);
#16313 = CURVE_STYLE('',#16314,POSITIVE_LENGTH_MEASURE(0.1),#15348);
#16314 = DRAUGHTING_PRE_DEFINED_CURVE_FONT('continuous');
#16315 = STYLED_ITEM('color',(#16316),#10385);
#16316 = PRESENTATION_STYLE_ASSIGNMENT((#16317,#16322));
#16317 = SURFACE_STYLE_USAGE(.BOTH.,#16318);
#16318 = SURFACE_SIDE_STYLE('',(#16319));
#16319 = SURFACE_STYLE_FILL_AREA(#16320);
#16320 = FILL_AREA_STYLE('',(#16321));
#16321 = FILL_AREA_STYLE_COLOUR('',#15348);
#16322 = CURVE_STYLE('',#16323,POSITIVE_LENGTH_MEASURE(0.1),#15348);
#16323 = DRAUGHTING_PRE_DEFINED_CURVE_FONT('continuous');
#16324 = STYLED_ITEM('color',(#16325),#10477);
#16325 = PRESENTATION_STYLE_ASSIGNMENT((#16326,#16331));
#16326 = SURFACE_STYLE_USAGE(.BOTH.,#16327);
#16327 = SURFACE_SIDE_STYLE('',(#16328));
#16328 = SURFACE_STYLE_FILL_AREA(#16329);
#16329 = FILL_AREA_STYLE('',(#16330));
#16330 = FILL_AREA_STYLE_COLOUR('',#15348);
#16331 = CURVE_STYLE('',#16332,POSITIVE_LENGTH_MEASURE(0.1),#15348);
#16332 = DRAUGHTING_PRE_DEFINED_CURVE_FONT('continuous');
#16333 = STYLED_ITEM('color',(#16334),#10494);
#16334 = PRESENTATION_STYLE_ASSIGNMENT((#16335,#16340));
#16335 = SURFACE_STYLE_USAGE(.BOTH.,#16336);
#16336 = SURFACE_SIDE_STYLE('',(#16337));
#16337 = SURFACE_STYLE_FILL_AREA(#16338);
#16338 = FILL_AREA_STYLE('',(#16339));
#16339 = FILL_AREA_STYLE_COLOUR('',#16159);
#16340 = CURVE_STYLE('',#16341,POSITIVE_LENGTH_MEASURE(0.1),#16159);
#16341 = DRAUGHTING_PRE_DEFINED_CURVE_FONT('continuous');
#16342 = STYLED_ITEM('color',(#16343),#10525);
#16343 = PRESENTATION_STYLE_ASSIGNMENT((#16344,#16349));
#16344 = SURFACE_STYLE_USAGE(.BOTH.,#16345);
#16345 = SURFACE_SIDE_STYLE('',(#16346));
#16346 = SURFACE_STYLE_FILL_AREA(#16347);
#16347 = FILL_AREA_STYLE('',(#16348));
#16348 = FILL_AREA_STYLE_COLOUR('',#15348);
#16349 = CURVE_STYLE('',#16350,POSITIVE_LENGTH_MEASURE(0.1),#15348);
#16350 = DRAUGHTING_PRE_DEFINED_CURVE_FONT('continuous');
#16351 = STYLED_ITEM('color',(#16352),#10617);
#16352 = PRESENTATION_STYLE_ASSIGNMENT((#16353,#16358));
#16353 = SURFACE_STYLE_USAGE(.BOTH.,#16354);
#16354 = SURFACE_SIDE_STYLE('',(#16355));
#16355 = SURFACE_STYLE_FILL_AREA(#16356);
#16356 = FILL_AREA_STYLE('',(#16357));
#16357 = FILL_AREA_STYLE_COLOUR('',#15348);
#16358 = CURVE_STYLE('',#16359,POSITIVE_LENGTH_MEASURE(0.1),#15348);
#16359 = DRAUGHTING_PRE_DEFINED_CURVE_FONT('continuous');
#16360 = STYLED_ITEM('color',(#16361),#10709);
#16361 = PRESENTATION_STYLE_ASSIGNMENT((#16362,#16367));
#16362 = SURFACE_STYLE_USAGE(.BOTH.,#16363);
#16363 = SURFACE_SIDE_STYLE('',(#16364));
#16364 = SURFACE_STYLE_FILL_AREA(#16365);
#16365 = FILL_AREA_STYLE('',(#16366));
#16366 = FILL_AREA_STYLE_COLOUR('',#15348);
#16367 = CURVE_STYLE('',#16368,POSITIVE_LENGTH_MEASURE(0.1),#15348);
#16368 = DRAUGHTING_PRE_DEFINED_CURVE_FONT('continuous');
#16369 = STYLED_ITEM('color',(#16370),#10726);
#16370 = PRESENTATION_STYLE_ASSIGNMENT((#16371,#16376));
#16371 = SURFACE_STYLE_USAGE(.BOTH.,#16372);
#16372 = SURFACE_SIDE_STYLE('',(#16373));
#16373 = SURFACE_STYLE_FILL_AREA(#16374);
#16374 = FILL_AREA_STYLE('',(#16375));
#16375 = FILL_AREA_STYLE_COLOUR('',#16159);
#16376 = CURVE_STYLE('',#16377,POSITIVE_LENGTH_MEASURE(0.1),#16159);
#16377 = DRAUGHTING_PRE_DEFINED_CURVE_FONT('continuous');
#16378 = STYLED_ITEM('color',(#16379),#10757);
#16379 = PRESENTATION_STYLE_ASSIGNMENT((#16380,#16385));
#16380 = SURFACE_STYLE_USAGE(.BOTH.,#16381);
#16381 = SURFACE_SIDE_STYLE('',(#16382));
#16382 = SURFACE_STYLE_FILL_AREA(#16383);
#16383 = FILL_AREA_STYLE('',(#16384));
#16384 = FILL_AREA_STYLE_COLOUR('',#15348);
#16385 = CURVE_STYLE('',#16386,POSITIVE_LENGTH_MEASURE(0.1),#15348);
#16386 = DRAUGHTING_PRE_DEFINED_CURVE_FONT('continuous');
#16387 = STYLED_ITEM('color',(#16388),#10849);
#16388 = PRESENTATION_STYLE_ASSIGNMENT((#16389,#16394));
#16389 = SURFACE_STYLE_USAGE(.BOTH.,#16390);
#16390 = SURFACE_SIDE_STYLE('',(#16391));
#16391 = SURFACE_STYLE_FILL_AREA(#16392);
#16392 = FILL_AREA_STYLE('',(#16393));
#16393 = FILL_AREA_STYLE_COLOUR('',#15348);
#16394 = CURVE_STYLE('',#16395,POSITIVE_LENGTH_MEASURE(0.1),#15348);
#16395 = DRAUGHTING_PRE_DEFINED_CURVE_FONT('continuous');
#16396 = STYLED_ITEM('color',(#16397),#10941);
#16397 = PRESENTATION_STYLE_ASSIGNMENT((#16398,#16403));
#16398 = SURFACE_STYLE_USAGE(.BOTH.,#16399);
#16399 = SURFACE_SIDE_STYLE('',(#16400));
#16400 = SURFACE_STYLE_FILL_AREA(#16401);
#16401 = FILL_AREA_STYLE('',(#16402));
#16402 = FILL_AREA_STYLE_COLOUR('',#15348);
#16403 = CURVE_STYLE('',#16404,POSITIVE_LENGTH_MEASURE(0.1),#15348);
#16404 = DRAUGHTING_PRE_DEFINED_CURVE_FONT('continuous');
#16405 = STYLED_ITEM('color',(#16406),#10958);
#16406 = PRESENTATION_STYLE_ASSIGNMENT((#16407,#16412));
#16407 = SURFACE_STYLE_USAGE(.BOTH.,#16408);
#16408 = SURFACE_SIDE_STYLE('',(#16409));
#16409 = SURFACE_STYLE_FILL_AREA(#16410);
#16410 = FILL_AREA_STYLE('',(#16411));
#16411 = FILL_AREA_STYLE_COLOUR('',#16159);
#16412 = CURVE_STYLE('',#16413,POSITIVE_LENGTH_MEASURE(0.1),#16159);
#16413 = DRAUGHTING_PRE_DEFINED_CURVE_FONT('continuous');
#16414 = STYLED_ITEM('color',(#16415),#10989);
#16415 = PRESENTATION_STYLE_ASSIGNMENT((#16416,#16421));
#16416 = SURFACE_STYLE_USAGE(.BOTH.,#16417);
#16417 = SURFACE_SIDE_STYLE('',(#16418));
#16418 = SURFACE_STYLE_FILL_AREA(#16419);
#16419 = FILL_AREA_STYLE('',(#16420));
#16420 = FILL_AREA_STYLE_COLOUR('',#15348);
#16421 = CURVE_STYLE('',#16422,POSITIVE_LENGTH_MEASURE(0.1),#15348);
#16422 = DRAUGHTING_PRE_DEFINED_CURVE_FONT('continuous');
#16423 = STYLED_ITEM('color',(#16424),#11081);
#16424 = PRESENTATION_STYLE_ASSIGNMENT((#16425,#16430));
#16425 = SURFACE_STYLE_USAGE(.BOTH.,#16426);
#16426 = SURFACE_SIDE_STYLE('',(#16427));
#16427 = SURFACE_STYLE_FILL_AREA(#16428);
#16428 = FILL_AREA_STYLE('',(#16429));
#16429 = FILL_AREA_STYLE_COLOUR('',#15348);
#16430 = CURVE_STYLE('',#16431,POSITIVE_LENGTH_MEASURE(0.1),#15348);
#16431 = DRAUGHTING_PRE_DEFINED_CURVE_FONT('continuous');
#16432 = STYLED_ITEM('color',(#16433),#11173);
#16433 = PRESENTATION_STYLE_ASSIGNMENT((#16434,#16439));
#16434 = SURFACE_STYLE_USAGE(.BOTH.,#16435);
#16435 = SURFACE_SIDE_STYLE('',(#16436));
#16436 = SURFACE_STYLE_FILL_AREA(#16437);
#16437 = FILL_AREA_STYLE('',(#16438));
#16438 = FILL_AREA_STYLE_COLOUR('',#15348);
#16439 = CURVE_STYLE('',#16440,POSITIVE_LENGTH_MEASURE(0.1),#15348);
#16440 = DRAUGHTING_PRE_DEFINED_CURVE_FONT('continuous');
#16441 = STYLED_ITEM('color',(#16442),#11190);
#16442 = PRESENTATION_STYLE_ASSIGNMENT((#16443,#16448));
#16443 = SURFACE_STYLE_USAGE(.BOTH.,#16444);
#16444 = SURFACE_SIDE_STYLE('',(#16445));
#16445 = SURFACE_STYLE_FILL_AREA(#16446);
#16446 = FILL_AREA_STYLE('',(#16447));
#16447 = FILL_AREA_STYLE_COLOUR('',#16159);
#16448 = CURVE_STYLE('',#16449,POSITIVE_LENGTH_MEASURE(0.1),#16159);
#16449 = DRAUGHTING_PRE_DEFINED_CURVE_FONT('continuous');
#16450 = STYLED_ITEM('color',(#16451),#11246);
#16451 = PRESENTATION_STYLE_ASSIGNMENT((#16452,#16457));
#16452 = SURFACE_STYLE_USAGE(.BOTH.,#16453);
#16453 = SURFACE_SIDE_STYLE('',(#16454));
#16454 = SURFACE_STYLE_FILL_AREA(#16455);
#16455 = FILL_AREA_STYLE('',(#16456));
#16456 = FILL_AREA_STYLE_COLOUR('',#16159);
#16457 = CURVE_STYLE('',#16458,POSITIVE_LENGTH_MEASURE(0.1),#16159);
#16458 = DRAUGHTING_PRE_DEFINED_CURVE_FONT('continuous');
#16459 = STYLED_ITEM('color',(#16460),#11263);
#16460 = PRESENTATION_STYLE_ASSIGNMENT((#16461,#16466));
#16461 = SURFACE_STYLE_USAGE(.BOTH.,#16462);
#16462 = SURFACE_SIDE_STYLE('',(#16463));
#16463 = SURFACE_STYLE_FILL_AREA(#16464);
#16464 = FILL_AREA_STYLE('',(#16465));
#16465 = FILL_AREA_STYLE_COLOUR('',#15348);
#16466 = CURVE_STYLE('',#16467,POSITIVE_LENGTH_MEASURE(0.1),#15348);
#16467 = DRAUGHTING_PRE_DEFINED_CURVE_FONT('continuous');
#16468 = STYLED_ITEM('color',(#16469),#11294);
#16469 = PRESENTATION_STYLE_ASSIGNMENT((#16470,#16475));
#16470 = SURFACE_STYLE_USAGE(.BOTH.,#16471);
#16471 = SURFACE_SIDE_STYLE('',(#16472));
#16472 = SURFACE_STYLE_FILL_AREA(#16473);
#16473 = FILL_AREA_STYLE('',(#16474));
#16474 = FILL_AREA_STYLE_COLOUR('',#16159);
#16475 = CURVE_STYLE('',#16476,POSITIVE_LENGTH_MEASURE(0.1),#16159);
#16476 = DRAUGHTING_PRE_DEFINED_CURVE_FONT('continuous');
#16477 = STYLED_ITEM('color',(#16478),#11325);
#16478 = PRESENTATION_STYLE_ASSIGNMENT((#16479,#16484));
#16479 = SURFACE_STYLE_USAGE(.BOTH.,#16480);
#16480 = SURFACE_SIDE_STYLE('',(#16481));
#16481 = SURFACE_STYLE_FILL_AREA(#16482);
#16482 = FILL_AREA_STYLE('',(#16483));
#16483 = FILL_AREA_STYLE_COLOUR('',#15348);
#16484 = CURVE_STYLE('',#16485,POSITIVE_LENGTH_MEASURE(0.1),#15348);
#16485 = DRAUGHTING_PRE_DEFINED_CURVE_FONT('continuous');
#16486 = STYLED_ITEM('color',(#16487),#11356);
#16487 = PRESENTATION_STYLE_ASSIGNMENT((#16488,#16493));
#16488 = SURFACE_STYLE_USAGE(.BOTH.,#16489);
#16489 = SURFACE_SIDE_STYLE('',(#16490));
#16490 = SURFACE_STYLE_FILL_AREA(#16491);
#16491 = FILL_AREA_STYLE('',(#16492));
#16492 = FILL_AREA_STYLE_COLOUR('',#16159);
#16493 = CURVE_STYLE('',#16494,POSITIVE_LENGTH_MEASURE(0.1),#16159);
#16494 = DRAUGHTING_PRE_DEFINED_CURVE_FONT('continuous');
#16495 = STYLED_ITEM('color',(#16496),#11387);
#16496 = PRESENTATION_STYLE_ASSIGNMENT((#16497,#16502));
#16497 = SURFACE_STYLE_USAGE(.BOTH.,#16498);
#16498 = SURFACE_SIDE_STYLE('',(#16499));
#16499 = SURFACE_STYLE_FILL_AREA(#16500);
#16500 = FILL_AREA_STYLE('',(#16501));
#16501 = FILL_AREA_STYLE_COLOUR('',#15348);
#16502 = CURVE_STYLE('',#16503,POSITIVE_LENGTH_MEASURE(0.1),#15348);
#16503 = DRAUGHTING_PRE_DEFINED_CURVE_FONT('continuous');
#16504 = STYLED_ITEM('color',(#16505),#11418);
#16505 = PRESENTATION_STYLE_ASSIGNMENT((#16506,#16511));
#16506 = SURFACE_STYLE_USAGE(.BOTH.,#16507);
#16507 = SURFACE_SIDE_STYLE('',(#16508));
#16508 = SURFACE_STYLE_FILL_AREA(#16509);
#16509 = FILL_AREA_STYLE('',(#16510));
#16510 = FILL_AREA_STYLE_COLOUR('',#16159);
#16511 = CURVE_STYLE('',#16512,POSITIVE_LENGTH_MEASURE(0.1),#16159);
#16512 = DRAUGHTING_PRE_DEFINED_CURVE_FONT('continuous');
#16513 = STYLED_ITEM('color',(#16514),#11449);
#16514 = PRESENTATION_STYLE_ASSIGNMENT((#16515,#16520));
#16515 = SURFACE_STYLE_USAGE(.BOTH.,#16516);
#16516 = SURFACE_SIDE_STYLE('',(#16517));
#16517 = SURFACE_STYLE_FILL_AREA(#16518);
#16518 = FILL_AREA_STYLE('',(#16519));
#16519 = FILL_AREA_STYLE_COLOUR('',#15348);
#16520 = CURVE_STYLE('',#16521,POSITIVE_LENGTH_MEASURE(0.1),#15348);
#16521 = DRAUGHTING_PRE_DEFINED_CURVE_FONT('continuous');
#16522 = STYLED_ITEM('color',(#16523),#11480);
#16523 = PRESENTATION_STYLE_ASSIGNMENT((#16524,#16529));
#16524 = SURFACE_STYLE_USAGE(.BOTH.,#16525);
#16525 = SURFACE_SIDE_STYLE('',(#16526));
#16526 = SURFACE_STYLE_FILL_AREA(#16527);
#16527 = FILL_AREA_STYLE('',(#16528));
#16528 = FILL_AREA_STYLE_COLOUR('',#16159);
#16529 = CURVE_STYLE('',#16530,POSITIVE_LENGTH_MEASURE(0.1),#16159);
#16530 = DRAUGHTING_PRE_DEFINED_CURVE_FONT('continuous');
#16531 = STYLED_ITEM('color',(#16532),#11497);
#16532 = PRESENTATION_STYLE_ASSIGNMENT((#16533,#16538));
#16533 = SURFACE_STYLE_USAGE(.BOTH.,#16534);
#16534 = SURFACE_SIDE_STYLE('',(#16535));
#16535 = SURFACE_STYLE_FILL_AREA(#16536);
#16536 = FILL_AREA_STYLE('',(#16537));
#16537 = FILL_AREA_STYLE_COLOUR('',#15348);
#16538 = CURVE_STYLE('',#16539,POSITIVE_LENGTH_MEASURE(0.1),#15348);
#16539 = DRAUGHTING_PRE_DEFINED_CURVE_FONT('continuous');
#16540 = STYLED_ITEM('color',(#16541),#11542);
#16541 = PRESENTATION_STYLE_ASSIGNMENT((#16542,#16547));
#16542 = SURFACE_STYLE_USAGE(.BOTH.,#16543);
#16543 = SURFACE_SIDE_STYLE('',(#16544));
#16544 = SURFACE_STYLE_FILL_AREA(#16545);
#16545 = FILL_AREA_STYLE('',(#16546));
#16546 = FILL_AREA_STYLE_COLOUR('',#16159);
#16547 = CURVE_STYLE('',#16548,POSITIVE_LENGTH_MEASURE(0.1),#16159);
#16548 = DRAUGHTING_PRE_DEFINED_CURVE_FONT('continuous');
#16549 = STYLED_ITEM('color',(#16550),#11619);
#16550 = PRESENTATION_STYLE_ASSIGNMENT((#16551,#16556));
#16551 = SURFACE_STYLE_USAGE(.BOTH.,#16552);
#16552 = SURFACE_SIDE_STYLE('',(#16553));
#16553 = SURFACE_STYLE_FILL_AREA(#16554);
#16554 = FILL_AREA_STYLE('',(#16555));
#16555 = FILL_AREA_STYLE_COLOUR('',#16159);
#16556 = CURVE_STYLE('',#16557,POSITIVE_LENGTH_MEASURE(0.1),#16159);
#16557 = DRAUGHTING_PRE_DEFINED_CURVE_FONT('continuous');
#16558 = STYLED_ITEM('color',(#16559),#11642);
#16559 = PRESENTATION_STYLE_ASSIGNMENT((#16560,#16565));
#16560 = SURFACE_STYLE_USAGE(.BOTH.,#16561);
#16561 = SURFACE_SIDE_STYLE('',(#16562));
#16562 = SURFACE_STYLE_FILL_AREA(#16563);
#16563 = FILL_AREA_STYLE('',(#16564));
#16564 = FILL_AREA_STYLE_COLOUR('',#16159);
#16565 = CURVE_STYLE('',#16566,POSITIVE_LENGTH_MEASURE(0.1),#16159);
#16566 = DRAUGHTING_PRE_DEFINED_CURVE_FONT('continuous');
#16567 = STYLED_ITEM('color',(#16568),#11693);
#16568 = PRESENTATION_STYLE_ASSIGNMENT((#16569,#16574));
#16569 = SURFACE_STYLE_USAGE(.BOTH.,#16570);
#16570 = SURFACE_SIDE_STYLE('',(#16571));
#16571 = SURFACE_STYLE_FILL_AREA(#16572);
#16572 = FILL_AREA_STYLE('',(#16573));
#16573 = FILL_AREA_STYLE_COLOUR('',#15348);
#16574 = CURVE_STYLE('',#16575,POSITIVE_LENGTH_MEASURE(0.1),#15348);
#16575 = DRAUGHTING_PRE_DEFINED_CURVE_FONT('continuous');
#16576 = STYLED_ITEM('color',(#16577),#11712);
#16577 = PRESENTATION_STYLE_ASSIGNMENT((#16578,#16583));
#16578 = SURFACE_STYLE_USAGE(.BOTH.,#16579);
#16579 = SURFACE_SIDE_STYLE('',(#16580));
#16580 = SURFACE_STYLE_FILL_AREA(#16581);
#16581 = FILL_AREA_STYLE('',(#16582));
#16582 = FILL_AREA_STYLE_COLOUR('',#15348);
#16583 = CURVE_STYLE('',#16584,POSITIVE_LENGTH_MEASURE(0.1),#15348);
#16584 = DRAUGHTING_PRE_DEFINED_CURVE_FONT('continuous');
#16585 = STYLED_ITEM('color',(#16586),#11729);
#16586 = PRESENTATION_STYLE_ASSIGNMENT((#16587,#16592));
#16587 = SURFACE_STYLE_USAGE(.BOTH.,#16588);
#16588 = SURFACE_SIDE_STYLE('',(#16589));
#16589 = SURFACE_STYLE_FILL_AREA(#16590);
#16590 = FILL_AREA_STYLE('',(#16591));
#16591 = FILL_AREA_STYLE_COLOUR('',#15348);
#16592 = CURVE_STYLE('',#16593,POSITIVE_LENGTH_MEASURE(0.1),#15348);
#16593 = DRAUGHTING_PRE_DEFINED_CURVE_FONT('continuous');
#16594 = STYLED_ITEM('color',(#16595),#11746);
#16595 = PRESENTATION_STYLE_ASSIGNMENT((#16596,#16601));
#16596 = SURFACE_STYLE_USAGE(.BOTH.,#16597);
#16597 = SURFACE_SIDE_STYLE('',(#16598));
#16598 = SURFACE_STYLE_FILL_AREA(#16599);
#16599 = FILL_AREA_STYLE('',(#16600));
#16600 = FILL_AREA_STYLE_COLOUR('',#15348);
#16601 = CURVE_STYLE('',#16602,POSITIVE_LENGTH_MEASURE(0.1),#15348);
#16602 = DRAUGHTING_PRE_DEFINED_CURVE_FONT('continuous');
#16603 = STYLED_ITEM('color',(#16604),#11763);
#16604 = PRESENTATION_STYLE_ASSIGNMENT((#16605,#16610));
#16605 = SURFACE_STYLE_USAGE(.BOTH.,#16606);
#16606 = SURFACE_SIDE_STYLE('',(#16607));
#16607 = SURFACE_STYLE_FILL_AREA(#16608);
#16608 = FILL_AREA_STYLE('',(#16609));
#16609 = FILL_AREA_STYLE_COLOUR('',#15348);
#16610 = CURVE_STYLE('',#16611,POSITIVE_LENGTH_MEASURE(0.1),#15348);
#16611 = DRAUGHTING_PRE_DEFINED_CURVE_FONT('continuous');
#16612 = STYLED_ITEM('color',(#16613),#11780);
#16613 = PRESENTATION_STYLE_ASSIGNMENT((#16614,#16619));
#16614 = SURFACE_STYLE_USAGE(.BOTH.,#16615);
#16615 = SURFACE_SIDE_STYLE('',(#16616));
#16616 = SURFACE_STYLE_FILL_AREA(#16617);
#16617 = FILL_AREA_STYLE('',(#16618));
#16618 = FILL_AREA_STYLE_COLOUR('',#15348);
#16619 = CURVE_STYLE('',#16620,POSITIVE_LENGTH_MEASURE(0.1),#15348);
#16620 = DRAUGHTING_PRE_DEFINED_CURVE_FONT('continuous');
#16621 = STYLED_ITEM('color',(#16622),#11797);
#16622 = PRESENTATION_STYLE_ASSIGNMENT((#16623,#16628));
#16623 = SURFACE_STYLE_USAGE(.BOTH.,#16624);
#16624 = SURFACE_SIDE_STYLE('',(#16625));
#16625 = SURFACE_STYLE_FILL_AREA(#16626);
#16626 = FILL_AREA_STYLE('',(#16627));
#16627 = FILL_AREA_STYLE_COLOUR('',#15348);
#16628 = CURVE_STYLE('',#16629,POSITIVE_LENGTH_MEASURE(0.1),#15348);
#16629 = DRAUGHTING_PRE_DEFINED_CURVE_FONT('continuous');
#16630 = STYLED_ITEM('color',(#16631),#11814);
#16631 = PRESENTATION_STYLE_ASSIGNMENT((#16632,#16637));
#16632 = SURFACE_STYLE_USAGE(.BOTH.,#16633);
#16633 = SURFACE_SIDE_STYLE('',(#16634));
#16634 = SURFACE_STYLE_FILL_AREA(#16635);
#16635 = FILL_AREA_STYLE('',(#16636));
#16636 = FILL_AREA_STYLE_COLOUR('',#15348);
#16637 = CURVE_STYLE('',#16638,POSITIVE_LENGTH_MEASURE(0.1),#15348);
#16638 = DRAUGHTING_PRE_DEFINED_CURVE_FONT('continuous');
#16639 = STYLED_ITEM('color',(#16640),#11831);
#16640 = PRESENTATION_STYLE_ASSIGNMENT((#16641,#16646));
#16641 = SURFACE_STYLE_USAGE(.BOTH.,#16642);
#16642 = SURFACE_SIDE_STYLE('',(#16643));
#16643 = SURFACE_STYLE_FILL_AREA(#16644);
#16644 = FILL_AREA_STYLE('',(#16645));
#16645 = FILL_AREA_STYLE_COLOUR('',#15348);
#16646 = CURVE_STYLE('',#16647,POSITIVE_LENGTH_MEASURE(0.1),#15348);
#16647 = DRAUGHTING_PRE_DEFINED_CURVE_FONT('continuous');
#16648 = STYLED_ITEM('color',(#16649),#11843);
#16649 = PRESENTATION_STYLE_ASSIGNMENT((#16650,#16655));
#16650 = SURFACE_STYLE_USAGE(.BOTH.,#16651);
#16651 = SURFACE_SIDE_STYLE('',(#16652));
#16652 = SURFACE_STYLE_FILL_AREA(#16653);
#16653 = FILL_AREA_STYLE('',(#16654));
#16654 = FILL_AREA_STYLE_COLOUR('',#15348);
#16655 = CURVE_STYLE('',#16656,POSITIVE_LENGTH_MEASURE(0.1),#15348);
#16656 = DRAUGHTING_PRE_DEFINED_CURVE_FONT('continuous');
#16657 = STYLED_ITEM('color',(#16658),#11862);
#16658 = PRESENTATION_STYLE_ASSIGNMENT((#16659,#16664));
#16659 = SURFACE_STYLE_USAGE(.BOTH.,#16660);
#16660 = SURFACE_SIDE_STYLE('',(#16661));
#16661 = SURFACE_STYLE_FILL_AREA(#16662);
#16662 = FILL_AREA_STYLE('',(#16663));
#16663 = FILL_AREA_STYLE_COLOUR('',#15348);
#16664 = CURVE_STYLE('',#16665,POSITIVE_LENGTH_MEASURE(0.1),#15348);
#16665 = DRAUGHTING_PRE_DEFINED_CURVE_FONT('continuous');
#16666 = STYLED_ITEM('color',(#16667),#11879);
#16667 = PRESENTATION_STYLE_ASSIGNMENT((#16668,#16673));
#16668 = SURFACE_STYLE_USAGE(.BOTH.,#16669);
#16669 = SURFACE_SIDE_STYLE('',(#16670));
#16670 = SURFACE_STYLE_FILL_AREA(#16671);
#16671 = FILL_AREA_STYLE('',(#16672));
#16672 = FILL_AREA_STYLE_COLOUR('',#15348);
#16673 = CURVE_STYLE('',#16674,POSITIVE_LENGTH_MEASURE(0.1),#15348);
#16674 = DRAUGHTING_PRE_DEFINED_CURVE_FONT('continuous');
#16675 = STYLED_ITEM('color',(#16676),#11896);
#16676 = PRESENTATION_STYLE_ASSIGNMENT((#16677,#16682));
#16677 = SURFACE_STYLE_USAGE(.BOTH.,#16678);
#16678 = SURFACE_SIDE_STYLE('',(#16679));
#16679 = SURFACE_STYLE_FILL_AREA(#16680);
#16680 = FILL_AREA_STYLE('',(#16681));
#16681 = FILL_AREA_STYLE_COLOUR('',#15348);
#16682 = CURVE_STYLE('',#16683,POSITIVE_LENGTH_MEASURE(0.1),#15348);
#16683 = DRAUGHTING_PRE_DEFINED_CURVE_FONT('continuous');
#16684 = STYLED_ITEM('color',(#16685),#11913);
#16685 = PRESENTATION_STYLE_ASSIGNMENT((#16686,#16691));
#16686 = SURFACE_STYLE_USAGE(.BOTH.,#16687);
#16687 = SURFACE_SIDE_STYLE('',(#16688));
#16688 = SURFACE_STYLE_FILL_AREA(#16689);
#16689 = FILL_AREA_STYLE('',(#16690));
#16690 = FILL_AREA_STYLE_COLOUR('',#15348);
#16691 = CURVE_STYLE('',#16692,POSITIVE_LENGTH_MEASURE(0.1),#15348);
#16692 = DRAUGHTING_PRE_DEFINED_CURVE_FONT('continuous');
#16693 = STYLED_ITEM('color',(#16694),#11930);
#16694 = PRESENTATION_STYLE_ASSIGNMENT((#16695,#16700));
#16695 = SURFACE_STYLE_USAGE(.BOTH.,#16696);
#16696 = SURFACE_SIDE_STYLE('',(#16697));
#16697 = SURFACE_STYLE_FILL_AREA(#16698);
#16698 = FILL_AREA_STYLE('',(#16699));
#16699 = FILL_AREA_STYLE_COLOUR('',#15348);
#16700 = CURVE_STYLE('',#16701,POSITIVE_LENGTH_MEASURE(0.1),#15348);
#16701 = DRAUGHTING_PRE_DEFINED_CURVE_FONT('continuous');
#16702 = STYLED_ITEM('color',(#16703),#11947);
#16703 = PRESENTATION_STYLE_ASSIGNMENT((#16704,#16709));
#16704 = SURFACE_STYLE_USAGE(.BOTH.,#16705);
#16705 = SURFACE_SIDE_STYLE('',(#16706));
#16706 = SURFACE_STYLE_FILL_AREA(#16707);
#16707 = FILL_AREA_STYLE('',(#16708));
#16708 = FILL_AREA_STYLE_COLOUR('',#15348);
#16709 = CURVE_STYLE('',#16710,POSITIVE_LENGTH_MEASURE(0.1),#15348);
#16710 = DRAUGHTING_PRE_DEFINED_CURVE_FONT('continuous');
#16711 = STYLED_ITEM('color',(#16712),#11964);
#16712 = PRESENTATION_STYLE_ASSIGNMENT((#16713,#16718));
#16713 = SURFACE_STYLE_USAGE(.BOTH.,#16714);
#16714 = SURFACE_SIDE_STYLE('',(#16715));
#16715 = SURFACE_STYLE_FILL_AREA(#16716);
#16716 = FILL_AREA_STYLE('',(#16717));
#16717 = FILL_AREA_STYLE_COLOUR('',#15348);
#16718 = CURVE_STYLE('',#16719,POSITIVE_LENGTH_MEASURE(0.1),#15348);
#16719 = DRAUGHTING_PRE_DEFINED_CURVE_FONT('continuous');
#16720 = STYLED_ITEM('color',(#16721),#11981);
#16721 = PRESENTATION_STYLE_ASSIGNMENT((#16722,#16727));
#16722 = SURFACE_STYLE_USAGE(.BOTH.,#16723);
#16723 = SURFACE_SIDE_STYLE('',(#16724));
#16724 = SURFACE_STYLE_FILL_AREA(#16725);
#16725 = FILL_AREA_STYLE('',(#16726));
#16726 = FILL_AREA_STYLE_COLOUR('',#15348);
#16727 = CURVE_STYLE('',#16728,POSITIVE_LENGTH_MEASURE(0.1),#15348);
#16728 = DRAUGHTING_PRE_DEFINED_CURVE_FONT('continuous');
#16729 = STYLED_ITEM('color',(#16730),#11993);
#16730 = PRESENTATION_STYLE_ASSIGNMENT((#16731,#16736));
#16731 = SURFACE_STYLE_USAGE(.BOTH.,#16732);
#16732 = SURFACE_SIDE_STYLE('',(#16733));
#16733 = SURFACE_STYLE_FILL_AREA(#16734);
#16734 = FILL_AREA_STYLE('',(#16735));
#16735 = FILL_AREA_STYLE_COLOUR('',#15348);
#16736 = CURVE_STYLE('',#16737,POSITIVE_LENGTH_MEASURE(0.1),#15348);
#16737 = DRAUGHTING_PRE_DEFINED_CURVE_FONT('continuous');
#16738 = STYLED_ITEM('color',(#16739),#12012);
#16739 = PRESENTATION_STYLE_ASSIGNMENT((#16740,#16745));
#16740 = SURFACE_STYLE_USAGE(.BOTH.,#16741);
#16741 = SURFACE_SIDE_STYLE('',(#16742));
#16742 = SURFACE_STYLE_FILL_AREA(#16743);
#16743 = FILL_AREA_STYLE('',(#16744));
#16744 = FILL_AREA_STYLE_COLOUR('',#15348);
#16745 = CURVE_STYLE('',#16746,POSITIVE_LENGTH_MEASURE(0.1),#15348);
#16746 = DRAUGHTING_PRE_DEFINED_CURVE_FONT('continuous');
#16747 = STYLED_ITEM('color',(#16748),#12029);
#16748 = PRESENTATION_STYLE_ASSIGNMENT((#16749,#16754));
#16749 = SURFACE_STYLE_USAGE(.BOTH.,#16750);
#16750 = SURFACE_SIDE_STYLE('',(#16751));
#16751 = SURFACE_STYLE_FILL_AREA(#16752);
#16752 = FILL_AREA_STYLE('',(#16753));
#16753 = FILL_AREA_STYLE_COLOUR('',#15348);
#16754 = CURVE_STYLE('',#16755,POSITIVE_LENGTH_MEASURE(0.1),#15348);
#16755 = DRAUGHTING_PRE_DEFINED_CURVE_FONT('continuous');
#16756 = STYLED_ITEM('color',(#16757),#12046);
#16757 = PRESENTATION_STYLE_ASSIGNMENT((#16758,#16763));
#16758 = SURFACE_STYLE_USAGE(.BOTH.,#16759);
#16759 = SURFACE_SIDE_STYLE('',(#16760));
#16760 = SURFACE_STYLE_FILL_AREA(#16761);
#16761 = FILL_AREA_STYLE('',(#16762));
#16762 = FILL_AREA_STYLE_COLOUR('',#15348);
#16763 = CURVE_STYLE('',#16764,POSITIVE_LENGTH_MEASURE(0.1),#15348);
#16764 = DRAUGHTING_PRE_DEFINED_CURVE_FONT('continuous');
#16765 = STYLED_ITEM('color',(#16766),#12063);
#16766 = PRESENTATION_STYLE_ASSIGNMENT((#16767,#16772));
#16767 = SURFACE_STYLE_USAGE(.BOTH.,#16768);
#16768 = SURFACE_SIDE_STYLE('',(#16769));
#16769 = SURFACE_STYLE_FILL_AREA(#16770);
#16770 = FILL_AREA_STYLE('',(#16771));
#16771 = FILL_AREA_STYLE_COLOUR('',#15348);
#16772 = CURVE_STYLE('',#16773,POSITIVE_LENGTH_MEASURE(0.1),#15348);
#16773 = DRAUGHTING_PRE_DEFINED_CURVE_FONT('continuous');
#16774 = STYLED_ITEM('color',(#16775),#12080);
#16775 = PRESENTATION_STYLE_ASSIGNMENT((#16776,#16781));
#16776 = SURFACE_STYLE_USAGE(.BOTH.,#16777);
#16777 = SURFACE_SIDE_STYLE('',(#16778));
#16778 = SURFACE_STYLE_FILL_AREA(#16779);
#16779 = FILL_AREA_STYLE('',(#16780));
#16780 = FILL_AREA_STYLE_COLOUR('',#15348);
#16781 = CURVE_STYLE('',#16782,POSITIVE_LENGTH_MEASURE(0.1),#15348);
#16782 = DRAUGHTING_PRE_DEFINED_CURVE_FONT('continuous');
#16783 = STYLED_ITEM('color',(#16784),#12097);
#16784 = PRESENTATION_STYLE_ASSIGNMENT((#16785,#16790));
#16785 = SURFACE_STYLE_USAGE(.BOTH.,#16786);
#16786 = SURFACE_SIDE_STYLE('',(#16787));
#16787 = SURFACE_STYLE_FILL_AREA(#16788);
#16788 = FILL_AREA_STYLE('',(#16789));
#16789 = FILL_AREA_STYLE_COLOUR('',#15348);
#16790 = CURVE_STYLE('',#16791,POSITIVE_LENGTH_MEASURE(0.1),#15348);
#16791 = DRAUGHTING_PRE_DEFINED_CURVE_FONT('continuous');
#16792 = STYLED_ITEM('color',(#16793),#12114);
#16793 = PRESENTATION_STYLE_ASSIGNMENT((#16794,#16799));
#16794 = SURFACE_STYLE_USAGE(.BOTH.,#16795);
#16795 = SURFACE_SIDE_STYLE('',(#16796));
#16796 = SURFACE_STYLE_FILL_AREA(#16797);
#16797 = FILL_AREA_STYLE('',(#16798));
#16798 = FILL_AREA_STYLE_COLOUR('',#15348);
#16799 = CURVE_STYLE('',#16800,POSITIVE_LENGTH_MEASURE(0.1),#15348);
#16800 = DRAUGHTING_PRE_DEFINED_CURVE_FONT('continuous');
#16801 = STYLED_ITEM('color',(#16802),#12131);
#16802 = PRESENTATION_STYLE_ASSIGNMENT((#16803,#16808));
#16803 = SURFACE_STYLE_USAGE(.BOTH.,#16804);
#16804 = SURFACE_SIDE_STYLE('',(#16805));
#16805 = SURFACE_STYLE_FILL_AREA(#16806);
#16806 = FILL_AREA_STYLE('',(#16807));
#16807 = FILL_AREA_STYLE_COLOUR('',#15348);
#16808 = CURVE_STYLE('',#16809,POSITIVE_LENGTH_MEASURE(0.1),#15348);
#16809 = DRAUGHTING_PRE_DEFINED_CURVE_FONT('continuous');
#16810 = STYLED_ITEM('color',(#16811),#12143);
#16811 = PRESENTATION_STYLE_ASSIGNMENT((#16812,#16817));
#16812 = SURFACE_STYLE_USAGE(.BOTH.,#16813);
#16813 = SURFACE_SIDE_STYLE('',(#16814));
#16814 = SURFACE_STYLE_FILL_AREA(#16815);
#16815 = FILL_AREA_STYLE('',(#16816));
#16816 = FILL_AREA_STYLE_COLOUR('',#15348);
#16817 = CURVE_STYLE('',#16818,POSITIVE_LENGTH_MEASURE(0.1),#15348);
#16818 = DRAUGHTING_PRE_DEFINED_CURVE_FONT('continuous');
#16819 = STYLED_ITEM('color',(#16820),#12162);
#16820 = PRESENTATION_STYLE_ASSIGNMENT((#16821,#16826));
#16821 = SURFACE_STYLE_USAGE(.BOTH.,#16822);
#16822 = SURFACE_SIDE_STYLE('',(#16823));
#16823 = SURFACE_STYLE_FILL_AREA(#16824);
#16824 = FILL_AREA_STYLE('',(#16825));
#16825 = FILL_AREA_STYLE_COLOUR('',#15348);
#16826 = CURVE_STYLE('',#16827,POSITIVE_LENGTH_MEASURE(0.1),#15348);
#16827 = DRAUGHTING_PRE_DEFINED_CURVE_FONT('continuous');
#16828 = STYLED_ITEM('color',(#16829),#12179);
#16829 = PRESENTATION_STYLE_ASSIGNMENT((#16830,#16835));
#16830 = SURFACE_STYLE_USAGE(.BOTH.,#16831);
#16831 = SURFACE_SIDE_STYLE('',(#16832));
#16832 = SURFACE_STYLE_FILL_AREA(#16833);
#16833 = FILL_AREA_STYLE('',(#16834));
#16834 = FILL_AREA_STYLE_COLOUR('',#15348);
#16835 = CURVE_STYLE('',#16836,POSITIVE_LENGTH_MEASURE(0.1),#15348);
#16836 = DRAUGHTING_PRE_DEFINED_CURVE_FONT('continuous');
#16837 = STYLED_ITEM('color',(#16838),#12196);
#16838 = PRESENTATION_STYLE_ASSIGNMENT((#16839,#16844));
#16839 = SURFACE_STYLE_USAGE(.BOTH.,#16840);
#16840 = SURFACE_SIDE_STYLE('',(#16841));
#16841 = SURFACE_STYLE_FILL_AREA(#16842);
#16842 = FILL_AREA_STYLE('',(#16843));
#16843 = FILL_AREA_STYLE_COLOUR('',#15348);
#16844 = CURVE_STYLE('',#16845,POSITIVE_LENGTH_MEASURE(0.1),#15348);
#16845 = DRAUGHTING_PRE_DEFINED_CURVE_FONT('continuous');
#16846 = STYLED_ITEM('color',(#16847),#12213);
#16847 = PRESENTATION_STYLE_ASSIGNMENT((#16848,#16853));
#16848 = SURFACE_STYLE_USAGE(.BOTH.,#16849);
#16849 = SURFACE_SIDE_STYLE('',(#16850));
#16850 = SURFACE_STYLE_FILL_AREA(#16851);
#16851 = FILL_AREA_STYLE('',(#16852));
#16852 = FILL_AREA_STYLE_COLOUR('',#15348);
#16853 = CURVE_STYLE('',#16854,POSITIVE_LENGTH_MEASURE(0.1),#15348);
#16854 = DRAUGHTING_PRE_DEFINED_CURVE_FONT('continuous');
#16855 = STYLED_ITEM('color',(#16856),#12230);
#16856 = PRESENTATION_STYLE_ASSIGNMENT((#16857,#16862));
#16857 = SURFACE_STYLE_USAGE(.BOTH.,#16858);
#16858 = SURFACE_SIDE_STYLE('',(#16859));
#16859 = SURFACE_STYLE_FILL_AREA(#16860);
#16860 = FILL_AREA_STYLE('',(#16861));
#16861 = FILL_AREA_STYLE_COLOUR('',#15348);
#16862 = CURVE_STYLE('',#16863,POSITIVE_LENGTH_MEASURE(0.1),#15348);
#16863 = DRAUGHTING_PRE_DEFINED_CURVE_FONT('continuous');
#16864 = STYLED_ITEM('color',(#16865),#12247);
#16865 = PRESENTATION_STYLE_ASSIGNMENT((#16866,#16871));
#16866 = SURFACE_STYLE_USAGE(.BOTH.,#16867);
#16867 = SURFACE_SIDE_STYLE('',(#16868));
#16868 = SURFACE_STYLE_FILL_AREA(#16869);
#16869 = FILL_AREA_STYLE('',(#16870));
#16870 = FILL_AREA_STYLE_COLOUR('',#15348);
#16871 = CURVE_STYLE('',#16872,POSITIVE_LENGTH_MEASURE(0.1),#15348);
#16872 = DRAUGHTING_PRE_DEFINED_CURVE_FONT('continuous');
#16873 = STYLED_ITEM('color',(#16874),#12264);
#16874 = PRESENTATION_STYLE_ASSIGNMENT((#16875,#16880));
#16875 = SURFACE_STYLE_USAGE(.BOTH.,#16876);
#16876 = SURFACE_SIDE_STYLE('',(#16877));
#16877 = SURFACE_STYLE_FILL_AREA(#16878);
#16878 = FILL_AREA_STYLE('',(#16879));
#16879 = FILL_AREA_STYLE_COLOUR('',#15348);
#16880 = CURVE_STYLE('',#16881,POSITIVE_LENGTH_MEASURE(0.1),#15348);
#16881 = DRAUGHTING_PRE_DEFINED_CURVE_FONT('continuous');
#16882 = STYLED_ITEM('color',(#16883),#12281);
#16883 = PRESENTATION_STYLE_ASSIGNMENT((#16884,#16889));
#16884 = SURFACE_STYLE_USAGE(.BOTH.,#16885);
#16885 = SURFACE_SIDE_STYLE('',(#16886));
#16886 = SURFACE_STYLE_FILL_AREA(#16887);
#16887 = FILL_AREA_STYLE('',(#16888));
#16888 = FILL_AREA_STYLE_COLOUR('',#15348);
#16889 = CURVE_STYLE('',#16890,POSITIVE_LENGTH_MEASURE(0.1),#15348);
#16890 = DRAUGHTING_PRE_DEFINED_CURVE_FONT('continuous');
#16891 = STYLED_ITEM('color',(#16892),#12293);
#16892 = PRESENTATION_STYLE_ASSIGNMENT((#16893,#16898));
#16893 = SURFACE_STYLE_USAGE(.BOTH.,#16894);
#16894 = SURFACE_SIDE_STYLE('',(#16895));
#16895 = SURFACE_STYLE_FILL_AREA(#16896);
#16896 = FILL_AREA_STYLE('',(#16897));
#16897 = FILL_AREA_STYLE_COLOUR('',#16159);
#16898 = CURVE_STYLE('',#16899,POSITIVE_LENGTH_MEASURE(0.1),#16159);
#16899 = DRAUGHTING_PRE_DEFINED_CURVE_FONT('continuous');
#16900 = STYLED_ITEM('color',(#16901),#12310);
#16901 = PRESENTATION_STYLE_ASSIGNMENT((#16902,#16907));
#16902 = SURFACE_STYLE_USAGE(.BOTH.,#16903);
#16903 = SURFACE_SIDE_STYLE('',(#16904));
#16904 = SURFACE_STYLE_FILL_AREA(#16905);
#16905 = FILL_AREA_STYLE('',(#16906));
#16906 = FILL_AREA_STYLE_COLOUR('',#15348);
#16907 = CURVE_STYLE('',#16908,POSITIVE_LENGTH_MEASURE(0.1),#15348);
#16908 = DRAUGHTING_PRE_DEFINED_CURVE_FONT('continuous');
#16909 = STYLED_ITEM('color',(#16910),#12348);
#16910 = PRESENTATION_STYLE_ASSIGNMENT((#16911,#16916));
#16911 = SURFACE_STYLE_USAGE(.BOTH.,#16912);
#16912 = SURFACE_SIDE_STYLE('',(#16913));
#16913 = SURFACE_STYLE_FILL_AREA(#16914);
#16914 = FILL_AREA_STYLE('',(#16915));
#16915 = FILL_AREA_STYLE_COLOUR('',#15348);
#16916 = CURVE_STYLE('',#16917,POSITIVE_LENGTH_MEASURE(0.1),#15348);
#16917 = DRAUGHTING_PRE_DEFINED_CURVE_FONT('continuous');
#16918 = STYLED_ITEM('color',(#16919),#12433);
#16919 = PRESENTATION_STYLE_ASSIGNMENT((#16920,#16925));
#16920 = SURFACE_STYLE_USAGE(.BOTH.,#16921);
#16921 = SURFACE_SIDE_STYLE('',(#16922));
#16922 = SURFACE_STYLE_FILL_AREA(#16923);
#16923 = FILL_AREA_STYLE('',(#16924));
#16924 = FILL_AREA_STYLE_COLOUR('',#15348);
#16925 = CURVE_STYLE('',#16926,POSITIVE_LENGTH_MEASURE(0.1),#15348);
#16926 = DRAUGHTING_PRE_DEFINED_CURVE_FONT('continuous');
#16927 = STYLED_ITEM('color',(#16928),#12518);
#16928 = PRESENTATION_STYLE_ASSIGNMENT((#16929,#16934));
#16929 = SURFACE_STYLE_USAGE(.BOTH.,#16930);
#16930 = SURFACE_SIDE_STYLE('',(#16931));
#16931 = SURFACE_STYLE_FILL_AREA(#16932);
#16932 = FILL_AREA_STYLE('',(#16933));
#16933 = FILL_AREA_STYLE_COLOUR('',#15348);
#16934 = CURVE_STYLE('',#16935,POSITIVE_LENGTH_MEASURE(0.1),#15348);
#16935 = DRAUGHTING_PRE_DEFINED_CURVE_FONT('continuous');
#16936 = STYLED_ITEM('color',(#16937),#12535);
#16937 = PRESENTATION_STYLE_ASSIGNMENT((#16938,#16943));
#16938 = SURFACE_STYLE_USAGE(.BOTH.,#16939);
#16939 = SURFACE_SIDE_STYLE('',(#16940));
#16940 = SURFACE_STYLE_FILL_AREA(#16941);
#16941 = FILL_AREA_STYLE('',(#16942));
#16942 = FILL_AREA_STYLE_COLOUR('',#16159);
#16943 = CURVE_STYLE('',#16944,POSITIVE_LENGTH_MEASURE(0.1),#16159);
#16944 = DRAUGHTING_PRE_DEFINED_CURVE_FONT('continuous');
#16945 = STYLED_ITEM('color',(#16946),#12552);
#16946 = PRESENTATION_STYLE_ASSIGNMENT((#16947,#16952));
#16947 = SURFACE_STYLE_USAGE(.BOTH.,#16948);
#16948 = SURFACE_SIDE_STYLE('',(#16949));
#16949 = SURFACE_STYLE_FILL_AREA(#16950);
#16950 = FILL_AREA_STYLE('',(#16951));
#16951 = FILL_AREA_STYLE_COLOUR('',#15348);
#16952 = CURVE_STYLE('',#16953,POSITIVE_LENGTH_MEASURE(0.1),#15348);
#16953 = DRAUGHTING_PRE_DEFINED_CURVE_FONT('continuous');
#16954 = STYLED_ITEM('color',(#16955),#12644);
#16955 = PRESENTATION_STYLE_ASSIGNMENT((#16956,#16961));
#16956 = SURFACE_STYLE_USAGE(.BOTH.,#16957);
#16957 = SURFACE_SIDE_STYLE('',(#16958));
#16958 = SURFACE_STYLE_FILL_AREA(#16959);
#16959 = FILL_AREA_STYLE('',(#16960));
#16960 = FILL_AREA_STYLE_COLOUR('',#15348);
#16961 = CURVE_STYLE('',#16962,POSITIVE_LENGTH_MEASURE(0.1),#15348);
#16962 = DRAUGHTING_PRE_DEFINED_CURVE_FONT('continuous');
#16963 = STYLED_ITEM('color',(#16964),#12736);
#16964 = PRESENTATION_STYLE_ASSIGNMENT((#16965,#16970));
#16965 = SURFACE_STYLE_USAGE(.BOTH.,#16966);
#16966 = SURFACE_SIDE_STYLE('',(#16967));
#16967 = SURFACE_STYLE_FILL_AREA(#16968);
#16968 = FILL_AREA_STYLE('',(#16969));
#16969 = FILL_AREA_STYLE_COLOUR('',#15348);
#16970 = CURVE_STYLE('',#16971,POSITIVE_LENGTH_MEASURE(0.1),#15348);
#16971 = DRAUGHTING_PRE_DEFINED_CURVE_FONT('continuous');
#16972 = STYLED_ITEM('color',(#16973),#12753);
#16973 = PRESENTATION_STYLE_ASSIGNMENT((#16974,#16979));
#16974 = SURFACE_STYLE_USAGE(.BOTH.,#16975);
#16975 = SURFACE_SIDE_STYLE('',(#16976));
#16976 = SURFACE_STYLE_FILL_AREA(#16977);
#16977 = FILL_AREA_STYLE('',(#16978));
#16978 = FILL_AREA_STYLE_COLOUR('',#16159);
#16979 = CURVE_STYLE('',#16980,POSITIVE_LENGTH_MEASURE(0.1),#16159);
#16980 = DRAUGHTING_PRE_DEFINED_CURVE_FONT('continuous');
#16981 = STYLED_ITEM('color',(#16982),#12775);
#16982 = PRESENTATION_STYLE_ASSIGNMENT((#16983,#16988));
#16983 = SURFACE_STYLE_USAGE(.BOTH.,#16984);
#16984 = SURFACE_SIDE_STYLE('',(#16985));
#16985 = SURFACE_STYLE_FILL_AREA(#16986);
#16986 = FILL_AREA_STYLE('',(#16987));
#16987 = FILL_AREA_STYLE_COLOUR('',#15348);
#16988 = CURVE_STYLE('',#16989,POSITIVE_LENGTH_MEASURE(0.1),#15348);
#16989 = DRAUGHTING_PRE_DEFINED_CURVE_FONT('continuous');
#16990 = STYLED_ITEM('color',(#16991),#12867);
#16991 = PRESENTATION_STYLE_ASSIGNMENT((#16992,#16997));
#16992 = SURFACE_STYLE_USAGE(.BOTH.,#16993);
#16993 = SURFACE_SIDE_STYLE('',(#16994));
#16994 = SURFACE_STYLE_FILL_AREA(#16995);
#16995 = FILL_AREA_STYLE('',(#16996));
#16996 = FILL_AREA_STYLE_COLOUR('',#15348);
#16997 = CURVE_STYLE('',#16998,POSITIVE_LENGTH_MEASURE(0.1),#15348);
#16998 = DRAUGHTING_PRE_DEFINED_CURVE_FONT('continuous');
#16999 = STYLED_ITEM('color',(#17000),#12959);
#17000 = PRESENTATION_STYLE_ASSIGNMENT((#17001,#17006));
#17001 = SURFACE_STYLE_USAGE(.BOTH.,#17002);
#17002 = SURFACE_SIDE_STYLE('',(#17003));
#17003 = SURFACE_STYLE_FILL_AREA(#17004);
#17004 = FILL_AREA_STYLE('',(#17005));
#17005 = FILL_AREA_STYLE_COLOUR('',#15348);
#17006 = CURVE_STYLE('',#17007,POSITIVE_LENGTH_MEASURE(0.1),#15348);
#17007 = DRAUGHTING_PRE_DEFINED_CURVE_FONT('continuous');
#17008 = STYLED_ITEM('color',(#17009),#12976);
#17009 = PRESENTATION_STYLE_ASSIGNMENT((#17010,#17015));
#17010 = SURFACE_STYLE_USAGE(.BOTH.,#17011);
#17011 = SURFACE_SIDE_STYLE('',(#17012));
#17012 = SURFACE_STYLE_FILL_AREA(#17013);
#17013 = FILL_AREA_STYLE('',(#17014));
#17014 = FILL_AREA_STYLE_COLOUR('',#16159);
#17015 = CURVE_STYLE('',#17016,POSITIVE_LENGTH_MEASURE(0.1),#16159);
#17016 = DRAUGHTING_PRE_DEFINED_CURVE_FONT('continuous');
#17017 = STYLED_ITEM('color',(#17018),#12993);
#17018 = PRESENTATION_STYLE_ASSIGNMENT((#17019,#17024));
#17019 = SURFACE_STYLE_USAGE(.BOTH.,#17020);
#17020 = SURFACE_SIDE_STYLE('',(#17021));
#17021 = SURFACE_STYLE_FILL_AREA(#17022);
#17022 = FILL_AREA_STYLE('',(#17023));
#17023 = FILL_AREA_STYLE_COLOUR('',#15348);
#17024 = CURVE_STYLE('',#17025,POSITIVE_LENGTH_MEASURE(0.1),#15348);
#17025 = DRAUGHTING_PRE_DEFINED_CURVE_FONT('continuous');
#17026 = STYLED_ITEM('color',(#17027),#13078);
#17027 = PRESENTATION_STYLE_ASSIGNMENT((#17028,#17033));
#17028 = SURFACE_STYLE_USAGE(.BOTH.,#17029);
#17029 = SURFACE_SIDE_STYLE('',(#17030));
#17030 = SURFACE_STYLE_FILL_AREA(#17031);
#17031 = FILL_AREA_STYLE('',(#17032));
#17032 = FILL_AREA_STYLE_COLOUR('',#15348);
#17033 = CURVE_STYLE('',#17034,POSITIVE_LENGTH_MEASURE(0.1),#15348);
#17034 = DRAUGHTING_PRE_DEFINED_CURVE_FONT('continuous');
#17035 = STYLED_ITEM('color',(#17036),#13163);
#17036 = PRESENTATION_STYLE_ASSIGNMENT((#17037,#17042));
#17037 = SURFACE_STYLE_USAGE(.BOTH.,#17038);
#17038 = SURFACE_SIDE_STYLE('',(#17039));
#17039 = SURFACE_STYLE_FILL_AREA(#17040);
#17040 = FILL_AREA_STYLE('',(#17041));
#17041 = FILL_AREA_STYLE_COLOUR('',#15348);
#17042 = CURVE_STYLE('',#17043,POSITIVE_LENGTH_MEASURE(0.1),#15348);
#17043 = DRAUGHTING_PRE_DEFINED_CURVE_FONT('continuous');
#17044 = STYLED_ITEM('color',(#17045),#13180);
#17045 = PRESENTATION_STYLE_ASSIGNMENT((#17046,#17051));
#17046 = SURFACE_STYLE_USAGE(.BOTH.,#17047);
#17047 = SURFACE_SIDE_STYLE('',(#17048));
#17048 = SURFACE_STYLE_FILL_AREA(#17049);
#17049 = FILL_AREA_STYLE('',(#17050));
#17050 = FILL_AREA_STYLE_COLOUR('',#15348);
#17051 = CURVE_STYLE('',#17052,POSITIVE_LENGTH_MEASURE(0.1),#15348);
#17052 = DRAUGHTING_PRE_DEFINED_CURVE_FONT('continuous');
#17053 = STYLED_ITEM('color',(#17054),#13197);
#17054 = PRESENTATION_STYLE_ASSIGNMENT((#17055,#17060));
#17055 = SURFACE_STYLE_USAGE(.BOTH.,#17056);
#17056 = SURFACE_SIDE_STYLE('',(#17057));
#17057 = SURFACE_STYLE_FILL_AREA(#17058);
#17058 = FILL_AREA_STYLE('',(#17059));
#17059 = FILL_AREA_STYLE_COLOUR('',#15348);
#17060 = CURVE_STYLE('',#17061,POSITIVE_LENGTH_MEASURE(0.1),#15348);
#17061 = DRAUGHTING_PRE_DEFINED_CURVE_FONT('continuous');
#17062 = STYLED_ITEM('color',(#17063),#13216);
#17063 = PRESENTATION_STYLE_ASSIGNMENT((#17064,#17069));
#17064 = SURFACE_STYLE_USAGE(.BOTH.,#17065);
#17065 = SURFACE_SIDE_STYLE('',(#17066));
#17066 = SURFACE_STYLE_FILL_AREA(#17067);
#17067 = FILL_AREA_STYLE('',(#17068));
#17068 = FILL_AREA_STYLE_COLOUR('',#15348);
#17069 = CURVE_STYLE('',#17070,POSITIVE_LENGTH_MEASURE(0.1),#15348);
#17070 = DRAUGHTING_PRE_DEFINED_CURVE_FONT('continuous');
#17071 = STYLED_ITEM('color',(#17072),#13235);
#17072 = PRESENTATION_STYLE_ASSIGNMENT((#17073,#17078));
#17073 = SURFACE_STYLE_USAGE(.BOTH.,#17074);
#17074 = SURFACE_SIDE_STYLE('',(#17075));
#17075 = SURFACE_STYLE_FILL_AREA(#17076);
#17076 = FILL_AREA_STYLE('',(#17077));
#17077 = FILL_AREA_STYLE_COLOUR('',#16159);
#17078 = CURVE_STYLE('',#17079,POSITIVE_LENGTH_MEASURE(0.1),#16159);
#17079 = DRAUGHTING_PRE_DEFINED_CURVE_FONT('continuous');
#17080 = STYLED_ITEM('color',(#17081),#13258);
#17081 = PRESENTATION_STYLE_ASSIGNMENT((#17082,#17087));
#17082 = SURFACE_STYLE_USAGE(.BOTH.,#17083);
#17083 = SURFACE_SIDE_STYLE('',(#17084));
#17084 = SURFACE_STYLE_FILL_AREA(#17085);
#17085 = FILL_AREA_STYLE('',(#17086));
#17086 = FILL_AREA_STYLE_COLOUR('',#15348);
#17087 = CURVE_STYLE('',#17088,POSITIVE_LENGTH_MEASURE(0.1),#15348);
#17088 = DRAUGHTING_PRE_DEFINED_CURVE_FONT('continuous');
#17089 = STYLED_ITEM('color',(#17090),#13275);
#17090 = PRESENTATION_STYLE_ASSIGNMENT((#17091,#17096));
#17091 = SURFACE_STYLE_USAGE(.BOTH.,#17092);
#17092 = SURFACE_SIDE_STYLE('',(#17093));
#17093 = SURFACE_STYLE_FILL_AREA(#17094);
#17094 = FILL_AREA_STYLE('',(#17095));
#17095 = FILL_AREA_STYLE_COLOUR('',#15348);
#17096 = CURVE_STYLE('',#17097,POSITIVE_LENGTH_MEASURE(0.1),#15348);
#17097 = DRAUGHTING_PRE_DEFINED_CURVE_FONT('continuous');
#17098 = STYLED_ITEM('color',(#17099),#13292);
#17099 = PRESENTATION_STYLE_ASSIGNMENT((#17100,#17105));
#17100 = SURFACE_STYLE_USAGE(.BOTH.,#17101);
#17101 = SURFACE_SIDE_STYLE('',(#17102));
#17102 = SURFACE_STYLE_FILL_AREA(#17103);
#17103 = FILL_AREA_STYLE('',(#17104));
#17104 = FILL_AREA_STYLE_COLOUR('',#15348);
#17105 = CURVE_STYLE('',#17106,POSITIVE_LENGTH_MEASURE(0.1),#15348);
#17106 = DRAUGHTING_PRE_DEFINED_CURVE_FONT('continuous');
#17107 = STYLED_ITEM('color',(#17108),#13309);
#17108 = PRESENTATION_STYLE_ASSIGNMENT((#17109,#17114));
#17109 = SURFACE_STYLE_USAGE(.BOTH.,#17110);
#17110 = SURFACE_SIDE_STYLE('',(#17111));
#17111 = SURFACE_STYLE_FILL_AREA(#17112);
#17112 = FILL_AREA_STYLE('',(#17113));
#17113 = FILL_AREA_STYLE_COLOUR('',#15348);
#17114 = CURVE_STYLE('',#17115,POSITIVE_LENGTH_MEASURE(0.1),#15348);
#17115 = DRAUGHTING_PRE_DEFINED_CURVE_FONT('continuous');
#17116 = STYLED_ITEM('color',(#17117),#13326);
#17117 = PRESENTATION_STYLE_ASSIGNMENT((#17118,#17123));
#17118 = SURFACE_STYLE_USAGE(.BOTH.,#17119);
#17119 = SURFACE_SIDE_STYLE('',(#17120));
#17120 = SURFACE_STYLE_FILL_AREA(#17121);
#17121 = FILL_AREA_STYLE('',(#17122));
#17122 = FILL_AREA_STYLE_COLOUR('',#15348);
#17123 = CURVE_STYLE('',#17124,POSITIVE_LENGTH_MEASURE(0.1),#15348);
#17124 = DRAUGHTING_PRE_DEFINED_CURVE_FONT('continuous');
#17125 = STYLED_ITEM('color',(#17126),#13343);
#17126 = PRESENTATION_STYLE_ASSIGNMENT((#17127,#17132));
#17127 = SURFACE_STYLE_USAGE(.BOTH.,#17128);
#17128 = SURFACE_SIDE_STYLE('',(#17129));
#17129 = SURFACE_STYLE_FILL_AREA(#17130);
#17130 = FILL_AREA_STYLE('',(#17131));
#17131 = FILL_AREA_STYLE_COLOUR('',#15348);
#17132 = CURVE_STYLE('',#17133,POSITIVE_LENGTH_MEASURE(0.1),#15348);
#17133 = DRAUGHTING_PRE_DEFINED_CURVE_FONT('continuous');
#17134 = STYLED_ITEM('color',(#17135),#13360);
#17135 = PRESENTATION_STYLE_ASSIGNMENT((#17136,#17141));
#17136 = SURFACE_STYLE_USAGE(.BOTH.,#17137);
#17137 = SURFACE_SIDE_STYLE('',(#17138));
#17138 = SURFACE_STYLE_FILL_AREA(#17139);
#17139 = FILL_AREA_STYLE('',(#17140));
#17140 = FILL_AREA_STYLE_COLOUR('',#15348);
#17141 = CURVE_STYLE('',#17142,POSITIVE_LENGTH_MEASURE(0.1),#15348);
#17142 = DRAUGHTING_PRE_DEFINED_CURVE_FONT('continuous');
#17143 = STYLED_ITEM('color',(#17144),#13377);
#17144 = PRESENTATION_STYLE_ASSIGNMENT((#17145,#17150));
#17145 = SURFACE_STYLE_USAGE(.BOTH.,#17146);
#17146 = SURFACE_SIDE_STYLE('',(#17147));
#17147 = SURFACE_STYLE_FILL_AREA(#17148);
#17148 = FILL_AREA_STYLE('',(#17149));
#17149 = FILL_AREA_STYLE_COLOUR('',#15348);
#17150 = CURVE_STYLE('',#17151,POSITIVE_LENGTH_MEASURE(0.1),#15348);
#17151 = DRAUGHTING_PRE_DEFINED_CURVE_FONT('continuous');
#17152 = STYLED_ITEM('color',(#17153),#13389);
#17153 = PRESENTATION_STYLE_ASSIGNMENT((#17154,#17159));
#17154 = SURFACE_STYLE_USAGE(.BOTH.,#17155);
#17155 = SURFACE_SIDE_STYLE('',(#17156));
#17156 = SURFACE_STYLE_FILL_AREA(#17157);
#17157 = FILL_AREA_STYLE('',(#17158));
#17158 = FILL_AREA_STYLE_COLOUR('',#15348);
#17159 = CURVE_STYLE('',#17160,POSITIVE_LENGTH_MEASURE(0.1),#15348);
#17160 = DRAUGHTING_PRE_DEFINED_CURVE_FONT('continuous');
#17161 = STYLED_ITEM('color',(#17162),#13406);
#17162 = PRESENTATION_STYLE_ASSIGNMENT((#17163,#17168));
#17163 = SURFACE_STYLE_USAGE(.BOTH.,#17164);
#17164 = SURFACE_SIDE_STYLE('',(#17165));
#17165 = SURFACE_STYLE_FILL_AREA(#17166);
#17166 = FILL_AREA_STYLE('',(#17167));
#17167 = FILL_AREA_STYLE_COLOUR('',#15348);
#17168 = CURVE_STYLE('',#17169,POSITIVE_LENGTH_MEASURE(0.1),#15348);
#17169 = DRAUGHTING_PRE_DEFINED_CURVE_FONT('continuous');
#17170 = STYLED_ITEM('color',(#17171),#13423);
#17171 = PRESENTATION_STYLE_ASSIGNMENT((#17172,#17177));
#17172 = SURFACE_STYLE_USAGE(.BOTH.,#17173);
#17173 = SURFACE_SIDE_STYLE('',(#17174));
#17174 = SURFACE_STYLE_FILL_AREA(#17175);
#17175 = FILL_AREA_STYLE('',(#17176));
#17176 = FILL_AREA_STYLE_COLOUR('',#15348);
#17177 = CURVE_STYLE('',#17178,POSITIVE_LENGTH_MEASURE(0.1),#15348);
#17178 = DRAUGHTING_PRE_DEFINED_CURVE_FONT('continuous');
#17179 = STYLED_ITEM('color',(#17180),#13440);
#17180 = PRESENTATION_STYLE_ASSIGNMENT((#17181,#17186));
#17181 = SURFACE_STYLE_USAGE(.BOTH.,#17182);
#17182 = SURFACE_SIDE_STYLE('',(#17183));
#17183 = SURFACE_STYLE_FILL_AREA(#17184);
#17184 = FILL_AREA_STYLE('',(#17185));
#17185 = FILL_AREA_STYLE_COLOUR('',#15348);
#17186 = CURVE_STYLE('',#17187,POSITIVE_LENGTH_MEASURE(0.1),#15348);
#17187 = DRAUGHTING_PRE_DEFINED_CURVE_FONT('continuous');
#17188 = STYLED_ITEM('color',(#17189),#13457);
#17189 = PRESENTATION_STYLE_ASSIGNMENT((#17190,#17195));
#17190 = SURFACE_STYLE_USAGE(.BOTH.,#17191);
#17191 = SURFACE_SIDE_STYLE('',(#17192));
#17192 = SURFACE_STYLE_FILL_AREA(#17193);
#17193 = FILL_AREA_STYLE('',(#17194));
#17194 = FILL_AREA_STYLE_COLOUR('',#15348);
#17195 = CURVE_STYLE('',#17196,POSITIVE_LENGTH_MEASURE(0.1),#15348);
#17196 = DRAUGHTING_PRE_DEFINED_CURVE_FONT('continuous');
#17197 = STYLED_ITEM('color',(#17198),#13474);
#17198 = PRESENTATION_STYLE_ASSIGNMENT((#17199,#17204));
#17199 = SURFACE_STYLE_USAGE(.BOTH.,#17200);
#17200 = SURFACE_SIDE_STYLE('',(#17201));
#17201 = SURFACE_STYLE_FILL_AREA(#17202);
#17202 = FILL_AREA_STYLE('',(#17203));
#17203 = FILL_AREA_STYLE_COLOUR('',#15348);
#17204 = CURVE_STYLE('',#17205,POSITIVE_LENGTH_MEASURE(0.1),#15348);
#17205 = DRAUGHTING_PRE_DEFINED_CURVE_FONT('continuous');
#17206 = STYLED_ITEM('color',(#17207),#13491);
#17207 = PRESENTATION_STYLE_ASSIGNMENT((#17208,#17213));
#17208 = SURFACE_STYLE_USAGE(.BOTH.,#17209);
#17209 = SURFACE_SIDE_STYLE('',(#17210));
#17210 = SURFACE_STYLE_FILL_AREA(#17211);
#17211 = FILL_AREA_STYLE('',(#17212));
#17212 = FILL_AREA_STYLE_COLOUR('',#15348);
#17213 = CURVE_STYLE('',#17214,POSITIVE_LENGTH_MEASURE(0.1),#15348);
#17214 = DRAUGHTING_PRE_DEFINED_CURVE_FONT('continuous');
#17215 = STYLED_ITEM('color',(#17216),#13508);
#17216 = PRESENTATION_STYLE_ASSIGNMENT((#17217,#17222));
#17217 = SURFACE_STYLE_USAGE(.BOTH.,#17218);
#17218 = SURFACE_SIDE_STYLE('',(#17219));
#17219 = SURFACE_STYLE_FILL_AREA(#17220);
#17220 = FILL_AREA_STYLE('',(#17221));
#17221 = FILL_AREA_STYLE_COLOUR('',#15348);
#17222 = CURVE_STYLE('',#17223,POSITIVE_LENGTH_MEASURE(0.1),#15348);
#17223 = DRAUGHTING_PRE_DEFINED_CURVE_FONT('continuous');
#17224 = STYLED_ITEM('color',(#17225),#13520);
#17225 = PRESENTATION_STYLE_ASSIGNMENT((#17226,#17231));
#17226 = SURFACE_STYLE_USAGE(.BOTH.,#17227);
#17227 = SURFACE_SIDE_STYLE('',(#17228));
#17228 = SURFACE_STYLE_FILL_AREA(#17229);
#17229 = FILL_AREA_STYLE('',(#17230));
#17230 = FILL_AREA_STYLE_COLOUR('',#15348);
#17231 = CURVE_STYLE('',#17232,POSITIVE_LENGTH_MEASURE(0.1),#15348);
#17232 = DRAUGHTING_PRE_DEFINED_CURVE_FONT('continuous');
#17233 = STYLED_ITEM('color',(#17234),#13537);
#17234 = PRESENTATION_STYLE_ASSIGNMENT((#17235,#17240));
#17235 = SURFACE_STYLE_USAGE(.BOTH.,#17236);
#17236 = SURFACE_SIDE_STYLE('',(#17237));
#17237 = SURFACE_STYLE_FILL_AREA(#17238);
#17238 = FILL_AREA_STYLE('',(#17239));
#17239 = FILL_AREA_STYLE_COLOUR('',#15348);
#17240 = CURVE_STYLE('',#17241,POSITIVE_LENGTH_MEASURE(0.1),#15348);
#17241 = DRAUGHTING_PRE_DEFINED_CURVE_FONT('continuous');
#17242 = STYLED_ITEM('color',(#17243),#13554);
#17243 = PRESENTATION_STYLE_ASSIGNMENT((#17244,#17249));
#17244 = SURFACE_STYLE_USAGE(.BOTH.,#17245);
#17245 = SURFACE_SIDE_STYLE('',(#17246));
#17246 = SURFACE_STYLE_FILL_AREA(#17247);
#17247 = FILL_AREA_STYLE('',(#17248));
#17248 = FILL_AREA_STYLE_COLOUR('',#15348);
#17249 = CURVE_STYLE('',#17250,POSITIVE_LENGTH_MEASURE(0.1),#15348);
#17250 = DRAUGHTING_PRE_DEFINED_CURVE_FONT('continuous');
#17251 = STYLED_ITEM('color',(#17252),#13571);
#17252 = PRESENTATION_STYLE_ASSIGNMENT((#17253,#17258));
#17253 = SURFACE_STYLE_USAGE(.BOTH.,#17254);
#17254 = SURFACE_SIDE_STYLE('',(#17255));
#17255 = SURFACE_STYLE_FILL_AREA(#17256);
#17256 = FILL_AREA_STYLE('',(#17257));
#17257 = FILL_AREA_STYLE_COLOUR('',#15348);
#17258 = CURVE_STYLE('',#17259,POSITIVE_LENGTH_MEASURE(0.1),#15348);
#17259 = DRAUGHTING_PRE_DEFINED_CURVE_FONT('continuous');
#17260 = STYLED_ITEM('color',(#17261),#13588);
#17261 = PRESENTATION_STYLE_ASSIGNMENT((#17262,#17267));
#17262 = SURFACE_STYLE_USAGE(.BOTH.,#17263);
#17263 = SURFACE_SIDE_STYLE('',(#17264));
#17264 = SURFACE_STYLE_FILL_AREA(#17265);
#17265 = FILL_AREA_STYLE('',(#17266));
#17266 = FILL_AREA_STYLE_COLOUR('',#15348);
#17267 = CURVE_STYLE('',#17268,POSITIVE_LENGTH_MEASURE(0.1),#15348);
#17268 = DRAUGHTING_PRE_DEFINED_CURVE_FONT('continuous');
#17269 = STYLED_ITEM('color',(#17270),#13605);
#17270 = PRESENTATION_STYLE_ASSIGNMENT((#17271,#17276));
#17271 = SURFACE_STYLE_USAGE(.BOTH.,#17272);
#17272 = SURFACE_SIDE_STYLE('',(#17273));
#17273 = SURFACE_STYLE_FILL_AREA(#17274);
#17274 = FILL_AREA_STYLE('',(#17275));
#17275 = FILL_AREA_STYLE_COLOUR('',#15348);
#17276 = CURVE_STYLE('',#17277,POSITIVE_LENGTH_MEASURE(0.1),#15348);
#17277 = DRAUGHTING_PRE_DEFINED_CURVE_FONT('continuous');
#17278 = STYLED_ITEM('color',(#17279),#13622);
#17279 = PRESENTATION_STYLE_ASSIGNMENT((#17280,#17285));
#17280 = SURFACE_STYLE_USAGE(.BOTH.,#17281);
#17281 = SURFACE_SIDE_STYLE('',(#17282));
#17282 = SURFACE_STYLE_FILL_AREA(#17283);
#17283 = FILL_AREA_STYLE('',(#17284));
#17284 = FILL_AREA_STYLE_COLOUR('',#15348);
#17285 = CURVE_STYLE('',#17286,POSITIVE_LENGTH_MEASURE(0.1),#15348);
#17286 = DRAUGHTING_PRE_DEFINED_CURVE_FONT('continuous');
#17287 = STYLED_ITEM('color',(#17288),#13639);
#17288 = PRESENTATION_STYLE_ASSIGNMENT((#17289,#17294));
#17289 = SURFACE_STYLE_USAGE(.BOTH.,#17290);
#17290 = SURFACE_SIDE_STYLE('',(#17291));
#17291 = SURFACE_STYLE_FILL_AREA(#17292);
#17292 = FILL_AREA_STYLE('',(#17293));
#17293 = FILL_AREA_STYLE_COLOUR('',#15348);
#17294 = CURVE_STYLE('',#17295,POSITIVE_LENGTH_MEASURE(0.1),#15348);
#17295 = DRAUGHTING_PRE_DEFINED_CURVE_FONT('continuous');
#17296 = STYLED_ITEM('color',(#17297),#13651);
#17297 = PRESENTATION_STYLE_ASSIGNMENT((#17298,#17303));
#17298 = SURFACE_STYLE_USAGE(.BOTH.,#17299);
#17299 = SURFACE_SIDE_STYLE('',(#17300));
#17300 = SURFACE_STYLE_FILL_AREA(#17301);
#17301 = FILL_AREA_STYLE('',(#17302));
#17302 = FILL_AREA_STYLE_COLOUR('',#15348);
#17303 = CURVE_STYLE('',#17304,POSITIVE_LENGTH_MEASURE(0.1),#15348);
#17304 = DRAUGHTING_PRE_DEFINED_CURVE_FONT('continuous');
#17305 = STYLED_ITEM('color',(#17306),#13668);
#17306 = PRESENTATION_STYLE_ASSIGNMENT((#17307,#17312));
#17307 = SURFACE_STYLE_USAGE(.BOTH.,#17308);
#17308 = SURFACE_SIDE_STYLE('',(#17309));
#17309 = SURFACE_STYLE_FILL_AREA(#17310);
#17310 = FILL_AREA_STYLE('',(#17311));
#17311 = FILL_AREA_STYLE_COLOUR('',#15348);
#17312 = CURVE_STYLE('',#17313,POSITIVE_LENGTH_MEASURE(0.1),#15348);
#17313 = DRAUGHTING_PRE_DEFINED_CURVE_FONT('continuous');
#17314 = STYLED_ITEM('color',(#17315),#13685);
#17315 = PRESENTATION_STYLE_ASSIGNMENT((#17316,#17321));
#17316 = SURFACE_STYLE_USAGE(.BOTH.,#17317);
#17317 = SURFACE_SIDE_STYLE('',(#17318));
#17318 = SURFACE_STYLE_FILL_AREA(#17319);
#17319 = FILL_AREA_STYLE('',(#17320));
#17320 = FILL_AREA_STYLE_COLOUR('',#15348);
#17321 = CURVE_STYLE('',#17322,POSITIVE_LENGTH_MEASURE(0.1),#15348);
#17322 = DRAUGHTING_PRE_DEFINED_CURVE_FONT('continuous');
#17323 = STYLED_ITEM('color',(#17324),#13702);
#17324 = PRESENTATION_STYLE_ASSIGNMENT((#17325,#17330));
#17325 = SURFACE_STYLE_USAGE(.BOTH.,#17326);
#17326 = SURFACE_SIDE_STYLE('',(#17327));
#17327 = SURFACE_STYLE_FILL_AREA(#17328);
#17328 = FILL_AREA_STYLE('',(#17329));
#17329 = FILL_AREA_STYLE_COLOUR('',#15348);
#17330 = CURVE_STYLE('',#17331,POSITIVE_LENGTH_MEASURE(0.1),#15348);
#17331 = DRAUGHTING_PRE_DEFINED_CURVE_FONT('continuous');
#17332 = STYLED_ITEM('color',(#17333),#13719);
#17333 = PRESENTATION_STYLE_ASSIGNMENT((#17334,#17339));
#17334 = SURFACE_STYLE_USAGE(.BOTH.,#17335);
#17335 = SURFACE_SIDE_STYLE('',(#17336));
#17336 = SURFACE_STYLE_FILL_AREA(#17337);
#17337 = FILL_AREA_STYLE('',(#17338));
#17338 = FILL_AREA_STYLE_COLOUR('',#15348);
#17339 = CURVE_STYLE('',#17340,POSITIVE_LENGTH_MEASURE(0.1),#15348);
#17340 = DRAUGHTING_PRE_DEFINED_CURVE_FONT('continuous');
#17341 = STYLED_ITEM('color',(#17342),#13736);
#17342 = PRESENTATION_STYLE_ASSIGNMENT((#17343,#17348));
#17343 = SURFACE_STYLE_USAGE(.BOTH.,#17344);
#17344 = SURFACE_SIDE_STYLE('',(#17345));
#17345 = SURFACE_STYLE_FILL_AREA(#17346);
#17346 = FILL_AREA_STYLE('',(#17347));
#17347 = FILL_AREA_STYLE_COLOUR('',#15348);
#17348 = CURVE_STYLE('',#17349,POSITIVE_LENGTH_MEASURE(0.1),#15348);
#17349 = DRAUGHTING_PRE_DEFINED_CURVE_FONT('continuous');
#17350 = STYLED_ITEM('color',(#17351),#13753);
#17351 = PRESENTATION_STYLE_ASSIGNMENT((#17352,#17357));
#17352 = SURFACE_STYLE_USAGE(.BOTH.,#17353);
#17353 = SURFACE_SIDE_STYLE('',(#17354));
#17354 = SURFACE_STYLE_FILL_AREA(#17355);
#17355 = FILL_AREA_STYLE('',(#17356));
#17356 = FILL_AREA_STYLE_COLOUR('',#15348);
#17357 = CURVE_STYLE('',#17358,POSITIVE_LENGTH_MEASURE(0.1),#15348);
#17358 = DRAUGHTING_PRE_DEFINED_CURVE_FONT('continuous');
#17359 = STYLED_ITEM('color',(#17360),#13765);
#17360 = PRESENTATION_STYLE_ASSIGNMENT((#17361,#17367));
#17361 = SURFACE_STYLE_USAGE(.BOTH.,#17362);
#17362 = SURFACE_SIDE_STYLE('',(#17363));
#17363 = SURFACE_STYLE_FILL_AREA(#17364);
#17364 = FILL_AREA_STYLE('',(#17365));
#17365 = FILL_AREA_STYLE_COLOUR('',#17366);
#17366 = COLOUR_RGB('',0.690999998585,0.664000007176,0.597999987832);
#17367 = CURVE_STYLE('',#17368,POSITIVE_LENGTH_MEASURE(0.1),#17366);
#17368 = DRAUGHTING_PRE_DEFINED_CURVE_FONT('continuous');
#17369 = MECHANICAL_DESIGN_GEOMETRIC_PRESENTATION_REPRESENTATION('',(
    #17370),#14975);
#17370 = STYLED_ITEM('color',(#17371),#13856);
#17371 = PRESENTATION_STYLE_ASSIGNMENT((#17372));
#17372 = SURFACE_STYLE_USAGE(.BOTH.,#17373);
#17373 = SURFACE_SIDE_STYLE('',(#17374));
#17374 = SURFACE_STYLE_FILL_AREA(#17375);
#17375 = FILL_AREA_STYLE('',(#17376));
#17376 = FILL_AREA_STYLE_COLOUR('',#17377);
#17377 = COLOUR_RGB('',0.313304153717,0.484529207832,0.410020903123);
#17378 = MECHANICAL_DESIGN_GEOMETRIC_PRESENTATION_REPRESENTATION('',(
    #17379,#17386,#17393,#17400,#17407,#17414,#17421,#17428,#17435,
    #17442,#17449,#17456,#17463,#17470,#17477,#17484,#17491,#17498,
    #17505,#17512,#17519,#17526,#17533,#17540,#17547,#17554,#17561,
    #17568,#17575,#17582,#17589,#17596,#17603,#17610,#17617,#17624,
    #17631,#17638,#17645,#17652,#17659,#17666,#17673,#17680,#17687,
    #17694,#17701,#17708,#17715,#17722,#17729,#17736,#17743,#17750,
    #17757,#17764,#17771,#17778,#17785,#17792,#17799,#17806,#17813,
    #17820,#17827,#17834,#17841,#17848,#17855,#17862,#17869,#17876,
    #17883,#17890,#17897,#17904,#17911,#17918,#17925,#17932,#17939,
    #17946,#17953,#17960,#17967,#17974,#17981,#17988,#17995,#18002,
    #18009,#18016,#18023,#18030,#18037,#18044,#18051,#18058,#18065,
    #18072,#18079,#18086,#18093,#18100,#18107,#18114,#18121,#18128,
    #18135,#18142,#18149,#18156,#18163,#18170,#18177,#18184,#18191),
  #3650);
#17379 = STYLED_ITEM('color',(#17380),#131);
#17380 = PRESENTATION_STYLE_ASSIGNMENT((#17381));
#17381 = SURFACE_STYLE_USAGE(.BOTH.,#17382);
#17382 = SURFACE_SIDE_STYLE('',(#17383));
#17383 = SURFACE_STYLE_FILL_AREA(#17384);
#17384 = FILL_AREA_STYLE('',(#17385));
#17385 = FILL_AREA_STYLE_COLOUR('',#15533);
#17386 = STYLED_ITEM('color',(#17387),#203);
#17387 = PRESENTATION_STYLE_ASSIGNMENT((#17388));
#17388 = SURFACE_STYLE_USAGE(.BOTH.,#17389);
#17389 = SURFACE_SIDE_STYLE('',(#17390));
#17390 = SURFACE_STYLE_FILL_AREA(#17391);
#17391 = FILL_AREA_STYLE('',(#17392));
#17392 = FILL_AREA_STYLE_COLOUR('',#15533);
#17393 = STYLED_ITEM('color',(#17394),#242);
#17394 = PRESENTATION_STYLE_ASSIGNMENT((#17395));
#17395 = SURFACE_STYLE_USAGE(.BOTH.,#17396);
#17396 = SURFACE_SIDE_STYLE('',(#17397));
#17397 = SURFACE_STYLE_FILL_AREA(#17398);
#17398 = FILL_AREA_STYLE('',(#17399));
#17399 = FILL_AREA_STYLE_COLOUR('',#15533);
#17400 = STYLED_ITEM('color',(#17401),#266);
#17401 = PRESENTATION_STYLE_ASSIGNMENT((#17402));
#17402 = SURFACE_STYLE_USAGE(.BOTH.,#17403);
#17403 = SURFACE_SIDE_STYLE('',(#17404));
#17404 = SURFACE_STYLE_FILL_AREA(#17405);
#17405 = FILL_AREA_STYLE('',(#17406));
#17406 = FILL_AREA_STYLE_COLOUR('',#15533);
#17407 = STYLED_ITEM('color',(#17408),#331);
#17408 = PRESENTATION_STYLE_ASSIGNMENT((#17409));
#17409 = SURFACE_STYLE_USAGE(.BOTH.,#17410);
#17410 = SURFACE_SIDE_STYLE('',(#17411));
#17411 = SURFACE_STYLE_FILL_AREA(#17412);
#17412 = FILL_AREA_STYLE('',(#17413));
#17413 = FILL_AREA_STYLE_COLOUR('',#15533);
#17414 = STYLED_ITEM('color',(#17415),#355);
#17415 = PRESENTATION_STYLE_ASSIGNMENT((#17416));
#17416 = SURFACE_STYLE_USAGE(.BOTH.,#17417);
#17417 = SURFACE_SIDE_STYLE('',(#17418));
#17418 = SURFACE_STYLE_FILL_AREA(#17419);
#17419 = FILL_AREA_STYLE('',(#17420));
#17420 = FILL_AREA_STYLE_COLOUR('',#15533);
#17421 = STYLED_ITEM('color',(#17422),#475);
#17422 = PRESENTATION_STYLE_ASSIGNMENT((#17423));
#17423 = SURFACE_STYLE_USAGE(.BOTH.,#17424);
#17424 = SURFACE_SIDE_STYLE('',(#17425));
#17425 = SURFACE_STYLE_FILL_AREA(#17426);
#17426 = FILL_AREA_STYLE('',(#17427));
#17427 = FILL_AREA_STYLE_COLOUR('',#15533);
#17428 = STYLED_ITEM('color',(#17429),#499);
#17429 = PRESENTATION_STYLE_ASSIGNMENT((#17430));
#17430 = SURFACE_STYLE_USAGE(.BOTH.,#17431);
#17431 = SURFACE_SIDE_STYLE('',(#17432));
#17432 = SURFACE_STYLE_FILL_AREA(#17433);
#17433 = FILL_AREA_STYLE('',(#17434));
#17434 = FILL_AREA_STYLE_COLOUR('',#15533);
#17435 = STYLED_ITEM('color',(#17436),#564);
#17436 = PRESENTATION_STYLE_ASSIGNMENT((#17437));
#17437 = SURFACE_STYLE_USAGE(.BOTH.,#17438);
#17438 = SURFACE_SIDE_STYLE('',(#17439));
#17439 = SURFACE_STYLE_FILL_AREA(#17440);
#17440 = FILL_AREA_STYLE('',(#17441));
#17441 = FILL_AREA_STYLE_COLOUR('',#15533);
#17442 = STYLED_ITEM('color',(#17443),#589);
#17443 = PRESENTATION_STYLE_ASSIGNMENT((#17444));
#17444 = SURFACE_STYLE_USAGE(.BOTH.,#17445);
#17445 = SURFACE_SIDE_STYLE('',(#17446));
#17446 = SURFACE_STYLE_FILL_AREA(#17447);
#17447 = FILL_AREA_STYLE('',(#17448));
#17448 = FILL_AREA_STYLE_COLOUR('',#15533);
#17449 = STYLED_ITEM('color',(#17450),#638);
#17450 = PRESENTATION_STYLE_ASSIGNMENT((#17451));
#17451 = SURFACE_STYLE_USAGE(.BOTH.,#17452);
#17452 = SURFACE_SIDE_STYLE('',(#17453));
#17453 = SURFACE_STYLE_FILL_AREA(#17454);
#17454 = FILL_AREA_STYLE('',(#17455));
#17455 = FILL_AREA_STYLE_COLOUR('',#15533);
#17456 = STYLED_ITEM('color',(#17457),#655);
#17457 = PRESENTATION_STYLE_ASSIGNMENT((#17458));
#17458 = SURFACE_STYLE_USAGE(.BOTH.,#17459);
#17459 = SURFACE_SIDE_STYLE('',(#17460));
#17460 = SURFACE_STYLE_FILL_AREA(#17461);
#17461 = FILL_AREA_STYLE('',(#17462));
#17462 = FILL_AREA_STYLE_COLOUR('',#15533);
#17463 = STYLED_ITEM('color',(#17464),#679);
#17464 = PRESENTATION_STYLE_ASSIGNMENT((#17465));
#17465 = SURFACE_STYLE_USAGE(.BOTH.,#17466);
#17466 = SURFACE_SIDE_STYLE('',(#17467));
#17467 = SURFACE_STYLE_FILL_AREA(#17468);
#17468 = FILL_AREA_STYLE('',(#17469));
#17469 = FILL_AREA_STYLE_COLOUR('',#15533);
#17470 = STYLED_ITEM('color',(#17471),#696);
#17471 = PRESENTATION_STYLE_ASSIGNMENT((#17472));
#17472 = SURFACE_STYLE_USAGE(.BOTH.,#17473);
#17473 = SURFACE_SIDE_STYLE('',(#17474));
#17474 = SURFACE_STYLE_FILL_AREA(#17475);
#17475 = FILL_AREA_STYLE('',(#17476));
#17476 = FILL_AREA_STYLE_COLOUR('',#15533);
#17477 = STYLED_ITEM('color',(#17478),#866);
#17478 = PRESENTATION_STYLE_ASSIGNMENT((#17479));
#17479 = SURFACE_STYLE_USAGE(.BOTH.,#17480);
#17480 = SURFACE_SIDE_STYLE('',(#17481));
#17481 = SURFACE_STYLE_FILL_AREA(#17482);
#17482 = FILL_AREA_STYLE('',(#17483));
#17483 = FILL_AREA_STYLE_COLOUR('',#15533);
#17484 = STYLED_ITEM('color',(#17485),#890);
#17485 = PRESENTATION_STYLE_ASSIGNMENT((#17486));
#17486 = SURFACE_STYLE_USAGE(.BOTH.,#17487);
#17487 = SURFACE_SIDE_STYLE('',(#17488));
#17488 = SURFACE_STYLE_FILL_AREA(#17489);
#17489 = FILL_AREA_STYLE('',(#17490));
#17490 = FILL_AREA_STYLE_COLOUR('',#15533);
#17491 = STYLED_ITEM('color',(#17492),#1124);
#17492 = PRESENTATION_STYLE_ASSIGNMENT((#17493));
#17493 = SURFACE_STYLE_USAGE(.BOTH.,#17494);
#17494 = SURFACE_SIDE_STYLE('',(#17495));
#17495 = SURFACE_STYLE_FILL_AREA(#17496);
#17496 = FILL_AREA_STYLE('',(#17497));
#17497 = FILL_AREA_STYLE_COLOUR('',#15533);
#17498 = STYLED_ITEM('color',(#17499),#1148);
#17499 = PRESENTATION_STYLE_ASSIGNMENT((#17500));
#17500 = SURFACE_STYLE_USAGE(.BOTH.,#17501);
#17501 = SURFACE_SIDE_STYLE('',(#17502));
#17502 = SURFACE_STYLE_FILL_AREA(#17503);
#17503 = FILL_AREA_STYLE('',(#17504));
#17504 = FILL_AREA_STYLE_COLOUR('',#15533);
#17505 = STYLED_ITEM('color',(#17506),#1181);
#17506 = PRESENTATION_STYLE_ASSIGNMENT((#17507));
#17507 = SURFACE_STYLE_USAGE(.BOTH.,#17508);
#17508 = SURFACE_SIDE_STYLE('',(#17509));
#17509 = SURFACE_STYLE_FILL_AREA(#17510);
#17510 = FILL_AREA_STYLE('',(#17511));
#17511 = FILL_AREA_STYLE_COLOUR('',#15533);
#17512 = STYLED_ITEM('color',(#17513),#1205);
#17513 = PRESENTATION_STYLE_ASSIGNMENT((#17514));
#17514 = SURFACE_STYLE_USAGE(.BOTH.,#17515);
#17515 = SURFACE_SIDE_STYLE('',(#17516));
#17516 = SURFACE_STYLE_FILL_AREA(#17517);
#17517 = FILL_AREA_STYLE('',(#17518));
#17518 = FILL_AREA_STYLE_COLOUR('',#15533);
#17519 = STYLED_ITEM('color',(#17520),#1236);
#17520 = PRESENTATION_STYLE_ASSIGNMENT((#17521));
#17521 = SURFACE_STYLE_USAGE(.BOTH.,#17522);
#17522 = SURFACE_SIDE_STYLE('',(#17523));
#17523 = SURFACE_STYLE_FILL_AREA(#17524);
#17524 = FILL_AREA_STYLE('',(#17525));
#17525 = FILL_AREA_STYLE_COLOUR('',#15533);
#17526 = STYLED_ITEM('color',(#17527),#1253);
#17527 = PRESENTATION_STYLE_ASSIGNMENT((#17528));
#17528 = SURFACE_STYLE_USAGE(.BOTH.,#17529);
#17529 = SURFACE_SIDE_STYLE('',(#17530));
#17530 = SURFACE_STYLE_FILL_AREA(#17531);
#17531 = FILL_AREA_STYLE('',(#17532));
#17532 = FILL_AREA_STYLE_COLOUR('',#15533);
#17533 = STYLED_ITEM('color',(#17534),#1286);
#17534 = PRESENTATION_STYLE_ASSIGNMENT((#17535));
#17535 = SURFACE_STYLE_USAGE(.BOTH.,#17536);
#17536 = SURFACE_SIDE_STYLE('',(#17537));
#17537 = SURFACE_STYLE_FILL_AREA(#17538);
#17538 = FILL_AREA_STYLE('',(#17539));
#17539 = FILL_AREA_STYLE_COLOUR('',#15533);
#17540 = STYLED_ITEM('color',(#17541),#1310);
#17541 = PRESENTATION_STYLE_ASSIGNMENT((#17542));
#17542 = SURFACE_STYLE_USAGE(.BOTH.,#17543);
#17543 = SURFACE_SIDE_STYLE('',(#17544));
#17544 = SURFACE_STYLE_FILL_AREA(#17545);
#17545 = FILL_AREA_STYLE('',(#17546));
#17546 = FILL_AREA_STYLE_COLOUR('',#15533);
#17547 = STYLED_ITEM('color',(#17548),#1341);
#17548 = PRESENTATION_STYLE_ASSIGNMENT((#17549));
#17549 = SURFACE_STYLE_USAGE(.BOTH.,#17550);
#17550 = SURFACE_SIDE_STYLE('',(#17551));
#17551 = SURFACE_STYLE_FILL_AREA(#17552);
#17552 = FILL_AREA_STYLE('',(#17553));
#17553 = FILL_AREA_STYLE_COLOUR('',#15533);
#17554 = STYLED_ITEM('color',(#17555),#1358);
#17555 = PRESENTATION_STYLE_ASSIGNMENT((#17556));
#17556 = SURFACE_STYLE_USAGE(.BOTH.,#17557);
#17557 = SURFACE_SIDE_STYLE('',(#17558));
#17558 = SURFACE_STYLE_FILL_AREA(#17559);
#17559 = FILL_AREA_STYLE('',(#17560));
#17560 = FILL_AREA_STYLE_COLOUR('',#15533);
#17561 = STYLED_ITEM('color',(#17562),#1391);
#17562 = PRESENTATION_STYLE_ASSIGNMENT((#17563));
#17563 = SURFACE_STYLE_USAGE(.BOTH.,#17564);
#17564 = SURFACE_SIDE_STYLE('',(#17565));
#17565 = SURFACE_STYLE_FILL_AREA(#17566);
#17566 = FILL_AREA_STYLE('',(#17567));
#17567 = FILL_AREA_STYLE_COLOUR('',#15533);
#17568 = STYLED_ITEM('color',(#17569),#1415);
#17569 = PRESENTATION_STYLE_ASSIGNMENT((#17570));
#17570 = SURFACE_STYLE_USAGE(.BOTH.,#17571);
#17571 = SURFACE_SIDE_STYLE('',(#17572));
#17572 = SURFACE_STYLE_FILL_AREA(#17573);
#17573 = FILL_AREA_STYLE('',(#17574));
#17574 = FILL_AREA_STYLE_COLOUR('',#15533);
#17575 = STYLED_ITEM('color',(#17576),#1446);
#17576 = PRESENTATION_STYLE_ASSIGNMENT((#17577));
#17577 = SURFACE_STYLE_USAGE(.BOTH.,#17578);
#17578 = SURFACE_SIDE_STYLE('',(#17579));
#17579 = SURFACE_STYLE_FILL_AREA(#17580);
#17580 = FILL_AREA_STYLE('',(#17581));
#17581 = FILL_AREA_STYLE_COLOUR('',#15533);
#17582 = STYLED_ITEM('color',(#17583),#1458);
#17583 = PRESENTATION_STYLE_ASSIGNMENT((#17584));
#17584 = SURFACE_STYLE_USAGE(.BOTH.,#17585);
#17585 = SURFACE_SIDE_STYLE('',(#17586));
#17586 = SURFACE_STYLE_FILL_AREA(#17587);
#17587 = FILL_AREA_STYLE('',(#17588));
#17588 = FILL_AREA_STYLE_COLOUR('',#15533);
#17589 = STYLED_ITEM('color',(#17590),#1491);
#17590 = PRESENTATION_STYLE_ASSIGNMENT((#17591));
#17591 = SURFACE_STYLE_USAGE(.BOTH.,#17592);
#17592 = SURFACE_SIDE_STYLE('',(#17593));
#17593 = SURFACE_STYLE_FILL_AREA(#17594);
#17594 = FILL_AREA_STYLE('',(#17595));
#17595 = FILL_AREA_STYLE_COLOUR('',#15533);
#17596 = STYLED_ITEM('color',(#17597),#1508);
#17597 = PRESENTATION_STYLE_ASSIGNMENT((#17598));
#17598 = SURFACE_STYLE_USAGE(.BOTH.,#17599);
#17599 = SURFACE_SIDE_STYLE('',(#17600));
#17600 = SURFACE_STYLE_FILL_AREA(#17601);
#17601 = FILL_AREA_STYLE('',(#17602));
#17602 = FILL_AREA_STYLE_COLOUR('',#15533);
#17603 = STYLED_ITEM('color',(#17604),#1525);
#17604 = PRESENTATION_STYLE_ASSIGNMENT((#17605));
#17605 = SURFACE_STYLE_USAGE(.BOTH.,#17606);
#17606 = SURFACE_SIDE_STYLE('',(#17607));
#17607 = SURFACE_STYLE_FILL_AREA(#17608);
#17608 = FILL_AREA_STYLE('',(#17609));
#17609 = FILL_AREA_STYLE_COLOUR('',#15533);
#17610 = STYLED_ITEM('color',(#17611),#1537);
#17611 = PRESENTATION_STYLE_ASSIGNMENT((#17612));
#17612 = SURFACE_STYLE_USAGE(.BOTH.,#17613);
#17613 = SURFACE_SIDE_STYLE('',(#17614));
#17614 = SURFACE_STYLE_FILL_AREA(#17615);
#17615 = FILL_AREA_STYLE('',(#17616));
#17616 = FILL_AREA_STYLE_COLOUR('',#15533);
#17617 = STYLED_ITEM('color',(#17618),#1651);
#17618 = PRESENTATION_STYLE_ASSIGNMENT((#17619));
#17619 = SURFACE_STYLE_USAGE(.BOTH.,#17620);
#17620 = SURFACE_SIDE_STYLE('',(#17621));
#17621 = SURFACE_STYLE_FILL_AREA(#17622);
#17622 = FILL_AREA_STYLE('',(#17623));
#17623 = FILL_AREA_STYLE_COLOUR('',#15533);
#17624 = STYLED_ITEM('color',(#17625),#1668);
#17625 = PRESENTATION_STYLE_ASSIGNMENT((#17626));
#17626 = SURFACE_STYLE_USAGE(.BOTH.,#17627);
#17627 = SURFACE_SIDE_STYLE('',(#17628));
#17628 = SURFACE_STYLE_FILL_AREA(#17629);
#17629 = FILL_AREA_STYLE('',(#17630));
#17630 = FILL_AREA_STYLE_COLOUR('',#15533);
#17631 = STYLED_ITEM('color',(#17632),#1685);
#17632 = PRESENTATION_STYLE_ASSIGNMENT((#17633));
#17633 = SURFACE_STYLE_USAGE(.BOTH.,#17634);
#17634 = SURFACE_SIDE_STYLE('',(#17635));
#17635 = SURFACE_STYLE_FILL_AREA(#17636);
#17636 = FILL_AREA_STYLE('',(#17637));
#17637 = FILL_AREA_STYLE_COLOUR('',#15533);
#17638 = STYLED_ITEM('color',(#17639),#1702);
#17639 = PRESENTATION_STYLE_ASSIGNMENT((#17640));
#17640 = SURFACE_STYLE_USAGE(.BOTH.,#17641);
#17641 = SURFACE_SIDE_STYLE('',(#17642));
#17642 = SURFACE_STYLE_FILL_AREA(#17643);
#17643 = FILL_AREA_STYLE('',(#17644));
#17644 = FILL_AREA_STYLE_COLOUR('',#15533);
#17645 = STYLED_ITEM('color',(#17646),#1719);
#17646 = PRESENTATION_STYLE_ASSIGNMENT((#17647));
#17647 = SURFACE_STYLE_USAGE(.BOTH.,#17648);
#17648 = SURFACE_SIDE_STYLE('',(#17649));
#17649 = SURFACE_STYLE_FILL_AREA(#17650);
#17650 = FILL_AREA_STYLE('',(#17651));
#17651 = FILL_AREA_STYLE_COLOUR('',#15533);
#17652 = STYLED_ITEM('color',(#17653),#1736);
#17653 = PRESENTATION_STYLE_ASSIGNMENT((#17654));
#17654 = SURFACE_STYLE_USAGE(.BOTH.,#17655);
#17655 = SURFACE_SIDE_STYLE('',(#17656));
#17656 = SURFACE_STYLE_FILL_AREA(#17657);
#17657 = FILL_AREA_STYLE('',(#17658));
#17658 = FILL_AREA_STYLE_COLOUR('',#15533);
#17659 = STYLED_ITEM('color',(#17660),#1753);
#17660 = PRESENTATION_STYLE_ASSIGNMENT((#17661));
#17661 = SURFACE_STYLE_USAGE(.BOTH.,#17662);
#17662 = SURFACE_SIDE_STYLE('',(#17663));
#17663 = SURFACE_STYLE_FILL_AREA(#17664);
#17664 = FILL_AREA_STYLE('',(#17665));
#17665 = FILL_AREA_STYLE_COLOUR('',#15533);
#17666 = STYLED_ITEM('color',(#17667),#1770);
#17667 = PRESENTATION_STYLE_ASSIGNMENT((#17668));
#17668 = SURFACE_STYLE_USAGE(.BOTH.,#17669);
#17669 = SURFACE_SIDE_STYLE('',(#17670));
#17670 = SURFACE_STYLE_FILL_AREA(#17671);
#17671 = FILL_AREA_STYLE('',(#17672));
#17672 = FILL_AREA_STYLE_COLOUR('',#15533);
#17673 = STYLED_ITEM('color',(#17674),#1787);
#17674 = PRESENTATION_STYLE_ASSIGNMENT((#17675));
#17675 = SURFACE_STYLE_USAGE(.BOTH.,#17676);
#17676 = SURFACE_SIDE_STYLE('',(#17677));
#17677 = SURFACE_STYLE_FILL_AREA(#17678);
#17678 = FILL_AREA_STYLE('',(#17679));
#17679 = FILL_AREA_STYLE_COLOUR('',#15533);
#17680 = STYLED_ITEM('color',(#17681),#1804);
#17681 = PRESENTATION_STYLE_ASSIGNMENT((#17682));
#17682 = SURFACE_STYLE_USAGE(.BOTH.,#17683);
#17683 = SURFACE_SIDE_STYLE('',(#17684));
#17684 = SURFACE_STYLE_FILL_AREA(#17685);
#17685 = FILL_AREA_STYLE('',(#17686));
#17686 = FILL_AREA_STYLE_COLOUR('',#15533);
#17687 = STYLED_ITEM('color',(#17688),#1821);
#17688 = PRESENTATION_STYLE_ASSIGNMENT((#17689));
#17689 = SURFACE_STYLE_USAGE(.BOTH.,#17690);
#17690 = SURFACE_SIDE_STYLE('',(#17691));
#17691 = SURFACE_STYLE_FILL_AREA(#17692);
#17692 = FILL_AREA_STYLE('',(#17693));
#17693 = FILL_AREA_STYLE_COLOUR('',#15533);
#17694 = STYLED_ITEM('color',(#17695),#1838);
#17695 = PRESENTATION_STYLE_ASSIGNMENT((#17696));
#17696 = SURFACE_STYLE_USAGE(.BOTH.,#17697);
#17697 = SURFACE_SIDE_STYLE('',(#17698));
#17698 = SURFACE_STYLE_FILL_AREA(#17699);
#17699 = FILL_AREA_STYLE('',(#17700));
#17700 = FILL_AREA_STYLE_COLOUR('',#15533);
#17701 = STYLED_ITEM('color',(#17702),#1855);
#17702 = PRESENTATION_STYLE_ASSIGNMENT((#17703));
#17703 = SURFACE_STYLE_USAGE(.BOTH.,#17704);
#17704 = SURFACE_SIDE_STYLE('',(#17705));
#17705 = SURFACE_STYLE_FILL_AREA(#17706);
#17706 = FILL_AREA_STYLE('',(#17707));
#17707 = FILL_AREA_STYLE_COLOUR('',#15533);
#17708 = STYLED_ITEM('color',(#17709),#1872);
#17709 = PRESENTATION_STYLE_ASSIGNMENT((#17710));
#17710 = SURFACE_STYLE_USAGE(.BOTH.,#17711);
#17711 = SURFACE_SIDE_STYLE('',(#17712));
#17712 = SURFACE_STYLE_FILL_AREA(#17713);
#17713 = FILL_AREA_STYLE('',(#17714));
#17714 = FILL_AREA_STYLE_COLOUR('',#15533);
#17715 = STYLED_ITEM('color',(#17716),#1889);
#17716 = PRESENTATION_STYLE_ASSIGNMENT((#17717));
#17717 = SURFACE_STYLE_USAGE(.BOTH.,#17718);
#17718 = SURFACE_SIDE_STYLE('',(#17719));
#17719 = SURFACE_STYLE_FILL_AREA(#17720);
#17720 = FILL_AREA_STYLE('',(#17721));
#17721 = FILL_AREA_STYLE_COLOUR('',#15533);
#17722 = STYLED_ITEM('color',(#17723),#1901);
#17723 = PRESENTATION_STYLE_ASSIGNMENT((#17724));
#17724 = SURFACE_STYLE_USAGE(.BOTH.,#17725);
#17725 = SURFACE_SIDE_STYLE('',(#17726));
#17726 = SURFACE_STYLE_FILL_AREA(#17727);
#17727 = FILL_AREA_STYLE('',(#17728));
#17728 = FILL_AREA_STYLE_COLOUR('',#15533);
#17729 = STYLED_ITEM('color',(#17730),#1918);
#17730 = PRESENTATION_STYLE_ASSIGNMENT((#17731));
#17731 = SURFACE_STYLE_USAGE(.BOTH.,#17732);
#17732 = SURFACE_SIDE_STYLE('',(#17733));
#17733 = SURFACE_STYLE_FILL_AREA(#17734);
#17734 = FILL_AREA_STYLE('',(#17735));
#17735 = FILL_AREA_STYLE_COLOUR('',#15533);
#17736 = STYLED_ITEM('color',(#17737),#1935);
#17737 = PRESENTATION_STYLE_ASSIGNMENT((#17738));
#17738 = SURFACE_STYLE_USAGE(.BOTH.,#17739);
#17739 = SURFACE_SIDE_STYLE('',(#17740));
#17740 = SURFACE_STYLE_FILL_AREA(#17741);
#17741 = FILL_AREA_STYLE('',(#17742));
#17742 = FILL_AREA_STYLE_COLOUR('',#15533);
#17743 = STYLED_ITEM('color',(#17744),#1952);
#17744 = PRESENTATION_STYLE_ASSIGNMENT((#17745));
#17745 = SURFACE_STYLE_USAGE(.BOTH.,#17746);
#17746 = SURFACE_SIDE_STYLE('',(#17747));
#17747 = SURFACE_STYLE_FILL_AREA(#17748);
#17748 = FILL_AREA_STYLE('',(#17749));
#17749 = FILL_AREA_STYLE_COLOUR('',#15533);
#17750 = STYLED_ITEM('color',(#17751),#1998);
#17751 = PRESENTATION_STYLE_ASSIGNMENT((#17752));
#17752 = SURFACE_STYLE_USAGE(.BOTH.,#17753);
#17753 = SURFACE_SIDE_STYLE('',(#17754));
#17754 = SURFACE_STYLE_FILL_AREA(#17755);
#17755 = FILL_AREA_STYLE('',(#17756));
#17756 = FILL_AREA_STYLE_COLOUR('',#15533);
#17757 = STYLED_ITEM('color',(#17758),#2044);
#17758 = PRESENTATION_STYLE_ASSIGNMENT((#17759));
#17759 = SURFACE_STYLE_USAGE(.BOTH.,#17760);
#17760 = SURFACE_SIDE_STYLE('',(#17761));
#17761 = SURFACE_STYLE_FILL_AREA(#17762);
#17762 = FILL_AREA_STYLE('',(#17763));
#17763 = FILL_AREA_STYLE_COLOUR('',#15533);
#17764 = STYLED_ITEM('color',(#17765),#2090);
#17765 = PRESENTATION_STYLE_ASSIGNMENT((#17766));
#17766 = SURFACE_STYLE_USAGE(.BOTH.,#17767);
#17767 = SURFACE_SIDE_STYLE('',(#17768));
#17768 = SURFACE_STYLE_FILL_AREA(#17769);
#17769 = FILL_AREA_STYLE('',(#17770));
#17770 = FILL_AREA_STYLE_COLOUR('',#15849);
#17771 = STYLED_ITEM('color',(#17772),#2121);
#17772 = PRESENTATION_STYLE_ASSIGNMENT((#17773));
#17773 = SURFACE_STYLE_USAGE(.BOTH.,#17774);
#17774 = SURFACE_SIDE_STYLE('',(#17775));
#17775 = SURFACE_STYLE_FILL_AREA(#17776);
#17776 = FILL_AREA_STYLE('',(#17777));
#17777 = FILL_AREA_STYLE_COLOUR('',#15849);
#17778 = STYLED_ITEM('color',(#17779),#2145);
#17779 = PRESENTATION_STYLE_ASSIGNMENT((#17780));
#17780 = SURFACE_STYLE_USAGE(.BOTH.,#17781);
#17781 = SURFACE_SIDE_STYLE('',(#17782));
#17782 = SURFACE_STYLE_FILL_AREA(#17783);
#17783 = FILL_AREA_STYLE('',(#17784));
#17784 = FILL_AREA_STYLE_COLOUR('',#15849);
#17785 = STYLED_ITEM('color',(#17786),#2169);
#17786 = PRESENTATION_STYLE_ASSIGNMENT((#17787));
#17787 = SURFACE_STYLE_USAGE(.BOTH.,#17788);
#17788 = SURFACE_SIDE_STYLE('',(#17789));
#17789 = SURFACE_STYLE_FILL_AREA(#17790);
#17790 = FILL_AREA_STYLE('',(#17791));
#17791 = FILL_AREA_STYLE_COLOUR('',#15849);
#17792 = STYLED_ITEM('color',(#17793),#2186);
#17793 = PRESENTATION_STYLE_ASSIGNMENT((#17794));
#17794 = SURFACE_STYLE_USAGE(.BOTH.,#17795);
#17795 = SURFACE_SIDE_STYLE('',(#17796));
#17796 = SURFACE_STYLE_FILL_AREA(#17797);
#17797 = FILL_AREA_STYLE('',(#17798));
#17798 = FILL_AREA_STYLE_COLOUR('',#15849);
#17799 = STYLED_ITEM('color',(#17800),#2217);
#17800 = PRESENTATION_STYLE_ASSIGNMENT((#17801));
#17801 = SURFACE_STYLE_USAGE(.BOTH.,#17802);
#17802 = SURFACE_SIDE_STYLE('',(#17803));
#17803 = SURFACE_STYLE_FILL_AREA(#17804);
#17804 = FILL_AREA_STYLE('',(#17805));
#17805 = FILL_AREA_STYLE_COLOUR('',#15849);
#17806 = STYLED_ITEM('color',(#17807),#2241);
#17807 = PRESENTATION_STYLE_ASSIGNMENT((#17808));
#17808 = SURFACE_STYLE_USAGE(.BOTH.,#17809);
#17809 = SURFACE_SIDE_STYLE('',(#17810));
#17810 = SURFACE_STYLE_FILL_AREA(#17811);
#17811 = FILL_AREA_STYLE('',(#17812));
#17812 = FILL_AREA_STYLE_COLOUR('',#15849);
#17813 = STYLED_ITEM('color',(#17814),#2265);
#17814 = PRESENTATION_STYLE_ASSIGNMENT((#17815));
#17815 = SURFACE_STYLE_USAGE(.BOTH.,#17816);
#17816 = SURFACE_SIDE_STYLE('',(#17817));
#17817 = SURFACE_STYLE_FILL_AREA(#17818);
#17818 = FILL_AREA_STYLE('',(#17819));
#17819 = FILL_AREA_STYLE_COLOUR('',#15849);
#17820 = STYLED_ITEM('color',(#17821),#2282);
#17821 = PRESENTATION_STYLE_ASSIGNMENT((#17822));
#17822 = SURFACE_STYLE_USAGE(.BOTH.,#17823);
#17823 = SURFACE_SIDE_STYLE('',(#17824));
#17824 = SURFACE_STYLE_FILL_AREA(#17825);
#17825 = FILL_AREA_STYLE('',(#17826));
#17826 = FILL_AREA_STYLE_COLOUR('',#15849);
#17827 = STYLED_ITEM('color',(#17828),#2313);
#17828 = PRESENTATION_STYLE_ASSIGNMENT((#17829));
#17829 = SURFACE_STYLE_USAGE(.BOTH.,#17830);
#17830 = SURFACE_SIDE_STYLE('',(#17831));
#17831 = SURFACE_STYLE_FILL_AREA(#17832);
#17832 = FILL_AREA_STYLE('',(#17833));
#17833 = FILL_AREA_STYLE_COLOUR('',#15849);
#17834 = STYLED_ITEM('color',(#17835),#2337);
#17835 = PRESENTATION_STYLE_ASSIGNMENT((#17836));
#17836 = SURFACE_STYLE_USAGE(.BOTH.,#17837);
#17837 = SURFACE_SIDE_STYLE('',(#17838));
#17838 = SURFACE_STYLE_FILL_AREA(#17839);
#17839 = FILL_AREA_STYLE('',(#17840));
#17840 = FILL_AREA_STYLE_COLOUR('',#15849);
#17841 = STYLED_ITEM('color',(#17842),#2361);
#17842 = PRESENTATION_STYLE_ASSIGNMENT((#17843));
#17843 = SURFACE_STYLE_USAGE(.BOTH.,#17844);
#17844 = SURFACE_SIDE_STYLE('',(#17845));
#17845 = SURFACE_STYLE_FILL_AREA(#17846);
#17846 = FILL_AREA_STYLE('',(#17847));
#17847 = FILL_AREA_STYLE_COLOUR('',#15849);
#17848 = STYLED_ITEM('color',(#17849),#2378);
#17849 = PRESENTATION_STYLE_ASSIGNMENT((#17850));
#17850 = SURFACE_STYLE_USAGE(.BOTH.,#17851);
#17851 = SURFACE_SIDE_STYLE('',(#17852));
#17852 = SURFACE_STYLE_FILL_AREA(#17853);
#17853 = FILL_AREA_STYLE('',(#17854));
#17854 = FILL_AREA_STYLE_COLOUR('',#15849);
#17855 = STYLED_ITEM('color',(#17856),#2441);
#17856 = PRESENTATION_STYLE_ASSIGNMENT((#17857));
#17857 = SURFACE_STYLE_USAGE(.BOTH.,#17858);
#17858 = SURFACE_SIDE_STYLE('',(#17859));
#17859 = SURFACE_STYLE_FILL_AREA(#17860);
#17860 = FILL_AREA_STYLE('',(#17861));
#17861 = FILL_AREA_STYLE_COLOUR('',#15849);
#17862 = STYLED_ITEM('color',(#17863),#2465);
#17863 = PRESENTATION_STYLE_ASSIGNMENT((#17864));
#17864 = SURFACE_STYLE_USAGE(.BOTH.,#17865);
#17865 = SURFACE_SIDE_STYLE('',(#17866));
#17866 = SURFACE_STYLE_FILL_AREA(#17867);
#17867 = FILL_AREA_STYLE('',(#17868));
#17868 = FILL_AREA_STYLE_COLOUR('',#15849);
#17869 = STYLED_ITEM('color',(#17870),#2521);
#17870 = PRESENTATION_STYLE_ASSIGNMENT((#17871));
#17871 = SURFACE_STYLE_USAGE(.BOTH.,#17872);
#17872 = SURFACE_SIDE_STYLE('',(#17873));
#17873 = SURFACE_STYLE_FILL_AREA(#17874);
#17874 = FILL_AREA_STYLE('',(#17875));
#17875 = FILL_AREA_STYLE_COLOUR('',#15849);
#17876 = STYLED_ITEM('color',(#17877),#2538);
#17877 = PRESENTATION_STYLE_ASSIGNMENT((#17878));
#17878 = SURFACE_STYLE_USAGE(.BOTH.,#17879);
#17879 = SURFACE_SIDE_STYLE('',(#17880));
#17880 = SURFACE_STYLE_FILL_AREA(#17881);
#17881 = FILL_AREA_STYLE('',(#17882));
#17882 = FILL_AREA_STYLE_COLOUR('',#15849);
#17883 = STYLED_ITEM('color',(#17884),#2569);
#17884 = PRESENTATION_STYLE_ASSIGNMENT((#17885));
#17885 = SURFACE_STYLE_USAGE(.BOTH.,#17886);
#17886 = SURFACE_SIDE_STYLE('',(#17887));
#17887 = SURFACE_STYLE_FILL_AREA(#17888);
#17888 = FILL_AREA_STYLE('',(#17889));
#17889 = FILL_AREA_STYLE_COLOUR('',#15849);
#17890 = STYLED_ITEM('color',(#17891),#2593);
#17891 = PRESENTATION_STYLE_ASSIGNMENT((#17892));
#17892 = SURFACE_STYLE_USAGE(.BOTH.,#17893);
#17893 = SURFACE_SIDE_STYLE('',(#17894));
#17894 = SURFACE_STYLE_FILL_AREA(#17895);
#17895 = FILL_AREA_STYLE('',(#17896));
#17896 = FILL_AREA_STYLE_COLOUR('',#15849);
#17897 = STYLED_ITEM('color',(#17898),#2617);
#17898 = PRESENTATION_STYLE_ASSIGNMENT((#17899));
#17899 = SURFACE_STYLE_USAGE(.BOTH.,#17900);
#17900 = SURFACE_SIDE_STYLE('',(#17901));
#17901 = SURFACE_STYLE_FILL_AREA(#17902);
#17902 = FILL_AREA_STYLE('',(#17903));
#17903 = FILL_AREA_STYLE_COLOUR('',#15849);
#17904 = STYLED_ITEM('color',(#17905),#2634);
#17905 = PRESENTATION_STYLE_ASSIGNMENT((#17906));
#17906 = SURFACE_STYLE_USAGE(.BOTH.,#17907);
#17907 = SURFACE_SIDE_STYLE('',(#17908));
#17908 = SURFACE_STYLE_FILL_AREA(#17909);
#17909 = FILL_AREA_STYLE('',(#17910));
#17910 = FILL_AREA_STYLE_COLOUR('',#15849);
#17911 = STYLED_ITEM('color',(#17912),#2697);
#17912 = PRESENTATION_STYLE_ASSIGNMENT((#17913));
#17913 = SURFACE_STYLE_USAGE(.BOTH.,#17914);
#17914 = SURFACE_SIDE_STYLE('',(#17915));
#17915 = SURFACE_STYLE_FILL_AREA(#17916);
#17916 = FILL_AREA_STYLE('',(#17917));
#17917 = FILL_AREA_STYLE_COLOUR('',#15849);
#17918 = STYLED_ITEM('color',(#17919),#2721);
#17919 = PRESENTATION_STYLE_ASSIGNMENT((#17920));
#17920 = SURFACE_STYLE_USAGE(.BOTH.,#17921);
#17921 = SURFACE_SIDE_STYLE('',(#17922));
#17922 = SURFACE_STYLE_FILL_AREA(#17923);
#17923 = FILL_AREA_STYLE('',(#17924));
#17924 = FILL_AREA_STYLE_COLOUR('',#15849);
#17925 = STYLED_ITEM('color',(#17926),#2777);
#17926 = PRESENTATION_STYLE_ASSIGNMENT((#17927));
#17927 = SURFACE_STYLE_USAGE(.BOTH.,#17928);
#17928 = SURFACE_SIDE_STYLE('',(#17929));
#17929 = SURFACE_STYLE_FILL_AREA(#17930);
#17930 = FILL_AREA_STYLE('',(#17931));
#17931 = FILL_AREA_STYLE_COLOUR('',#15849);
#17932 = STYLED_ITEM('color',(#17933),#2794);
#17933 = PRESENTATION_STYLE_ASSIGNMENT((#17934));
#17934 = SURFACE_STYLE_USAGE(.BOTH.,#17935);
#17935 = SURFACE_SIDE_STYLE('',(#17936));
#17936 = SURFACE_STYLE_FILL_AREA(#17937);
#17937 = FILL_AREA_STYLE('',(#17938));
#17938 = FILL_AREA_STYLE_COLOUR('',#15849);
#17939 = STYLED_ITEM('color',(#17940),#2825);
#17940 = PRESENTATION_STYLE_ASSIGNMENT((#17941));
#17941 = SURFACE_STYLE_USAGE(.BOTH.,#17942);
#17942 = SURFACE_SIDE_STYLE('',(#17943));
#17943 = SURFACE_STYLE_FILL_AREA(#17944);
#17944 = FILL_AREA_STYLE('',(#17945));
#17945 = FILL_AREA_STYLE_COLOUR('',#15849);
#17946 = STYLED_ITEM('color',(#17947),#2849);
#17947 = PRESENTATION_STYLE_ASSIGNMENT((#17948));
#17948 = SURFACE_STYLE_USAGE(.BOTH.,#17949);
#17949 = SURFACE_SIDE_STYLE('',(#17950));
#17950 = SURFACE_STYLE_FILL_AREA(#17951);
#17951 = FILL_AREA_STYLE('',(#17952));
#17952 = FILL_AREA_STYLE_COLOUR('',#15849);
#17953 = STYLED_ITEM('color',(#17954),#2873);
#17954 = PRESENTATION_STYLE_ASSIGNMENT((#17955));
#17955 = SURFACE_STYLE_USAGE(.BOTH.,#17956);
#17956 = SURFACE_SIDE_STYLE('',(#17957));
#17957 = SURFACE_STYLE_FILL_AREA(#17958);
#17958 = FILL_AREA_STYLE('',(#17959));
#17959 = FILL_AREA_STYLE_COLOUR('',#15849);
#17960 = STYLED_ITEM('color',(#17961),#2890);
#17961 = PRESENTATION_STYLE_ASSIGNMENT((#17962));
#17962 = SURFACE_STYLE_USAGE(.BOTH.,#17963);
#17963 = SURFACE_SIDE_STYLE('',(#17964));
#17964 = SURFACE_STYLE_FILL_AREA(#17965);
#17965 = FILL_AREA_STYLE('',(#17966));
#17966 = FILL_AREA_STYLE_COLOUR('',#15849);
#17967 = STYLED_ITEM('color',(#17968),#2921);
#17968 = PRESENTATION_STYLE_ASSIGNMENT((#17969));
#17969 = SURFACE_STYLE_USAGE(.BOTH.,#17970);
#17970 = SURFACE_SIDE_STYLE('',(#17971));
#17971 = SURFACE_STYLE_FILL_AREA(#17972);
#17972 = FILL_AREA_STYLE('',(#17973));
#17973 = FILL_AREA_STYLE_COLOUR('',#15849);
#17974 = STYLED_ITEM('color',(#17975),#2945);
#17975 = PRESENTATION_STYLE_ASSIGNMENT((#17976));
#17976 = SURFACE_STYLE_USAGE(.BOTH.,#17977);
#17977 = SURFACE_SIDE_STYLE('',(#17978));
#17978 = SURFACE_STYLE_FILL_AREA(#17979);
#17979 = FILL_AREA_STYLE('',(#17980));
#17980 = FILL_AREA_STYLE_COLOUR('',#15849);
#17981 = STYLED_ITEM('color',(#17982),#2969);
#17982 = PRESENTATION_STYLE_ASSIGNMENT((#17983));
#17983 = SURFACE_STYLE_USAGE(.BOTH.,#17984);
#17984 = SURFACE_SIDE_STYLE('',(#17985));
#17985 = SURFACE_STYLE_FILL_AREA(#17986);
#17986 = FILL_AREA_STYLE('',(#17987));
#17987 = FILL_AREA_STYLE_COLOUR('',#15849);
#17988 = STYLED_ITEM('color',(#17989),#2986);
#17989 = PRESENTATION_STYLE_ASSIGNMENT((#17990));
#17990 = SURFACE_STYLE_USAGE(.BOTH.,#17991);
#17991 = SURFACE_SIDE_STYLE('',(#17992));
#17992 = SURFACE_STYLE_FILL_AREA(#17993);
#17993 = FILL_AREA_STYLE('',(#17994));
#17994 = FILL_AREA_STYLE_COLOUR('',#15849);
#17995 = STYLED_ITEM('color',(#17996),#3017);
#17996 = PRESENTATION_STYLE_ASSIGNMENT((#17997));
#17997 = SURFACE_STYLE_USAGE(.BOTH.,#17998);
#17998 = SURFACE_SIDE_STYLE('',(#17999));
#17999 = SURFACE_STYLE_FILL_AREA(#18000);
#18000 = FILL_AREA_STYLE('',(#18001));
#18001 = FILL_AREA_STYLE_COLOUR('',#15849);
#18002 = STYLED_ITEM('color',(#18003),#3041);
#18003 = PRESENTATION_STYLE_ASSIGNMENT((#18004));
#18004 = SURFACE_STYLE_USAGE(.BOTH.,#18005);
#18005 = SURFACE_SIDE_STYLE('',(#18006));
#18006 = SURFACE_STYLE_FILL_AREA(#18007);
#18007 = FILL_AREA_STYLE('',(#18008));
#18008 = FILL_AREA_STYLE_COLOUR('',#15849);
#18009 = STYLED_ITEM('color',(#18010),#3065);
#18010 = PRESENTATION_STYLE_ASSIGNMENT((#18011));
#18011 = SURFACE_STYLE_USAGE(.BOTH.,#18012);
#18012 = SURFACE_SIDE_STYLE('',(#18013));
#18013 = SURFACE_STYLE_FILL_AREA(#18014);
#18014 = FILL_AREA_STYLE('',(#18015));
#18015 = FILL_AREA_STYLE_COLOUR('',#15849);
#18016 = STYLED_ITEM('color',(#18017),#3082);
#18017 = PRESENTATION_STYLE_ASSIGNMENT((#18018));
#18018 = SURFACE_STYLE_USAGE(.BOTH.,#18019);
#18019 = SURFACE_SIDE_STYLE('',(#18020));
#18020 = SURFACE_STYLE_FILL_AREA(#18021);
#18021 = FILL_AREA_STYLE('',(#18022));
#18022 = FILL_AREA_STYLE_COLOUR('',#15849);
#18023 = STYLED_ITEM('color',(#18024),#3129);
#18024 = PRESENTATION_STYLE_ASSIGNMENT((#18025));
#18025 = SURFACE_STYLE_USAGE(.BOTH.,#18026);
#18026 = SURFACE_SIDE_STYLE('',(#18027));
#18027 = SURFACE_STYLE_FILL_AREA(#18028);
#18028 = FILL_AREA_STYLE('',(#18029));
#18029 = FILL_AREA_STYLE_COLOUR('',#15849);
#18030 = STYLED_ITEM('color',(#18031),#3160);
#18031 = PRESENTATION_STYLE_ASSIGNMENT((#18032));
#18032 = SURFACE_STYLE_USAGE(.BOTH.,#18033);
#18033 = SURFACE_SIDE_STYLE('',(#18034));
#18034 = SURFACE_STYLE_FILL_AREA(#18035);
#18035 = FILL_AREA_STYLE('',(#18036));
#18036 = FILL_AREA_STYLE_COLOUR('',#15849);
#18037 = STYLED_ITEM('color',(#18038),#3172);
#18038 = PRESENTATION_STYLE_ASSIGNMENT((#18039));
#18039 = SURFACE_STYLE_USAGE(.BOTH.,#18040);
#18040 = SURFACE_SIDE_STYLE('',(#18041));
#18041 = SURFACE_STYLE_FILL_AREA(#18042);
#18042 = FILL_AREA_STYLE('',(#18043));
#18043 = FILL_AREA_STYLE_COLOUR('',#15849);
#18044 = STYLED_ITEM('color',(#18045),#3189);
#18045 = PRESENTATION_STYLE_ASSIGNMENT((#18046));
#18046 = SURFACE_STYLE_USAGE(.BOTH.,#18047);
#18047 = SURFACE_SIDE_STYLE('',(#18048));
#18048 = SURFACE_STYLE_FILL_AREA(#18049);
#18049 = FILL_AREA_STYLE('',(#18050));
#18050 = FILL_AREA_STYLE_COLOUR('',#15849);
#18051 = STYLED_ITEM('color',(#18052),#3215);
#18052 = PRESENTATION_STYLE_ASSIGNMENT((#18053));
#18053 = SURFACE_STYLE_USAGE(.BOTH.,#18054);
#18054 = SURFACE_SIDE_STYLE('',(#18055));
#18055 = SURFACE_STYLE_FILL_AREA(#18056);
#18056 = FILL_AREA_STYLE('',(#18057));
#18057 = FILL_AREA_STYLE_COLOUR('',#15849);
#18058 = STYLED_ITEM('color',(#18059),#3248);
#18059 = PRESENTATION_STYLE_ASSIGNMENT((#18060));
#18060 = SURFACE_STYLE_USAGE(.BOTH.,#18061);
#18061 = SURFACE_SIDE_STYLE('',(#18062));
#18062 = SURFACE_STYLE_FILL_AREA(#18063);
#18063 = FILL_AREA_STYLE('',(#18064));
#18064 = FILL_AREA_STYLE_COLOUR('',#15849);
#18065 = STYLED_ITEM('color',(#18066),#3279);
#18066 = PRESENTATION_STYLE_ASSIGNMENT((#18067));
#18067 = SURFACE_STYLE_USAGE(.BOTH.,#18068);
#18068 = SURFACE_SIDE_STYLE('',(#18069));
#18069 = SURFACE_STYLE_FILL_AREA(#18070);
#18070 = FILL_AREA_STYLE('',(#18071));
#18071 = FILL_AREA_STYLE_COLOUR('',#15849);
#18072 = STYLED_ITEM('color',(#18073),#3303);
#18073 = PRESENTATION_STYLE_ASSIGNMENT((#18074));
#18074 = SURFACE_STYLE_USAGE(.BOTH.,#18075);
#18075 = SURFACE_SIDE_STYLE('',(#18076));
#18076 = SURFACE_STYLE_FILL_AREA(#18077);
#18077 = FILL_AREA_STYLE('',(#18078));
#18078 = FILL_AREA_STYLE_COLOUR('',#15849);
#18079 = STYLED_ITEM('color',(#18080),#3327);
#18080 = PRESENTATION_STYLE_ASSIGNMENT((#18081));
#18081 = SURFACE_STYLE_USAGE(.BOTH.,#18082);
#18082 = SURFACE_SIDE_STYLE('',(#18083));
#18083 = SURFACE_STYLE_FILL_AREA(#18084);
#18084 = FILL_AREA_STYLE('',(#18085));
#18085 = FILL_AREA_STYLE_COLOUR('',#15849);
#18086 = STYLED_ITEM('color',(#18087),#3344);
#18087 = PRESENTATION_STYLE_ASSIGNMENT((#18088));
#18088 = SURFACE_STYLE_USAGE(.BOTH.,#18089);
#18089 = SURFACE_SIDE_STYLE('',(#18090));
#18090 = SURFACE_STYLE_FILL_AREA(#18091);
#18091 = FILL_AREA_STYLE('',(#18092));
#18092 = FILL_AREA_STYLE_COLOUR('',#15849);
#18093 = STYLED_ITEM('color',(#18094),#3391);
#18094 = PRESENTATION_STYLE_ASSIGNMENT((#18095));
#18095 = SURFACE_STYLE_USAGE(.BOTH.,#18096);
#18096 = SURFACE_SIDE_STYLE('',(#18097));
#18097 = SURFACE_STYLE_FILL_AREA(#18098);
#18098 = FILL_AREA_STYLE('',(#18099));
#18099 = FILL_AREA_STYLE_COLOUR('',#15849);
#18100 = STYLED_ITEM('color',(#18101),#3422);
#18101 = PRESENTATION_STYLE_ASSIGNMENT((#18102));
#18102 = SURFACE_STYLE_USAGE(.BOTH.,#18103);
#18103 = SURFACE_SIDE_STYLE('',(#18104));
#18104 = SURFACE_STYLE_FILL_AREA(#18105);
#18105 = FILL_AREA_STYLE('',(#18106));
#18106 = FILL_AREA_STYLE_COLOUR('',#15849);
#18107 = STYLED_ITEM('color',(#18108),#3434);
#18108 = PRESENTATION_STYLE_ASSIGNMENT((#18109));
#18109 = SURFACE_STYLE_USAGE(.BOTH.,#18110);
#18110 = SURFACE_SIDE_STYLE('',(#18111));
#18111 = SURFACE_STYLE_FILL_AREA(#18112);
#18112 = FILL_AREA_STYLE('',(#18113));
#18113 = FILL_AREA_STYLE_COLOUR('',#15849);
#18114 = STYLED_ITEM('color',(#18115),#3451);
#18115 = PRESENTATION_STYLE_ASSIGNMENT((#18116));
#18116 = SURFACE_STYLE_USAGE(.BOTH.,#18117);
#18117 = SURFACE_SIDE_STYLE('',(#18118));
#18118 = SURFACE_STYLE_FILL_AREA(#18119);
#18119 = FILL_AREA_STYLE('',(#18120));
#18120 = FILL_AREA_STYLE_COLOUR('',#15849);
#18121 = STYLED_ITEM('color',(#18122),#3477);
#18122 = PRESENTATION_STYLE_ASSIGNMENT((#18123));
#18123 = SURFACE_STYLE_USAGE(.BOTH.,#18124);
#18124 = SURFACE_SIDE_STYLE('',(#18125));
#18125 = SURFACE_STYLE_FILL_AREA(#18126);
#18126 = FILL_AREA_STYLE('',(#18127));
#18127 = FILL_AREA_STYLE_COLOUR('',#15849);
#18128 = STYLED_ITEM('color',(#18129),#3510);
#18129 = PRESENTATION_STYLE_ASSIGNMENT((#18130));
#18130 = SURFACE_STYLE_USAGE(.BOTH.,#18131);
#18131 = SURFACE_SIDE_STYLE('',(#18132));
#18132 = SURFACE_STYLE_FILL_AREA(#18133);
#18133 = FILL_AREA_STYLE('',(#18134));
#18134 = FILL_AREA_STYLE_COLOUR('',#15849);
#18135 = STYLED_ITEM('color',(#18136),#3522);
#18136 = PRESENTATION_STYLE_ASSIGNMENT((#18137));
#18137 = SURFACE_STYLE_USAGE(.BOTH.,#18138);
#18138 = SURFACE_SIDE_STYLE('',(#18139));
#18139 = SURFACE_STYLE_FILL_AREA(#18140);
#18140 = FILL_AREA_STYLE('',(#18141));
#18141 = FILL_AREA_STYLE_COLOUR('',#15849);
#18142 = STYLED_ITEM('color',(#18143),#3534);
#18143 = PRESENTATION_STYLE_ASSIGNMENT((#18144));
#18144 = SURFACE_STYLE_USAGE(.BOTH.,#18145);
#18145 = SURFACE_SIDE_STYLE('',(#18146));
#18146 = SURFACE_STYLE_FILL_AREA(#18147);
#18147 = FILL_AREA_STYLE('',(#18148));
#18148 = FILL_AREA_STYLE_COLOUR('',#15849);
#18149 = STYLED_ITEM('color',(#18150),#3546);
#18150 = PRESENTATION_STYLE_ASSIGNMENT((#18151));
#18151 = SURFACE_STYLE_USAGE(.BOTH.,#18152);
#18152 = SURFACE_SIDE_STYLE('',(#18153));
#18153 = SURFACE_STYLE_FILL_AREA(#18154);
#18154 = FILL_AREA_STYLE('',(#18155));
#18155 = FILL_AREA_STYLE_COLOUR('',#15849);
#18156 = STYLED_ITEM('color',(#18157),#3563);
#18157 = PRESENTATION_STYLE_ASSIGNMENT((#18158));
#18158 = SURFACE_STYLE_USAGE(.BOTH.,#18159);
#18159 = SURFACE_SIDE_STYLE('',(#18160));
#18160 = SURFACE_STYLE_FILL_AREA(#18161);
#18161 = FILL_AREA_STYLE('',(#18162));
#18162 = FILL_AREA_STYLE_COLOUR('',#15849);
#18163 = STYLED_ITEM('color',(#18164),#3580);
#18164 = PRESENTATION_STYLE_ASSIGNMENT((#18165));
#18165 = SURFACE_STYLE_USAGE(.BOTH.,#18166);
#18166 = SURFACE_SIDE_STYLE('',(#18167));
#18167 = SURFACE_STYLE_FILL_AREA(#18168);
#18168 = FILL_AREA_STYLE('',(#18169));
#18169 = FILL_AREA_STYLE_COLOUR('',#15849);
#18170 = STYLED_ITEM('color',(#18171),#3592);
#18171 = PRESENTATION_STYLE_ASSIGNMENT((#18172));
#18172 = SURFACE_STYLE_USAGE(.BOTH.,#18173);
#18173 = SURFACE_SIDE_STYLE('',(#18174));
#18174 = SURFACE_STYLE_FILL_AREA(#18175);
#18175 = FILL_AREA_STYLE('',(#18176));
#18176 = FILL_AREA_STYLE_COLOUR('',#15849);
#18177 = STYLED_ITEM('color',(#18178),#3604);
#18178 = PRESENTATION_STYLE_ASSIGNMENT((#18179));
#18179 = SURFACE_STYLE_USAGE(.BOTH.,#18180);
#18180 = SURFACE_SIDE_STYLE('',(#18181));
#18181 = SURFACE_STYLE_FILL_AREA(#18182);
#18182 = FILL_AREA_STYLE('',(#18183));
#18183 = FILL_AREA_STYLE_COLOUR('',#15849);
#18184 = STYLED_ITEM('color',(#18185),#3621);
#18185 = PRESENTATION_STYLE_ASSIGNMENT((#18186));
#18186 = SURFACE_STYLE_USAGE(.BOTH.,#18187);
#18187 = SURFACE_SIDE_STYLE('',(#18188));
#18188 = SURFACE_STYLE_FILL_AREA(#18189);
#18189 = FILL_AREA_STYLE('',(#18190));
#18190 = FILL_AREA_STYLE_COLOUR('',#15849);
#18191 = STYLED_ITEM('color',(#18192),#3638);
#18192 = PRESENTATION_STYLE_ASSIGNMENT((#18193));
#18193 = SURFACE_STYLE_USAGE(.BOTH.,#18194);
#18194 = SURFACE_SIDE_STYLE('',(#18195));
#18195 = SURFACE_STYLE_FILL_AREA(#18196);
#18196 = FILL_AREA_STYLE('',(#18197));
#18197 = FILL_AREA_STYLE_COLOUR('',#15849);
#18198 = MECHANICAL_DESIGN_GEOMETRIC_PRESENTATION_REPRESENTATION('',(
    #18199,#18206,#18213,#18220,#18227,#18234,#18241,#18248,#18255,
    #18262,#18269,#18277,#18284,#18291,#18298,#18305,#18312,#18319,
    #18326,#18333,#18340,#18347,#18354,#18361,#18368,#18375,#18382,
    #18389),#8066);
#18199 = STYLED_ITEM('color',(#18200),#7214);
#18200 = PRESENTATION_STYLE_ASSIGNMENT((#18201));
#18201 = SURFACE_STYLE_USAGE(.BOTH.,#18202);
#18202 = SURFACE_SIDE_STYLE('',(#18203));
#18203 = SURFACE_STYLE_FILL_AREA(#18204);
#18204 = FILL_AREA_STYLE('',(#18205));
#18205 = FILL_AREA_STYLE_COLOUR('',#15348);
#18206 = STYLED_ITEM('color',(#18207),#7290);
#18207 = PRESENTATION_STYLE_ASSIGNMENT((#18208));
#18208 = SURFACE_STYLE_USAGE(.BOTH.,#18209);
#18209 = SURFACE_SIDE_STYLE('',(#18210));
#18210 = SURFACE_STYLE_FILL_AREA(#18211);
#18211 = FILL_AREA_STYLE('',(#18212));
#18212 = FILL_AREA_STYLE_COLOUR('',#15348);
#18213 = STYLED_ITEM('color',(#18214),#7321);
#18214 = PRESENTATION_STYLE_ASSIGNMENT((#18215));
#18215 = SURFACE_STYLE_USAGE(.BOTH.,#18216);
#18216 = SURFACE_SIDE_STYLE('',(#18217));
#18217 = SURFACE_STYLE_FILL_AREA(#18218);
#18218 = FILL_AREA_STYLE('',(#18219));
#18219 = FILL_AREA_STYLE_COLOUR('',#15348);
#18220 = STYLED_ITEM('color',(#18221),#7346);
#18221 = PRESENTATION_STYLE_ASSIGNMENT((#18222));
#18222 = SURFACE_STYLE_USAGE(.BOTH.,#18223);
#18223 = SURFACE_SIDE_STYLE('',(#18224));
#18224 = SURFACE_STYLE_FILL_AREA(#18225);
#18225 = FILL_AREA_STYLE('',(#18226));
#18226 = FILL_AREA_STYLE_COLOUR('',#15348);
#18227 = STYLED_ITEM('color',(#18228),#7371);
#18228 = PRESENTATION_STYLE_ASSIGNMENT((#18229));
#18229 = SURFACE_STYLE_USAGE(.BOTH.,#18230);
#18230 = SURFACE_SIDE_STYLE('',(#18231));
#18231 = SURFACE_STYLE_FILL_AREA(#18232);
#18232 = FILL_AREA_STYLE('',(#18233));
#18233 = FILL_AREA_STYLE_COLOUR('',#15348);
#18234 = STYLED_ITEM('color',(#18235),#7395);
#18235 = PRESENTATION_STYLE_ASSIGNMENT((#18236));
#18236 = SURFACE_STYLE_USAGE(.BOTH.,#18237);
#18237 = SURFACE_SIDE_STYLE('',(#18238));
#18238 = SURFACE_STYLE_FILL_AREA(#18239);
#18239 = FILL_AREA_STYLE('',(#18240));
#18240 = FILL_AREA_STYLE_COLOUR('',#15348);
#18241 = STYLED_ITEM('color',(#18242),#7419);
#18242 = PRESENTATION_STYLE_ASSIGNMENT((#18243));
#18243 = SURFACE_STYLE_USAGE(.BOTH.,#18244);
#18244 = SURFACE_SIDE_STYLE('',(#18245));
#18245 = SURFACE_STYLE_FILL_AREA(#18246);
#18246 = FILL_AREA_STYLE('',(#18247));
#18247 = FILL_AREA_STYLE_COLOUR('',#15348);
#18248 = STYLED_ITEM('color',(#18249),#7444);
#18249 = PRESENTATION_STYLE_ASSIGNMENT((#18250));
#18250 = SURFACE_STYLE_USAGE(.BOTH.,#18251);
#18251 = SURFACE_SIDE_STYLE('',(#18252));
#18252 = SURFACE_STYLE_FILL_AREA(#18253);
#18253 = FILL_AREA_STYLE('',(#18254));
#18254 = FILL_AREA_STYLE_COLOUR('',#15348);
#18255 = STYLED_ITEM('color',(#18256),#7469);
#18256 = PRESENTATION_STYLE_ASSIGNMENT((#18257));
#18257 = SURFACE_STYLE_USAGE(.BOTH.,#18258);
#18258 = SURFACE_SIDE_STYLE('',(#18259));
#18259 = SURFACE_STYLE_FILL_AREA(#18260);
#18260 = FILL_AREA_STYLE('',(#18261));
#18261 = FILL_AREA_STYLE_COLOUR('',#15348);
#18262 = STYLED_ITEM('color',(#18263),#7486);
#18263 = PRESENTATION_STYLE_ASSIGNMENT((#18264));
#18264 = SURFACE_STYLE_USAGE(.BOTH.,#18265);
#18265 = SURFACE_SIDE_STYLE('',(#18266));
#18266 = SURFACE_STYLE_FILL_AREA(#18267);
#18267 = FILL_AREA_STYLE('',(#18268));
#18268 = FILL_AREA_STYLE_COLOUR('',#15348);
#18269 = STYLED_ITEM('color',(#18270),#7572);
#18270 = PRESENTATION_STYLE_ASSIGNMENT((#18271));
#18271 = SURFACE_STYLE_USAGE(.BOTH.,#18272);
#18272 = SURFACE_SIDE_STYLE('',(#18273));
#18273 = SURFACE_STYLE_FILL_AREA(#18274);
#18274 = FILL_AREA_STYLE('',(#18275));
#18275 = FILL_AREA_STYLE_COLOUR('',#18276);
#18276 = COLOUR_RGB('',0.379000005575,0.270000008848,0.214999999939);
#18277 = STYLED_ITEM('color',(#18278),#7604);
#18278 = PRESENTATION_STYLE_ASSIGNMENT((#18279));
#18279 = SURFACE_STYLE_USAGE(.BOTH.,#18280);
#18280 = SURFACE_SIDE_STYLE('',(#18281));
#18281 = SURFACE_STYLE_FILL_AREA(#18282);
#18282 = FILL_AREA_STYLE('',(#18283));
#18283 = FILL_AREA_STYLE_COLOUR('',#18276);
#18284 = STYLED_ITEM('color',(#18285),#7628);
#18285 = PRESENTATION_STYLE_ASSIGNMENT((#18286));
#18286 = SURFACE_STYLE_USAGE(.BOTH.,#18287);
#18287 = SURFACE_SIDE_STYLE('',(#18288));
#18288 = SURFACE_STYLE_FILL_AREA(#18289);
#18289 = FILL_AREA_STYLE('',(#18290));
#18290 = FILL_AREA_STYLE_COLOUR('',#18276);
#18291 = STYLED_ITEM('color',(#18292),#7653);
#18292 = PRESENTATION_STYLE_ASSIGNMENT((#18293));
#18293 = SURFACE_STYLE_USAGE(.BOTH.,#18294);
#18294 = SURFACE_SIDE_STYLE('',(#18295));
#18295 = SURFACE_STYLE_FILL_AREA(#18296);
#18296 = FILL_AREA_STYLE('',(#18297));
#18297 = FILL_AREA_STYLE_COLOUR('',#18276);
#18298 = STYLED_ITEM('color',(#18299),#7677);
#18299 = PRESENTATION_STYLE_ASSIGNMENT((#18300));
#18300 = SURFACE_STYLE_USAGE(.BOTH.,#18301);
#18301 = SURFACE_SIDE_STYLE('',(#18302));
#18302 = SURFACE_STYLE_FILL_AREA(#18303);
#18303 = FILL_AREA_STYLE('',(#18304));
#18304 = FILL_AREA_STYLE_COLOUR('',#18276);
#18305 = STYLED_ITEM('color',(#18306),#7702);
#18306 = PRESENTATION_STYLE_ASSIGNMENT((#18307));
#18307 = SURFACE_STYLE_USAGE(.BOTH.,#18308);
#18308 = SURFACE_SIDE_STYLE('',(#18309));
#18309 = SURFACE_STYLE_FILL_AREA(#18310);
#18310 = FILL_AREA_STYLE('',(#18311));
#18311 = FILL_AREA_STYLE_COLOUR('',#18276);
#18312 = STYLED_ITEM('color',(#18313),#7726);
#18313 = PRESENTATION_STYLE_ASSIGNMENT((#18314));
#18314 = SURFACE_STYLE_USAGE(.BOTH.,#18315);
#18315 = SURFACE_SIDE_STYLE('',(#18316));
#18316 = SURFACE_STYLE_FILL_AREA(#18317);
#18317 = FILL_AREA_STYLE('',(#18318));
#18318 = FILL_AREA_STYLE_COLOUR('',#18276);
#18319 = STYLED_ITEM('color',(#18320),#7751);
#18320 = PRESENTATION_STYLE_ASSIGNMENT((#18321));
#18321 = SURFACE_STYLE_USAGE(.BOTH.,#18322);
#18322 = SURFACE_SIDE_STYLE('',(#18323));
#18323 = SURFACE_STYLE_FILL_AREA(#18324);
#18324 = FILL_AREA_STYLE('',(#18325));
#18325 = FILL_AREA_STYLE_COLOUR('',#18276);
#18326 = STYLED_ITEM('color',(#18327),#7768);
#18327 = PRESENTATION_STYLE_ASSIGNMENT((#18328));
#18328 = SURFACE_STYLE_USAGE(.BOTH.,#18329);
#18329 = SURFACE_SIDE_STYLE('',(#18330));
#18330 = SURFACE_STYLE_FILL_AREA(#18331);
#18331 = FILL_AREA_STYLE('',(#18332));
#18332 = FILL_AREA_STYLE_COLOUR('',#15348);
#18333 = STYLED_ITEM('color',(#18334),#7854);
#18334 = PRESENTATION_STYLE_ASSIGNMENT((#18335));
#18335 = SURFACE_STYLE_USAGE(.BOTH.,#18336);
#18336 = SURFACE_SIDE_STYLE('',(#18337));
#18337 = SURFACE_STYLE_FILL_AREA(#18338);
#18338 = FILL_AREA_STYLE('',(#18339));
#18339 = FILL_AREA_STYLE_COLOUR('',#15348);
#18340 = STYLED_ITEM('color',(#18341),#7885);
#18341 = PRESENTATION_STYLE_ASSIGNMENT((#18342));
#18342 = SURFACE_STYLE_USAGE(.BOTH.,#18343);
#18343 = SURFACE_SIDE_STYLE('',(#18344));
#18344 = SURFACE_STYLE_FILL_AREA(#18345);
#18345 = FILL_AREA_STYLE('',(#18346));
#18346 = FILL_AREA_STYLE_COLOUR('',#15348);
#18347 = STYLED_ITEM('color',(#18348),#7910);
#18348 = PRESENTATION_STYLE_ASSIGNMENT((#18349));
#18349 = SURFACE_STYLE_USAGE(.BOTH.,#18350);
#18350 = SURFACE_SIDE_STYLE('',(#18351));
#18351 = SURFACE_STYLE_FILL_AREA(#18352);
#18352 = FILL_AREA_STYLE('',(#18353));
#18353 = FILL_AREA_STYLE_COLOUR('',#15348);
#18354 = STYLED_ITEM('color',(#18355),#7935);
#18355 = PRESENTATION_STYLE_ASSIGNMENT((#18356));
#18356 = SURFACE_STYLE_USAGE(.BOTH.,#18357);
#18357 = SURFACE_SIDE_STYLE('',(#18358));
#18358 = SURFACE_STYLE_FILL_AREA(#18359);
#18359 = FILL_AREA_STYLE('',(#18360));
#18360 = FILL_AREA_STYLE_COLOUR('',#15348);
#18361 = STYLED_ITEM('color',(#18362),#7959);
#18362 = PRESENTATION_STYLE_ASSIGNMENT((#18363));
#18363 = SURFACE_STYLE_USAGE(.BOTH.,#18364);
#18364 = SURFACE_SIDE_STYLE('',(#18365));
#18365 = SURFACE_STYLE_FILL_AREA(#18366);
#18366 = FILL_AREA_STYLE('',(#18367));
#18367 = FILL_AREA_STYLE_COLOUR('',#15348);
#18368 = STYLED_ITEM('color',(#18369),#7983);
#18369 = PRESENTATION_STYLE_ASSIGNMENT((#18370));
#18370 = SURFACE_STYLE_USAGE(.BOTH.,#18371);
#18371 = SURFACE_SIDE_STYLE('',(#18372));
#18372 = SURFACE_STYLE_FILL_AREA(#18373);
#18373 = FILL_AREA_STYLE('',(#18374));
#18374 = FILL_AREA_STYLE_COLOUR('',#15348);
#18375 = STYLED_ITEM('color',(#18376),#8008);
#18376 = PRESENTATION_STYLE_ASSIGNMENT((#18377));
#18377 = SURFACE_STYLE_USAGE(.BOTH.,#18378);
#18378 = SURFACE_SIDE_STYLE('',(#18379));
#18379 = SURFACE_STYLE_FILL_AREA(#18380);
#18380 = FILL_AREA_STYLE('',(#18381));
#18381 = FILL_AREA_STYLE_COLOUR('',#15348);
#18382 = STYLED_ITEM('color',(#18383),#8033);
#18383 = PRESENTATION_STYLE_ASSIGNMENT((#18384));
#18384 = SURFACE_STYLE_USAGE(.BOTH.,#18385);
#18385 = SURFACE_SIDE_STYLE('',(#18386));
#18386 = SURFACE_STYLE_FILL_AREA(#18387);
#18387 = FILL_AREA_STYLE('',(#18388));
#18388 = FILL_AREA_STYLE_COLOUR('',#15348);
#18389 = STYLED_ITEM('color',(#18390),#8050);
#18390 = PRESENTATION_STYLE_ASSIGNMENT((#18391));
#18391 = SURFACE_STYLE_USAGE(.BOTH.,#18392);
#18392 = SURFACE_SIDE_STYLE('',(#18393));
#18393 = SURFACE_STYLE_FILL_AREA(#18394);
#18394 = FILL_AREA_STYLE('',(#18395));
#18395 = FILL_AREA_STYLE_COLOUR('',#15348);
ENDSEC;
END-ISO-10303-21;
